-- MySQL dump 10.13  Distrib 8.0.32, for Linux (x86_64)
--
-- Host: localhost    Database: backup_db
-- ------------------------------------------------------
-- Server version	8.0.32-0ubuntu0.20.04.2

/*!40101 SET @OLD_CHARACTER_SET_CLIENT=@@CHARACTER_SET_CLIENT */;
/*!40101 SET @OLD_CHARACTER_SET_RESULTS=@@CHARACTER_SET_RESULTS */;
/*!40101 SET @OLD_COLLATION_CONNECTION=@@COLLATION_CONNECTION */;
/*!50503 SET NAMES utf8mb4 */;
/*!40103 SET @OLD_TIME_ZONE=@@TIME_ZONE */;
/*!40103 SET TIME_ZONE='+00:00' */;
/*!40014 SET @OLD_UNIQUE_CHECKS=@@UNIQUE_CHECKS, UNIQUE_CHECKS=0 */;
/*!40014 SET @OLD_FOREIGN_KEY_CHECKS=@@FOREIGN_KEY_CHECKS, FOREIGN_KEY_CHECKS=0 */;
/*!40101 SET @OLD_SQL_MODE=@@SQL_MODE, SQL_MODE='NO_AUTO_VALUE_ON_ZERO' */;
/*!40111 SET @OLD_SQL_NOTES=@@SQL_NOTES, SQL_NOTES=0 */;

--
-- Table structure for table `admins`
--

DROP TABLE IF EXISTS `admins`;
/*!40101 SET @saved_cs_client     = @@character_set_client */;
/*!50503 SET character_set_client = utf8mb4 */;
CREATE TABLE `admins` (
  `id` bigint unsigned NOT NULL AUTO_INCREMENT,
  `avatar` varchar(255) CHARACTER SET utf8mb4 COLLATE utf8mb4_unicode_ci DEFAULT NULL,
  `first_name` varchar(255) CHARACTER SET utf8mb4 COLLATE utf8mb4_unicode_ci NOT NULL,
  `last_name` varchar(255) CHARACTER SET utf8mb4 COLLATE utf8mb4_unicode_ci NOT NULL,
  `email` varchar(255) CHARACTER SET utf8mb4 COLLATE utf8mb4_unicode_ci NOT NULL,
  `password` varchar(255) CHARACTER SET utf8mb4 COLLATE utf8mb4_unicode_ci NOT NULL,
  `created_at` timestamp NULL DEFAULT NULL,
  `updated_at` timestamp NULL DEFAULT NULL,
  PRIMARY KEY (`id`)
) ENGINE=InnoDB AUTO_INCREMENT=2 DEFAULT CHARSET=utf8mb4 COLLATE=utf8mb4_unicode_ci;
/*!40101 SET character_set_client = @saved_cs_client */;

--
-- Dumping data for table `admins`
--

LOCK TABLES `admins` WRITE;
/*!40000 ALTER TABLE `admins` DISABLE KEYS */;
INSERT INTO `admins` VALUES (1,NULL,'Pc Garage','Admin','admin','$2y$10$nksz9t/3kFKchAPmsSA6X.sF3aotpCdw4uxB.Hy84mofh2NRQh6Zy','2022-10-14 06:42:04','2022-10-14 06:42:04');
/*!40000 ALTER TABLE `admins` ENABLE KEYS */;
UNLOCK TABLES;

--
-- Table structure for table `carts`
--

DROP TABLE IF EXISTS `carts`;
/*!40101 SET @saved_cs_client     = @@character_set_client */;
/*!50503 SET character_set_client = utf8mb4 */;
CREATE TABLE `carts` (
  `id` bigint unsigned NOT NULL AUTO_INCREMENT,
  `client_id` int NOT NULL,
  `product_id` int NOT NULL,
  `quantity` int NOT NULL DEFAULT '1',
  `created_at` timestamp NULL DEFAULT NULL,
  `updated_at` timestamp NULL DEFAULT NULL,
  PRIMARY KEY (`id`)
) ENGINE=InnoDB AUTO_INCREMENT=31 DEFAULT CHARSET=utf8mb4 COLLATE=utf8mb4_unicode_ci;
/*!40101 SET character_set_client = @saved_cs_client */;

--
-- Dumping data for table `carts`
--

LOCK TABLES `carts` WRITE;
/*!40000 ALTER TABLE `carts` DISABLE KEYS */;
INSERT INTO `carts` VALUES (14,18,1009,1,'2022-11-21 09:56:06','2022-11-21 09:56:06'),(15,18,1008,1,'2022-11-21 09:58:04','2022-11-21 09:58:04'),(16,17,1009,1,'2022-11-21 10:01:40','2022-11-21 10:01:40'),(19,14,1008,1,'2022-12-08 00:21:35','2022-12-08 00:21:35'),(20,14,1007,1,'2022-12-08 00:21:37','2022-12-08 00:21:37'),(23,16,1008,5,'2022-12-08 10:10:57','2022-12-08 10:10:57'),(24,13,1008,1,'2023-02-06 11:33:11','2023-02-06 11:33:11'),(28,22,1009,1,'2023-02-27 10:02:54','2023-02-27 10:02:54'),(30,24,1008,1,'2023-02-28 11:33:33','2023-02-28 11:33:33');
/*!40000 ALTER TABLE `carts` ENABLE KEYS */;
UNLOCK TABLES;

--
-- Table structure for table `categories`
--

DROP TABLE IF EXISTS `categories`;
/*!40101 SET @saved_cs_client     = @@character_set_client */;
/*!50503 SET character_set_client = utf8mb4 */;
CREATE TABLE `categories` (
  `id` bigint unsigned NOT NULL AUTO_INCREMENT,
  `name` varchar(255) CHARACTER SET utf8mb4 COLLATE utf8mb4_unicode_ci NOT NULL,
  `icon` varchar(255) CHARACTER SET utf8mb4 COLLATE utf8mb4_unicode_ci DEFAULT NULL,
  `color` varchar(255) CHARACTER SET utf8mb4 COLLATE utf8mb4_unicode_ci DEFAULT NULL,
  `created_at` timestamp NULL DEFAULT NULL,
  `updated_at` timestamp NULL DEFAULT NULL,
  PRIMARY KEY (`id`),
  UNIQUE KEY `categories_name_unique` (`name`)
) ENGINE=InnoDB AUTO_INCREMENT=41 DEFAULT CHARSET=utf8mb4 COLLATE=utf8mb4_unicode_ci;
/*!40101 SET character_set_client = @saved_cs_client */;

--
-- Dumping data for table `categories`
--

LOCK TABLES `categories` WRITE;
/*!40000 ALTER TABLE `categories` DISABLE KEYS */;
INSERT INTO `categories` VALUES (1,'motherboard',NULL,NULL,'2022-10-14 06:42:05','2022-10-14 06:42:05'),(2,'cpu/processor',NULL,NULL,'2022-10-14 06:42:05','2022-10-14 06:42:05'),(3,'ram/memory',NULL,NULL,'2022-10-14 06:42:05','2022-10-14 06:42:05'),(4,'hard drive/storage',NULL,NULL,'2022-10-14 06:42:05','2022-10-14 06:42:05'),(5,'power supply',NULL,NULL,'2022-10-14 06:42:05','2022-10-14 06:42:05'),(6,'GPU/GRAPHICS CARD',NULL,NULL,'2022-10-14 06:42:05','2022-11-21 03:35:23'),(7,'Case',NULL,NULL,'2022-10-14 06:42:05','2022-11-21 03:20:49'),(8,'Monitor',NULL,NULL,'2022-10-14 06:42:05','2022-11-16 14:00:16'),(9,'Peripherals',NULL,NULL,'2022-10-14 06:42:05','2022-11-16 14:00:10'),(10,'DDR4',NULL,NULL,'2022-11-16 14:14:03','2022-11-21 03:27:57'),(11,'DDR3',NULL,NULL,'2022-11-16 14:16:57','2022-11-21 03:27:54'),(12,'400w - 550w',NULL,NULL,'2022-11-16 14:17:42','2022-11-21 03:27:50'),(13,'600 w - 650w',NULL,NULL,'2022-11-16 14:17:48','2022-11-21 03:27:46'),(14,'LoDimm DDR5',NULL,NULL,'2022-11-16 14:31:42','2022-11-21 03:27:42'),(15,'SoDimm',NULL,NULL,'2022-11-16 14:31:56','2022-11-21 03:27:32'),(16,'Nvidia',NULL,NULL,'2022-11-16 14:32:26','2022-11-21 03:27:28'),(17,'Radeon',NULL,NULL,'2022-11-16 14:32:35','2022-11-21 03:27:22'),(18,'700w and Above',NULL,NULL,'2022-11-16 14:33:45','2022-11-21 03:27:17'),(19,'Mini Tower',NULL,NULL,'2022-11-16 14:35:56','2022-11-21 03:27:06'),(20,'Cube Style',NULL,NULL,'2022-11-16 14:36:02','2022-11-21 03:27:12'),(21,'Mid Tower',NULL,NULL,'2022-11-16 14:36:07','2022-11-21 03:27:00'),(22,'Full Tower',NULL,NULL,'2022-11-16 14:36:11','2022-11-21 03:25:57'),(23,'Internal',NULL,NULL,'2022-11-16 14:41:34','2022-11-21 03:26:52'),(24,'External Portable',NULL,NULL,'2022-11-16 14:41:43','2022-11-21 03:26:48'),(25,'Solid State Drive',NULL,NULL,'2022-11-16 14:41:47','2022-11-21 03:25:26'),(26,'SSD M.2',NULL,NULL,'2022-11-16 14:41:51','2022-11-21 03:25:20'),(27,'Lan Card',NULL,NULL,'2022-11-16 14:41:57','2022-11-21 03:25:15'),(28,'Optical Drive',NULL,NULL,'2022-11-16 14:42:00','2022-11-21 03:24:20'),(29,'Network Devices',NULL,NULL,'2022-11-16 14:42:04','2022-11-21 03:24:15'),(30,'Sound Card',NULL,NULL,'2022-11-16 14:42:07','2022-11-21 03:24:08'),(31,'AMD',NULL,NULL,'2022-11-16 14:42:11','2022-11-21 03:24:01'),(32,'Intel',NULL,NULL,'2022-11-16 14:42:14','2022-11-21 03:23:53'),(33,'CPU Onboard',NULL,NULL,'2022-11-16 14:42:53','2022-11-21 03:26:40'),(34,'LGA 1151',NULL,NULL,'2022-11-16 14:42:56','2022-11-21 03:23:02'),(35,'LGA 1200',NULL,NULL,'2022-11-16 14:43:00','2022-11-21 03:22:55'),(36,'LGA 1700',NULL,NULL,'2022-11-16 14:43:05','2022-11-21 03:22:50'),(37,'LGA 2066',NULL,NULL,'2022-11-16 14:43:10','2022-11-21 03:22:44'),(38,'Socket AM4',NULL,NULL,'2022-11-16 14:43:14','2022-11-21 03:22:39'),(39,'Socket TR4',NULL,NULL,'2022-11-16 14:43:18','2022-11-21 03:22:36'),(40,'Desktop Set',NULL,NULL,'2022-11-21 03:50:13','2022-11-21 03:50:13');
/*!40000 ALTER TABLE `categories` ENABLE KEYS */;
UNLOCK TABLES;

--
-- Table structure for table `category_product`
--

DROP TABLE IF EXISTS `category_product`;
/*!40101 SET @saved_cs_client     = @@character_set_client */;
/*!50503 SET character_set_client = utf8mb4 */;
CREATE TABLE `category_product` (
  `id` bigint unsigned NOT NULL AUTO_INCREMENT,
  `category_id` bigint unsigned DEFAULT NULL,
  `product_id` bigint unsigned NOT NULL,
  `created_at` timestamp NULL DEFAULT NULL,
  `updated_at` timestamp NULL DEFAULT NULL,
  PRIMARY KEY (`id`),
  KEY `category_product_category_id_foreign` (`category_id`),
  KEY `category_product_product_id_foreign` (`product_id`),
  CONSTRAINT `category_product_category_id_foreign` FOREIGN KEY (`category_id`) REFERENCES `categories` (`id`) ON DELETE SET NULL,
  CONSTRAINT `category_product_product_id_foreign` FOREIGN KEY (`product_id`) REFERENCES `products` (`id`) ON DELETE CASCADE
) ENGINE=InnoDB AUTO_INCREMENT=1445 DEFAULT CHARSET=utf8mb4 COLLATE=utf8mb4_unicode_ci;
/*!40101 SET character_set_client = @saved_cs_client */;

--
-- Dumping data for table `category_product`
--

LOCK TABLES `category_product` WRITE;
/*!40000 ALTER TABLE `category_product` DISABLE KEYS */;
INSERT INTO `category_product` VALUES (145,20,145,NULL,NULL),(150,20,150,NULL,NULL),(151,20,151,NULL,NULL),(152,20,152,NULL,NULL),(153,20,153,NULL,NULL),(154,20,154,NULL,NULL),(155,22,155,NULL,NULL),(156,22,156,NULL,NULL),(157,22,157,NULL,NULL),(158,22,158,NULL,NULL),(162,22,162,NULL,NULL),(165,21,165,NULL,NULL),(166,21,166,NULL,NULL),(167,21,167,NULL,NULL),(168,21,168,NULL,NULL),(169,21,169,NULL,NULL),(170,21,170,NULL,NULL),(178,21,178,NULL,NULL),(180,21,180,NULL,NULL),(182,21,182,NULL,NULL),(194,21,194,NULL,NULL),(231,21,231,NULL,NULL),(307,21,306,NULL,NULL),(458,21,456,NULL,NULL),(461,21,459,NULL,NULL),(464,21,462,NULL,NULL),(762,21,760,NULL,NULL),(962,21,961,NULL,NULL),(963,21,962,NULL,NULL),(964,21,963,NULL,NULL),(965,21,964,NULL,NULL),(997,1,507,NULL,NULL),(998,1,508,NULL,NULL),(999,5,989,NULL,NULL),(1000,5,988,NULL,NULL),(1001,5,987,NULL,NULL),(1002,5,984,NULL,NULL),(1003,3,977,NULL,NULL),(1004,5,981,NULL,NULL),(1005,5,978,NULL,NULL),(1006,3,986,NULL,NULL),(1007,3,985,NULL,NULL),(1008,3,983,NULL,NULL),(1009,3,982,NULL,NULL),(1010,3,980,NULL,NULL),(1011,3,54,NULL,NULL),(1012,3,979,NULL,NULL),(1013,3,55,NULL,NULL),(1014,3,57,NULL,NULL),(1015,3,976,NULL,NULL),(1016,3,975,NULL,NULL),(1017,5,59,NULL,NULL),(1018,3,60,NULL,NULL),(1019,3,974,NULL,NULL),(1020,5,266,NULL,NULL),(1021,5,262,NULL,NULL),(1022,7,145,NULL,NULL),(1023,5,260,NULL,NULL),(1024,5,203,NULL,NULL),(1025,7,148,NULL,NULL),(1026,5,199,NULL,NULL),(1027,5,190,NULL,NULL),(1028,5,188,NULL,NULL),(1029,5,183,NULL,NULL),(1030,5,177,NULL,NULL),(1031,5,159,NULL,NULL),(1032,3,140,NULL,NULL),(1033,5,147,NULL,NULL),(1034,3,134,NULL,NULL),(1035,3,130,NULL,NULL),(1036,5,149,NULL,NULL),(1037,3,126,NULL,NULL),(1038,5,144,NULL,NULL),(1039,5,81,NULL,NULL),(1040,3,123,NULL,NULL),(1041,3,120,NULL,NULL),(1042,5,84,NULL,NULL),(1043,5,117,NULL,NULL),(1044,3,116,NULL,NULL),(1045,5,114,NULL,NULL),(1046,3,111,NULL,NULL),(1047,5,85,NULL,NULL),(1048,3,100,NULL,NULL),(1049,20,164,NULL,NULL),(1050,1,973,NULL,NULL),(1051,2,767,NULL,NULL),(1052,2,765,NULL,NULL),(1053,7,763,NULL,NULL),(1054,6,959,NULL,NULL),(1055,6,950,NULL,NULL),(1056,6,949,NULL,NULL),(1057,6,948,NULL,NULL),(1058,6,946,NULL,NULL),(1059,6,945,NULL,NULL),(1060,1,972,NULL,NULL),(1061,6,944,NULL,NULL),(1062,1,971,NULL,NULL),(1063,6,942,NULL,NULL),(1064,6,940,NULL,NULL),(1065,6,937,NULL,NULL),(1066,6,936,NULL,NULL),(1067,6,935,NULL,NULL),(1068,6,934,NULL,NULL),(1069,6,933,NULL,NULL),(1070,6,932,NULL,NULL),(1071,6,931,NULL,NULL),(1072,1,751,NULL,NULL),(1073,6,930,NULL,NULL),(1074,1,740,NULL,NULL),(1075,1,737,NULL,NULL),(1076,1,735,NULL,NULL),(1077,1,733,NULL,NULL),(1078,6,929,NULL,NULL),(1079,1,730,NULL,NULL),(1080,6,928,NULL,NULL),(1081,1,727,NULL,NULL),(1082,6,925,NULL,NULL),(1083,6,922,NULL,NULL),(1084,1,725,NULL,NULL),(1085,6,920,NULL,NULL),(1086,1,723,NULL,NULL),(1087,6,919,NULL,NULL),(1088,20,210,NULL,NULL),(1089,1,720,NULL,NULL),(1090,6,918,NULL,NULL),(1091,1,700,NULL,NULL),(1092,6,917,NULL,NULL),(1093,1,698,NULL,NULL),(1094,6,916,NULL,NULL),(1095,6,913,NULL,NULL),(1096,1,679,NULL,NULL),(1097,6,912,NULL,NULL),(1098,1,674,NULL,NULL),(1099,6,908,NULL,NULL),(1100,1,669,NULL,NULL),(1101,6,904,NULL,NULL),(1102,6,891,NULL,NULL),(1103,1,659,NULL,NULL),(1104,1,658,NULL,NULL),(1105,1,650,NULL,NULL),(1106,1,648,NULL,NULL),(1107,6,890,NULL,NULL),(1108,1,645,NULL,NULL),(1109,6,883,NULL,NULL),(1110,1,642,NULL,NULL),(1111,6,880,NULL,NULL),(1112,1,639,NULL,NULL),(1113,6,874,NULL,NULL),(1114,6,872,NULL,NULL),(1115,1,637,NULL,NULL),(1116,1,635,NULL,NULL),(1117,6,871,NULL,NULL),(1118,1,629,NULL,NULL),(1119,6,858,NULL,NULL),(1120,1,627,NULL,NULL),(1121,6,857,NULL,NULL),(1122,1,624,NULL,NULL),(1123,6,855,NULL,NULL),(1124,6,854,NULL,NULL),(1125,6,851,NULL,NULL),(1126,1,620,NULL,NULL),(1127,4,966,NULL,NULL),(1128,1,619,NULL,NULL),(1129,1,616,NULL,NULL),(1130,1,584,NULL,NULL),(1131,1,581,NULL,NULL),(1132,1,578,NULL,NULL),(1133,1,571,NULL,NULL),(1134,1,566,NULL,NULL),(1135,1,563,NULL,NULL),(1136,1,558,NULL,NULL),(1137,1,557,NULL,NULL),(1138,20,969,NULL,NULL),(1139,1,553,NULL,NULL),(1140,20,968,NULL,NULL),(1141,1,552,NULL,NULL),(1142,20,967,NULL,NULL),(1143,1,551,NULL,NULL),(1144,1,547,NULL,NULL),(1145,1,543,NULL,NULL),(1146,1,531,NULL,NULL),(1147,1,523,NULL,NULL),(1148,1,521,NULL,NULL),(1149,1,520,NULL,NULL),(1150,4,965,NULL,NULL),(1151,1,519,NULL,NULL),(1152,1,518,NULL,NULL),(1153,1,517,NULL,NULL),(1154,22,960,NULL,NULL),(1155,1,516,NULL,NULL),(1156,1,515,NULL,NULL),(1157,1,514,NULL,NULL),(1158,1,513,NULL,NULL),(1159,1,511,NULL,NULL),(1160,1,510,NULL,NULL),(1161,1,505,NULL,NULL),(1162,1,502,NULL,NULL),(1163,1,500,NULL,NULL),(1164,1,499,NULL,NULL),(1165,1,497,NULL,NULL),(1168,4,449,NULL,NULL),(1170,4,448,NULL,NULL),(1171,4,447,NULL,NULL),(1172,4,446,NULL,NULL),(1173,4,445,NULL,NULL),(1174,4,431,NULL,NULL),(1175,4,429,NULL,NULL),(1176,4,428,NULL,NULL),(1177,9,290,NULL,NULL),(1178,9,289,NULL,NULL),(1179,4,427,NULL,NULL),(1180,9,287,NULL,NULL),(1181,4,425,NULL,NULL),(1182,9,286,NULL,NULL),(1183,4,397,NULL,NULL),(1184,9,284,NULL,NULL),(1185,4,363,NULL,NULL),(1186,4,361,NULL,NULL),(1187,4,354,NULL,NULL),(1188,4,352,NULL,NULL),(1189,4,349,NULL,NULL),(1190,4,346,NULL,NULL),(1191,1,496,NULL,NULL),(1192,4,345,NULL,NULL),(1193,1,494,NULL,NULL),(1194,4,342,NULL,NULL),(1195,1,493,NULL,NULL),(1196,4,341,NULL,NULL),(1197,1,492,NULL,NULL),(1198,4,340,NULL,NULL),(1199,1,490,NULL,NULL),(1200,4,338,NULL,NULL),(1201,1,488,NULL,NULL),(1202,4,333,NULL,NULL),(1203,4,332,NULL,NULL),(1204,4,331,NULL,NULL),(1205,4,330,NULL,NULL),(1206,4,329,NULL,NULL),(1207,4,327,NULL,NULL),(1208,4,307,NULL,NULL),(1209,4,305,NULL,NULL),(1210,4,303,NULL,NULL),(1211,4,302,NULL,NULL),(1212,4,301,NULL,NULL),(1213,4,300,NULL,NULL),(1214,4,299,NULL,NULL),(1215,4,298,NULL,NULL),(1216,4,297,NULL,NULL),(1217,4,296,NULL,NULL),(1218,4,295,NULL,NULL),(1219,4,294,NULL,NULL),(1220,4,293,NULL,NULL),(1221,4,292,NULL,NULL),(1227,2,828,NULL,NULL),(1228,2,827,NULL,NULL),(1229,2,826,NULL,NULL),(1230,2,821,NULL,NULL),(1231,2,759,NULL,NULL),(1232,2,761,NULL,NULL),(1233,2,762,NULL,NULL),(1234,2,764,NULL,NULL),(1235,2,782,NULL,NULL),(1236,2,780,NULL,NULL),(1237,7,969,NULL,NULL),(1238,2,778,NULL,NULL),(1239,2,777,NULL,NULL),(1240,7,968,NULL,NULL),(1241,2,776,NULL,NULL),(1242,2,774,NULL,NULL),(1243,2,773,NULL,NULL),(1244,2,771,NULL,NULL),(1245,2,770,NULL,NULL),(1246,2,768,NULL,NULL),(1247,2,816,NULL,NULL),(1248,2,815,NULL,NULL),(1249,2,807,NULL,NULL),(1250,2,802,NULL,NULL),(1251,2,800,NULL,NULL),(1252,2,797,NULL,NULL),(1253,2,796,NULL,NULL),(1254,2,794,NULL,NULL),(1255,2,791,NULL,NULL),(1256,2,788,NULL,NULL),(1257,2,787,NULL,NULL),(1258,2,786,NULL,NULL),(1259,2,785,NULL,NULL),(1260,2,784,NULL,NULL),(1261,2,783,NULL,NULL),(1262,7,967,NULL,NULL),(1263,7,964,NULL,NULL),(1264,7,963,NULL,NULL),(1265,7,962,NULL,NULL),(1266,7,961,NULL,NULL),(1267,7,960,NULL,NULL),(1268,17,950,NULL,NULL),(1269,17,949,NULL,NULL),(1270,7,760,NULL,NULL),(1271,17,948,NULL,NULL),(1272,32,828,NULL,NULL),(1273,32,827,NULL,NULL),(1274,7,306,NULL,NULL),(1275,36,828,NULL,NULL),(1276,32,826,NULL,NULL),(1277,32,821,NULL,NULL),(1278,7,231,NULL,NULL),(1279,32,816,NULL,NULL),(1280,32,815,NULL,NULL),(1281,7,210,NULL,NULL),(1282,7,194,NULL,NULL),(1283,7,182,NULL,NULL),(1284,7,180,NULL,NULL),(1285,7,178,NULL,NULL),(1286,7,170,NULL,NULL),(1288,7,169,NULL,NULL),(1289,7,168,NULL,NULL),(1290,7,167,NULL,NULL),(1291,7,166,NULL,NULL),(1292,7,165,NULL,NULL),(1293,32,807,NULL,NULL),(1294,32,802,NULL,NULL),(1295,7,164,NULL,NULL),(1296,7,162,NULL,NULL),(1297,7,158,NULL,NULL),(1298,7,157,NULL,NULL),(1299,7,156,NULL,NULL),(1300,7,155,NULL,NULL),(1301,7,154,NULL,NULL),(1302,7,153,NULL,NULL),(1303,7,152,NULL,NULL),(1304,7,151,NULL,NULL),(1305,7,150,NULL,NULL),(1306,7,462,NULL,NULL),(1307,7,459,NULL,NULL),(1308,7,456,NULL,NULL),(1309,40,999,NULL,NULL),(1310,40,1000,NULL,NULL),(1312,12,989,NULL,NULL),(1313,12,59,NULL,NULL),(1314,12,978,NULL,NULL),(1315,12,981,NULL,NULL),(1316,12,984,NULL,NULL),(1317,12,987,NULL,NULL),(1318,12,988,NULL,NULL),(1319,13,81,NULL,NULL),(1320,8,1002,NULL,NULL),(1321,12,84,NULL,NULL),(1322,13,85,NULL,NULL),(1323,13,114,NULL,NULL),(1324,13,117,NULL,NULL),(1325,8,1003,NULL,NULL),(1326,13,144,NULL,NULL),(1327,13,147,NULL,NULL),(1328,12,149,NULL,NULL),(1329,13,159,NULL,NULL),(1330,12,177,NULL,NULL),(1331,8,1004,NULL,NULL),(1332,18,183,NULL,NULL),(1333,18,188,NULL,NULL),(1334,18,190,NULL,NULL),(1335,18,199,NULL,NULL),(1336,8,1005,NULL,NULL),(1337,18,203,NULL,NULL),(1338,8,1006,NULL,NULL),(1339,18,260,NULL,NULL),(1340,18,262,NULL,NULL),(1341,18,266,NULL,NULL),(1342,35,488,NULL,NULL),(1343,35,490,NULL,NULL),(1344,35,492,NULL,NULL),(1345,35,493,NULL,NULL),(1346,8,1007,NULL,NULL),(1347,35,494,NULL,NULL),(1348,35,496,NULL,NULL),(1349,35,497,NULL,NULL),(1350,35,499,NULL,NULL),(1351,35,500,NULL,NULL),(1352,8,1008,NULL,NULL),(1353,35,502,NULL,NULL),(1354,35,505,NULL,NULL),(1355,35,507,NULL,NULL),(1356,35,508,NULL,NULL),(1357,35,510,NULL,NULL),(1358,35,511,NULL,NULL),(1359,35,513,NULL,NULL),(1360,35,514,NULL,NULL),(1361,35,515,NULL,NULL),(1362,35,516,NULL,NULL),(1363,35,517,NULL,NULL),(1364,35,518,NULL,NULL),(1365,35,519,NULL,NULL),(1366,35,520,NULL,NULL),(1367,35,521,NULL,NULL),(1368,36,523,NULL,NULL),(1369,36,971,NULL,NULL),(1370,36,531,NULL,NULL),(1371,36,972,NULL,NULL),(1372,36,543,NULL,NULL),(1373,36,547,NULL,NULL),(1374,36,551,NULL,NULL),(1375,36,973,NULL,NULL),(1376,36,552,NULL,NULL),(1377,36,553,NULL,NULL),(1378,36,557,NULL,NULL),(1379,36,558,NULL,NULL),(1380,36,563,NULL,NULL),(1381,36,566,NULL,NULL),(1382,36,571,NULL,NULL),(1383,36,578,NULL,NULL),(1384,36,581,NULL,NULL),(1385,36,584,NULL,NULL),(1387,38,616,NULL,NULL),(1388,38,619,NULL,NULL),(1389,38,620,NULL,NULL),(1390,38,624,NULL,NULL),(1391,38,627,NULL,NULL),(1392,38,629,NULL,NULL),(1393,38,635,NULL,NULL),(1394,38,637,NULL,NULL),(1395,38,639,NULL,NULL),(1396,38,642,NULL,NULL),(1397,38,645,NULL,NULL),(1398,38,648,NULL,NULL),(1399,38,650,NULL,NULL),(1400,38,658,NULL,NULL),(1401,38,659,NULL,NULL),(1402,38,669,NULL,NULL),(1403,38,674,NULL,NULL),(1404,38,679,NULL,NULL),(1405,38,698,NULL,NULL),(1406,38,700,NULL,NULL),(1407,38,720,NULL,NULL),(1408,38,733,NULL,NULL),(1409,38,723,NULL,NULL),(1410,38,725,NULL,NULL),(1411,38,727,NULL,NULL),(1412,38,730,NULL,NULL),(1413,38,735,NULL,NULL),(1414,38,737,NULL,NULL),(1415,38,740,NULL,NULL),(1416,38,751,NULL,NULL),(1417,31,759,NULL,NULL),(1418,31,761,NULL,NULL),(1419,31,762,NULL,NULL),(1420,31,764,NULL,NULL),(1421,31,765,NULL,NULL),(1422,31,773,NULL,NULL),(1423,31,771,NULL,NULL),(1424,31,770,NULL,NULL),(1425,31,768,NULL,NULL),(1426,31,767,NULL,NULL),(1427,31,782,NULL,NULL),(1428,31,780,NULL,NULL),(1429,31,778,NULL,NULL),(1430,31,777,NULL,NULL),(1431,31,776,NULL,NULL),(1432,31,774,NULL,NULL),(1433,32,800,NULL,NULL),(1434,32,797,NULL,NULL),(1435,32,796,NULL,NULL),(1436,32,794,NULL,NULL),(1437,32,791,NULL,NULL),(1438,32,788,NULL,NULL),(1439,31,787,NULL,NULL),(1440,31,786,NULL,NULL),(1441,31,785,NULL,NULL),(1442,31,784,NULL,NULL),(1443,31,783,NULL,NULL),(1444,1,1009,NULL,NULL);
/*!40000 ALTER TABLE `category_product` ENABLE KEYS */;
UNLOCK TABLES;

--
-- Table structure for table `customers`
--

DROP TABLE IF EXISTS `customers`;
/*!40101 SET @saved_cs_client     = @@character_set_client */;
/*!50503 SET character_set_client = utf8mb4 */;
CREATE TABLE `customers` (
  `id` bigint unsigned NOT NULL AUTO_INCREMENT,
  `first_name` varchar(255) CHARACTER SET utf8mb4 COLLATE utf8mb4_unicode_ci NOT NULL,
  `last_name` varchar(255) CHARACTER SET utf8mb4 COLLATE utf8mb4_unicode_ci NOT NULL,
  `gender` varchar(255) CHARACTER SET utf8mb4 COLLATE utf8mb4_unicode_ci NOT NULL,
  `birthday` varchar(255) CHARACTER SET utf8mb4 COLLATE utf8mb4_unicode_ci NOT NULL,
  `address` varchar(255) CHARACTER SET utf8mb4 COLLATE utf8mb4_unicode_ci NOT NULL,
  `phone` varchar(255) CHARACTER SET utf8mb4 COLLATE utf8mb4_unicode_ci NOT NULL,
  `email` varchar(255) CHARACTER SET utf8mb4 COLLATE utf8mb4_unicode_ci NOT NULL,
  `password` varchar(255) CHARACTER SET utf8mb4 COLLATE utf8mb4_unicode_ci NOT NULL,
  `status` tinyint(1) NOT NULL DEFAULT '1',
  `created_at` timestamp NULL DEFAULT NULL,
  `updated_at` timestamp NULL DEFAULT NULL,
  PRIMARY KEY (`id`)
) ENGINE=InnoDB AUTO_INCREMENT=25 DEFAULT CHARSET=utf8mb4 COLLATE=utf8mb4_unicode_ci;
/*!40101 SET character_set_client = @saved_cs_client */;

--
-- Dumping data for table `customers`
--

LOCK TABLES `customers` WRITE;
/*!40000 ALTER TABLE `customers` DISABLE KEYS */;
INSERT INTO `customers` VALUES (4,'Janl0','tR1Da','Female','2000-02-10','Calbayog City','09265668234','v7mbG@gmail.com','$2y$10$uPQYNNOrxalmk1eCKxrY5OjAumRfqJECfuX0BSKNfhMjPYldFh5V2',1,'2022-10-14 00:00:00','2022-10-14 00:00:00'),(5,'4Ot6V','OBJnR','Female','2000-02-10','Calbayog City','09953492606','DdtIr@gmail.com','$2y$10$4K.5w1tFTVhWiHdVypF5eOYp0Tfkbd2DUINUIwn5aUKfBIb4rCQrW',1,'2022-10-14 00:00:00','2022-10-14 00:00:00'),(6,'PVRqb','VjmFd','Male','2000-02-10','Calbayog City','09862452434','Xmu6D@gmail.com','$2y$10$Vj0/bOs5oGApAAlN9xR5K.96oZ861aOeTTLgbESqh8e0iAVwclbKy',1,'2022-10-14 00:00:00','2022-10-14 00:00:00'),(8,'yiYaj','ANM0A','Female','2000-02-10','Calbayog City','09470951832','eKOdn@gmail.com','$2y$10$.8UkHTnX1HzSthF.ErZFPeIXPTxkngdhaihV/WCD6czemRlHOC36G',1,'2022-10-14 00:00:00','2022-10-14 00:00:00'),(9,'l62sL','vaM6I','Female','2000-02-10','Calbayog City','09536884521','l0gCi@gmail.com','$2y$10$cDmKS.K4nAO8zdN5/VjrYOTIqT31DBCXIBjKEV0uUJtm7sxUjmwZO',1,'2022-10-14 00:00:00','2022-10-14 00:00:00'),(10,'bArxK','k4PyL','Female','2000-02-10','Calbayog City','09728211162','7TMZ7@gmail.com','$2y$10$lgp3KdgtI.W.tPEEBY6JqOAMMohGOg5aBhstJ/3KkJ9fgYQq5xmwW',1,'2022-10-14 00:00:00','2022-10-14 00:00:00'),(11,'wchAI','eorRJ','Male','2000-02-10','Calbayog City','0986859972','Mswjh@gmail.com','$2y$10$lNcdcpXNuDJ0cbkZmQHynO7yb0AuNnSUEsoowAWQ0LQT055Cwvsom',1,'2022-10-14 00:00:00','2022-10-14 00:00:00'),(12,'l39qT','yT9fB','Female','2000-02-10','Calbayog City','09210582260','td3MR@gmail.com','$2y$10$1JzKcGpVxZkhnC6jysMO9uqPqQPnH7VHr2.BZrDqne3vzp/hI.hpm',1,'2022-10-14 00:00:00','2022-10-14 00:00:00'),(13,'Berna','Sy','Male','2000-02-11','Allen Samar','0982727262','berna@gmail.com','$2y$10$aeHvtvl0eWvYMMFkVc1T3OI1UxMGO.YMNTufTIn8LM7VuMDw.CP2y',1,'2022-10-15 09:54:03','2022-12-04 22:09:17'),(14,'Bryan','Umadhay','Male','2022-02-08','Pavia','09930020321','bryanumadhay@gmail.com','$2y$10$AOpSY4tkmez2Y.bhtthD3OBtbdadFIHidDeZKhk8XcpNWI4ewR2o6',1,'2022-11-20 13:13:05','2022-11-20 13:13:05'),(15,'Joshua','Ong','Male','1999-10-17','Sa balay','12345','joshuaong@cpu.edu.ph','$2y$10$6S/z0uuID37XOJvhWou81em070hISEW2rSbG46/wpSfP1KX/r09tS',1,'2022-11-20 15:50:21','2022-11-20 15:50:21'),(16,'Junamy','Pedregosa','Male','1997-05-20','Pavia','09953731069','hazimsiv@gmail.com','$2y$10$bJFcUGdnvFlZdhJNsMS3BuD/nUimQdCcnIP5k..X05adEAyugIyUW',1,'2022-11-20 18:04:25','2022-11-20 18:04:25'),(17,'Rod','E','Male','1988-03-01','Jaro','123','rod@rod.com','$2y$10$iXMA1zGdAyH9eKJ9vLWkvOv0d/C9folbUvvMrV8B/hJNQWLwrdpPG',1,'2022-11-21 09:23:18','2022-11-21 09:23:18'),(18,'Justin','Cunanan','Male','2022-11-08','Pavia','09706465775','justincunanan@yahoo.com','$2y$10$xpUBQi5z3QKfUkI6itZquOejcJK9Fh9cb8IUtve2my0n2B56pki.i',1,'2022-11-21 09:31:39','2022-11-21 09:31:39'),(19,'JAP','2125','Male','1985-08-12','KL','0149227095','Japedregosa2125@gmail.com','$2y$10$j8DlGGTgN2ZlpN.CT/W7dOGjSU4oVG7n0yWqGKtLiLY5s5AR6f2R.',1,'2022-12-17 09:01:55','2022-12-17 09:01:55'),(20,'MyFirst Name','MyLast Name','Female','2000-02-10','Calbayog City','+639776994752','markleouie10@gmail.com','$2y$10$gaIER//2XbKJInEk7O9HIeljmTtDN2eCdKb2f9oN9kcAczfWbXwEG',1,'2022-12-21 09:22:20','2022-12-21 09:22:20'),(21,'Oliver','Cervantes','Male','2022-12','Velit ea explicabo','+1 (629) 141-9095','tevip@mailinator.com','$2y$10$MKPewPg424F1/iE/ddo/UufrqrAL.N.dFTDOQLtchG.mWPif/bmEm',1,'2022-12-27 17:48:16','2022-12-27 17:48:17'),(22,'Jack','Colin','Male','2023-02-27','Veniam ipsum pariat','+1 (249) 125-9707','jydog@mailinator.com','$2y$10$xUqn4ogO1LilIizdw3pybuLnUT4TrbgN.HhHOCdUO8S7PZF2iFx46',1,'2023-02-27 10:00:41','2023-02-27 10:00:41'),(23,'Nicole Benedict','Lim','Male','1995-09-03','QUIRINO AVENUE','12345','lim.nicolebenedict3@gmail.com','$2y$10$W5vcesx0oogBn.bWVzcY5.QeMfCPJZ9EIYAL0s/IGx/7dAI/OzlQe',1,'2023-02-27 20:47:29','2023-02-27 20:47:29'),(24,'kwe','we','Male','2023-02-07','shjdjkhasjkdh','82828282','tae@gmail.com','$2y$10$rYzxCTpPc/AuFRjTv5MEz.51tvNW1cXfCIUOLqH6Ydgs49BAeA9iG',1,'2023-02-28 11:26:21','2023-02-28 11:36:45');
/*!40000 ALTER TABLE `customers` ENABLE KEYS */;
UNLOCK TABLES;

--
-- Table structure for table `dummy_products`
--

DROP TABLE IF EXISTS `dummy_products`;
/*!40101 SET @saved_cs_client     = @@character_set_client */;
/*!50503 SET character_set_client = utf8mb4 */;
CREATE TABLE `dummy_products` (
  `id` bigint unsigned NOT NULL AUTO_INCREMENT,
  `name` varchar(255) CHARACTER SET utf8mb4 COLLATE utf8mb4_unicode_ci NOT NULL,
  `description` varchar(255) CHARACTER SET utf8mb4 COLLATE utf8mb4_unicode_ci DEFAULT NULL,
  `created_at` timestamp NULL DEFAULT NULL,
  `updated_at` timestamp NULL DEFAULT NULL,
  PRIMARY KEY (`id`)
) ENGINE=InnoDB DEFAULT CHARSET=utf8mb4 COLLATE=utf8mb4_unicode_ci;
/*!40101 SET character_set_client = @saved_cs_client */;

--
-- Dumping data for table `dummy_products`
--

LOCK TABLES `dummy_products` WRITE;
/*!40000 ALTER TABLE `dummy_products` DISABLE KEYS */;
/*!40000 ALTER TABLE `dummy_products` ENABLE KEYS */;
UNLOCK TABLES;

--
-- Table structure for table `failed_jobs`
--

DROP TABLE IF EXISTS `failed_jobs`;
/*!40101 SET @saved_cs_client     = @@character_set_client */;
/*!50503 SET character_set_client = utf8mb4 */;
CREATE TABLE `failed_jobs` (
  `id` bigint unsigned NOT NULL AUTO_INCREMENT,
  `uuid` varchar(255) CHARACTER SET utf8mb4 COLLATE utf8mb4_unicode_ci NOT NULL,
  `connection` text CHARACTER SET utf8mb4 COLLATE utf8mb4_unicode_ci NOT NULL,
  `queue` text CHARACTER SET utf8mb4 COLLATE utf8mb4_unicode_ci NOT NULL,
  `payload` longtext CHARACTER SET utf8mb4 COLLATE utf8mb4_unicode_ci NOT NULL,
  `exception` longtext CHARACTER SET utf8mb4 COLLATE utf8mb4_unicode_ci NOT NULL,
  `failed_at` timestamp NOT NULL DEFAULT CURRENT_TIMESTAMP,
  PRIMARY KEY (`id`),
  UNIQUE KEY `failed_jobs_uuid_unique` (`uuid`)
) ENGINE=InnoDB DEFAULT CHARSET=utf8mb4 COLLATE=utf8mb4_unicode_ci;
/*!40101 SET character_set_client = @saved_cs_client */;

--
-- Dumping data for table `failed_jobs`
--

LOCK TABLES `failed_jobs` WRITE;
/*!40000 ALTER TABLE `failed_jobs` DISABLE KEYS */;
/*!40000 ALTER TABLE `failed_jobs` ENABLE KEYS */;
UNLOCK TABLES;

--
-- Table structure for table `feedback`
--

DROP TABLE IF EXISTS `feedback`;
/*!40101 SET @saved_cs_client     = @@character_set_client */;
/*!50503 SET character_set_client = utf8mb4 */;
CREATE TABLE `feedback` (
  `id` bigint unsigned NOT NULL AUTO_INCREMENT,
  `product_id` bigint unsigned NOT NULL,
  `customer_id` bigint unsigned NOT NULL,
  `order_id` int NOT NULL,
  `rating` int DEFAULT NULL,
  `text` longtext CHARACTER SET utf8mb4 COLLATE utf8mb4_unicode_ci,
  `created_at` timestamp NULL DEFAULT NULL,
  `updated_at` timestamp NULL DEFAULT NULL,
  PRIMARY KEY (`id`),
  KEY `feedback_product_id_foreign` (`product_id`),
  KEY `feedback_customer_id_foreign` (`customer_id`),
  CONSTRAINT `feedback_customer_id_foreign` FOREIGN KEY (`customer_id`) REFERENCES `customers` (`id`),
  CONSTRAINT `feedback_product_id_foreign` FOREIGN KEY (`product_id`) REFERENCES `products` (`id`)
) ENGINE=InnoDB DEFAULT CHARSET=utf8mb4 COLLATE=utf8mb4_unicode_ci;
/*!40101 SET character_set_client = @saved_cs_client */;

--
-- Dumping data for table `feedback`
--

LOCK TABLES `feedback` WRITE;
/*!40000 ALTER TABLE `feedback` DISABLE KEYS */;
/*!40000 ALTER TABLE `feedback` ENABLE KEYS */;
UNLOCK TABLES;

--
-- Table structure for table `images`
--

DROP TABLE IF EXISTS `images`;
/*!40101 SET @saved_cs_client     = @@character_set_client */;
/*!50503 SET character_set_client = utf8mb4 */;
CREATE TABLE `images` (
  `id` bigint unsigned NOT NULL AUTO_INCREMENT,
  `imagable_id` int unsigned NOT NULL,
  `imagable_type` varchar(255) CHARACTER SET utf8mb4 COLLATE utf8mb4_unicode_ci NOT NULL,
  `file_name` varchar(255) CHARACTER SET utf8mb4 COLLATE utf8mb4_unicode_ci NOT NULL,
  `created_at` timestamp NULL DEFAULT NULL,
  `updated_at` timestamp NULL DEFAULT NULL,
  PRIMARY KEY (`id`)
) ENGINE=InnoDB AUTO_INCREMENT=307 DEFAULT CHARSET=utf8mb4 COLLATE=utf8mb4_unicode_ci;
/*!40101 SET character_set_client = @saved_cs_client */;

--
-- Dumping data for table `images`
--

LOCK TABLES `images` WRITE;
/*!40000 ALTER TABLE `images` DISABLE KEYS */;
INSERT INTO `images` VALUES (1,53,'App\\Models\\Product','20220721054537.jpeg','2022-10-14 06:42:06','2022-10-14 06:42:06'),(2,52,'App\\Models\\Product','20220723061318.jpeg','2022-10-14 06:42:06','2022-10-14 06:42:06'),(3,51,'App\\Models\\Product','20220725092831.jpeg','2022-10-14 06:42:06','2022-10-14 06:42:06'),(4,959,'App\\Models\\Product','20221120131437.png','2022-11-20 13:14:37','2022-11-20 13:14:37'),(5,154,'App\\Models\\Product','20221120132243.webp','2022-11-20 13:22:43','2022-11-20 13:22:43'),(6,960,'App\\Models\\Product','20221120132805.webp','2022-11-20 13:28:05','2022-11-20 13:28:05'),(7,292,'App\\Models\\Product','20221120132913.webp','2022-11-20 13:29:13','2022-11-20 13:29:13'),(8,145,'App\\Models\\Product','20221120133326.webp','2022-11-20 13:33:26','2022-11-20 13:33:26'),(9,293,'App\\Models\\Product','20221120133346.webp','2022-11-20 13:33:46','2022-11-20 13:33:46'),(10,148,'App\\Models\\Product','20221120133404.webp','2022-11-20 13:34:04','2022-11-20 13:34:04'),(11,150,'App\\Models\\Product','20221120133441.webp','2022-11-20 13:34:41','2022-11-20 13:34:41'),(12,151,'App\\Models\\Product','20221120133528.webp','2022-11-20 13:35:28','2022-11-20 13:35:28'),(13,294,'App\\Models\\Product','20221120133531.webp','2022-11-20 13:35:31','2022-11-20 13:35:31'),(14,152,'App\\Models\\Product','20221120133613.webp','2022-11-20 13:36:13','2022-11-20 13:36:13'),(15,295,'App\\Models\\Product','20221120133614.webp','2022-11-20 13:36:14','2022-11-20 13:36:14'),(16,296,'App\\Models\\Product','20221120133639.webp','2022-11-20 13:36:39','2022-11-20 13:36:39'),(17,153,'App\\Models\\Product','20221120133741.webp','2022-11-20 13:37:41','2022-11-20 13:37:41'),(18,297,'App\\Models\\Product','20221120133755.webp','2022-11-20 13:37:55','2022-11-20 13:37:55'),(19,298,'App\\Models\\Product','20221120133818.webp','2022-11-20 13:38:18','2022-11-20 13:38:18'),(20,299,'App\\Models\\Product','20221120133845.webp','2022-11-20 13:38:45','2022-11-20 13:38:45'),(21,300,'App\\Models\\Product','20221120133915.webp','2022-11-20 13:39:15','2022-11-20 13:39:15'),(22,301,'App\\Models\\Product','20221120133952.webp','2022-11-20 13:39:52','2022-11-20 13:39:52'),(23,155,'App\\Models\\Product','20221120134009.webp','2022-11-20 13:40:09','2022-11-20 13:40:09'),(24,302,'App\\Models\\Product','20221120134011.webp','2022-11-20 13:40:11','2022-11-20 13:40:11'),(25,303,'App\\Models\\Product','20221120134034.webp','2022-11-20 13:40:34','2022-11-20 13:40:34'),(26,156,'App\\Models\\Product','20221120134054.webp','2022-11-20 13:40:54','2022-11-20 13:40:54'),(27,157,'App\\Models\\Product','20221120134124.webp','2022-11-20 13:41:24','2022-11-20 13:41:24'),(28,158,'App\\Models\\Product','20221120134155.webp','2022-11-20 13:41:55','2022-11-20 13:41:55'),(29,162,'App\\Models\\Product','20221120134224.webp','2022-11-20 13:42:24','2022-11-20 13:42:24'),(30,305,'App\\Models\\Product','20221120134225.webp','2022-11-20 13:42:25','2022-11-20 13:42:25'),(31,164,'App\\Models\\Product','20221120134422.webp','2022-11-20 13:44:22','2022-11-20 13:44:22'),(32,165,'App\\Models\\Product','20221120134454.webp','2022-11-20 13:44:54','2022-11-20 13:44:54'),(33,166,'App\\Models\\Product','20221120134556.webp','2022-11-20 13:45:56','2022-11-20 13:45:56'),(34,167,'App\\Models\\Product','20221120134626.webp','2022-11-20 13:46:26','2022-11-20 13:46:26'),(35,168,'App\\Models\\Product','20221120134700.webp','2022-11-20 13:47:00','2022-11-20 13:47:00'),(36,169,'App\\Models\\Product','20221120134741.webp','2022-11-20 13:47:41','2022-11-20 13:47:41'),(37,170,'App\\Models\\Product','20221120134819.webp','2022-11-20 13:48:19','2022-11-20 13:48:19'),(38,178,'App\\Models\\Product','20221120135109.webp','2022-11-20 13:51:09','2022-11-20 13:51:09'),(39,180,'App\\Models\\Product','20221120135310.webp','2022-11-20 13:53:10','2022-11-20 13:53:10'),(40,182,'App\\Models\\Product','20221120135336.webp','2022-11-20 13:53:36','2022-11-20 13:53:36'),(41,961,'App\\Models\\Product','20221120135459.webp','2022-11-20 13:54:59','2022-11-20 13:54:59'),(42,194,'App\\Models\\Product','20221120135609.webp','2022-11-20 13:56:09','2022-11-20 13:56:09'),(43,962,'App\\Models\\Product','20221120135725.webp','2022-11-20 13:57:25','2022-11-20 13:57:25'),(44,307,'App\\Models\\Product','20221120141836.webp','2022-11-20 14:18:36','2022-11-20 14:18:36'),(45,963,'App\\Models\\Product','20221120142047.webp','2022-11-20 14:20:47','2022-11-20 14:20:47'),(46,964,'App\\Models\\Product','20221120142153.webp','2022-11-20 14:21:53','2022-11-20 14:21:53'),(47,965,'App\\Models\\Product','20221120142157.webp','2022-11-20 14:21:57','2022-11-20 14:21:57'),(48,966,'App\\Models\\Product','20221120142239.webp','2022-11-20 14:22:39','2022-11-20 14:22:39'),(49,967,'App\\Models\\Product','20221120142245.webp','2022-11-20 14:22:45','2022-11-20 14:22:45'),(50,210,'App\\Models\\Product','20221120142323.webp','2022-11-20 14:23:23','2022-11-20 14:23:23'),(51,327,'App\\Models\\Product','20221120142352.webp','2022-11-20 14:23:52','2022-11-20 14:23:52'),(52,329,'App\\Models\\Product','20221120142426.webp','2022-11-20 14:24:26','2022-11-20 14:24:26'),(53,330,'App\\Models\\Product','20221120142451.webp','2022-11-20 14:24:51','2022-11-20 14:24:51'),(54,331,'App\\Models\\Product','20221120142521.webp','2022-11-20 14:25:21','2022-11-20 14:25:21'),(55,332,'App\\Models\\Product','20221120142551.webp','2022-11-20 14:25:51','2022-11-20 14:25:51'),(56,968,'App\\Models\\Product','20221120142604.webp','2022-11-20 14:26:04','2022-11-20 14:26:04'),(57,333,'App\\Models\\Product','20221120142625.webp','2022-11-20 14:26:25','2022-11-20 14:26:25'),(58,338,'App\\Models\\Product','20221120142643.webp','2022-11-20 14:26:43','2022-11-20 14:26:43'),(59,969,'App\\Models\\Product','20221120142651.webp','2022-11-20 14:26:51','2022-11-20 14:26:51'),(60,340,'App\\Models\\Product','20221120142704.webp','2022-11-20 14:27:04','2022-11-20 14:27:04'),(61,341,'App\\Models\\Product','20221120142725.webp','2022-11-20 14:27:25','2022-11-20 14:27:25'),(62,231,'App\\Models\\Product','20221120142733.webp','2022-11-20 14:27:33','2022-11-20 14:27:33'),(63,342,'App\\Models\\Product','20221120142752.webp','2022-11-20 14:27:52','2022-11-20 14:27:52'),(64,345,'App\\Models\\Product','20221120142818.webp','2022-11-20 14:28:18','2022-11-20 14:28:18'),(65,306,'App\\Models\\Product','20221120142831.jpeg','2022-11-20 14:28:31','2022-11-20 14:28:31'),(66,346,'App\\Models\\Product','20221120142837.webp','2022-11-20 14:28:37','2022-11-20 14:28:37'),(67,397,'App\\Models\\Product','20221120142903.webp','2022-11-20 14:29:03','2022-11-20 14:29:03'),(68,349,'App\\Models\\Product','20221120142912.webp','2022-11-20 14:29:12','2022-11-20 14:29:12'),(69,456,'App\\Models\\Product','20221120142933.webp','2022-11-20 14:29:33','2022-11-20 14:29:33'),(70,352,'App\\Models\\Product','20221120142933.webp','2022-11-20 14:29:33','2022-11-20 14:29:33'),(71,354,'App\\Models\\Product','20221120142958.webp','2022-11-20 14:29:58','2022-11-20 14:29:58'),(72,459,'App\\Models\\Product','20221120143000.webp','2022-11-20 14:30:00','2022-11-20 14:30:00'),(73,361,'App\\Models\\Product','20221120143020.webp','2022-11-20 14:30:20','2022-11-20 14:30:20'),(74,363,'App\\Models\\Product','20221120143134.webp','2022-11-20 14:31:34','2022-11-20 14:31:34'),(75,425,'App\\Models\\Product','20221120143227.webp','2022-11-20 14:32:27','2022-11-20 14:32:27'),(76,427,'App\\Models\\Product','20221120143246.webp','2022-11-20 14:32:46','2022-11-20 14:32:46'),(77,428,'App\\Models\\Product','20221120143304.webp','2022-11-20 14:33:04','2022-11-20 14:33:04'),(78,462,'App\\Models\\Product','20221120143325.webp','2022-11-20 14:33:25','2022-11-20 14:33:25'),(79,429,'App\\Models\\Product','20221120143330.webp','2022-11-20 14:33:30','2022-11-20 14:33:30'),(80,431,'App\\Models\\Product','20221120143348.webp','2022-11-20 14:33:48','2022-11-20 14:33:48'),(81,760,'App\\Models\\Product','20221120143358.webp','2022-11-20 14:33:58','2022-11-20 14:33:58'),(82,445,'App\\Models\\Product','20221120143404.webp','2022-11-20 14:34:04','2022-11-20 14:34:04'),(83,763,'App\\Models\\Product','20221120143431.webp','2022-11-20 14:34:31','2022-11-20 14:34:31'),(84,446,'App\\Models\\Product','20221120143526.webp','2022-11-20 14:35:26','2022-11-20 14:35:26'),(85,447,'App\\Models\\Product','20221120143559.webp','2022-11-20 14:35:59','2022-11-20 14:35:59'),(86,448,'App\\Models\\Product','20221120143629.webp','2022-11-20 14:36:29','2022-11-20 14:36:29'),(87,449,'App\\Models\\Product','20221120143650.webp','2022-11-20 14:36:50','2022-11-20 14:36:50'),(88,290,'App\\Models\\Product','20221120143722.jpeg','2022-11-20 14:37:22','2022-11-20 14:37:22'),(89,851,'App\\Models\\Product','20221120143834.webp','2022-11-20 14:38:34','2022-11-20 14:38:34'),(90,854,'App\\Models\\Product','20221120143900.webp','2022-11-20 14:39:00','2022-11-20 14:39:00'),(91,855,'App\\Models\\Product','20221120143935.webp','2022-11-20 14:39:35','2022-11-20 14:39:35'),(92,488,'App\\Models\\Product','20221120143945.webp','2022-11-20 14:39:45','2022-11-20 14:39:45'),(93,857,'App\\Models\\Product','20221120144001.webp','2022-11-20 14:40:01','2022-11-20 14:40:01'),(94,490,'App\\Models\\Product','20221120144008.webp','2022-11-20 14:40:08','2022-11-20 14:40:08'),(95,858,'App\\Models\\Product','20221120144028.webp','2022-11-20 14:40:28','2022-11-20 14:40:28'),(96,492,'App\\Models\\Product','20221120144045.webp','2022-11-20 14:40:45','2022-11-20 14:40:45'),(97,871,'App\\Models\\Product','20221120144105.webp','2022-11-20 14:41:05','2022-11-20 14:41:05'),(98,493,'App\\Models\\Product','20221120144108.webp','2022-11-20 14:41:08','2022-11-20 14:41:08'),(99,494,'App\\Models\\Product','20221120144128.webp','2022-11-20 14:41:28','2022-11-20 14:41:28'),(100,872,'App\\Models\\Product','20221120144136.webp','2022-11-20 14:41:36','2022-11-20 14:41:36'),(101,496,'App\\Models\\Product','20221120144146.webp','2022-11-20 14:41:46','2022-11-20 14:41:46'),(102,497,'App\\Models\\Product','20221120144201.webp','2022-11-20 14:42:01','2022-11-20 14:42:01'),(103,499,'App\\Models\\Product','20221120144215.webp','2022-11-20 14:42:15','2022-11-20 14:42:15'),(104,500,'App\\Models\\Product','20221120144228.webp','2022-11-20 14:42:28','2022-11-20 14:42:28'),(105,502,'App\\Models\\Product','20221120144305.webp','2022-11-20 14:43:05','2022-11-20 14:43:05'),(106,505,'App\\Models\\Product','20221120144335.webp','2022-11-20 14:43:35','2022-11-20 14:43:35'),(107,507,'App\\Models\\Product','20221120144350.webp','2022-11-20 14:43:50','2022-11-20 14:43:50'),(108,874,'App\\Models\\Product','20221120144402.webp','2022-11-20 14:44:02','2022-11-20 14:44:02'),(109,508,'App\\Models\\Product','20221120144403.webp','2022-11-20 14:44:03','2022-11-20 14:44:03'),(110,510,'App\\Models\\Product','20221120144415.webp','2022-11-20 14:44:15','2022-11-20 14:44:15'),(111,511,'App\\Models\\Product','20221120144427.webp','2022-11-20 14:44:27','2022-11-20 14:44:27'),(112,880,'App\\Models\\Product','20221120144433.webp','2022-11-20 14:44:33','2022-11-20 14:44:33'),(113,513,'App\\Models\\Product','20221120144444.webp','2022-11-20 14:44:44','2022-11-20 14:44:44'),(114,883,'App\\Models\\Product','20221120144503.webp','2022-11-20 14:45:03','2022-11-20 14:45:03'),(115,514,'App\\Models\\Product','20221120144508.webp','2022-11-20 14:45:08','2022-11-20 14:45:08'),(116,515,'App\\Models\\Product','20221120144525.webp','2022-11-20 14:45:25','2022-11-20 14:45:25'),(117,516,'App\\Models\\Product','20221120144538.webp','2022-11-20 14:45:38','2022-11-20 14:45:38'),(118,890,'App\\Models\\Product','20221120144553.webp','2022-11-20 14:45:53','2022-11-20 14:45:53'),(119,517,'App\\Models\\Product','20221120144559.webp','2022-11-20 14:45:59','2022-11-20 14:45:59'),(120,518,'App\\Models\\Product','20221120144612.webp','2022-11-20 14:46:12','2022-11-20 14:46:12'),(121,519,'App\\Models\\Product','20221120144624.webp','2022-11-20 14:46:24','2022-11-20 14:46:24'),(122,891,'App\\Models\\Product','20221120144634.webp','2022-11-20 14:46:34','2022-11-20 14:46:34'),(123,520,'App\\Models\\Product','20221120144639.webp','2022-11-20 14:46:39','2022-11-20 14:46:39'),(124,521,'App\\Models\\Product','20221120144655.webp','2022-11-20 14:46:55','2022-11-20 14:46:55'),(125,904,'App\\Models\\Product','20221120144718.webp','2022-11-20 14:47:18','2022-11-20 14:47:18'),(126,523,'App\\Models\\Product','20221120144721.webp','2022-11-20 14:47:21','2022-11-20 14:47:21'),(127,908,'App\\Models\\Product','20221120144748.webp','2022-11-20 14:47:48','2022-11-20 14:47:48'),(128,912,'App\\Models\\Product','20221120144815.webp','2022-11-20 14:48:15','2022-11-20 14:48:15'),(129,913,'App\\Models\\Product','20221120144842.webp','2022-11-20 14:48:42','2022-11-20 14:48:42'),(130,916,'App\\Models\\Product','20221120144942.webp','2022-11-20 14:49:42','2022-11-20 14:49:42'),(131,531,'App\\Models\\Product','20221120144944.webp','2022-11-20 14:49:44','2022-11-20 14:49:44'),(132,917,'App\\Models\\Product','20221120145013.webp','2022-11-20 14:50:13','2022-11-20 14:50:13'),(133,918,'App\\Models\\Product','20221120145039.webp','2022-11-20 14:50:39','2022-11-20 14:50:39'),(134,919,'App\\Models\\Product','20221120145119.webp','2022-11-20 14:51:19','2022-11-20 14:51:19'),(135,972,'App\\Models\\Product','20221120145131.webp','2022-11-20 14:51:31','2022-11-20 14:51:31'),(136,920,'App\\Models\\Product','20221120145202.webp','2022-11-20 14:52:02','2022-11-20 14:52:02'),(137,922,'App\\Models\\Product','20221120145227.webp','2022-11-20 14:52:27','2022-11-20 14:52:27'),(138,925,'App\\Models\\Product','20221120145257.webp','2022-11-20 14:52:57','2022-11-20 14:52:57'),(139,928,'App\\Models\\Product','20221120145330.webp','2022-11-20 14:53:30','2022-11-20 14:53:30'),(140,929,'App\\Models\\Product','20221120145353.webp','2022-11-20 14:53:53','2022-11-20 14:53:53'),(141,930,'App\\Models\\Product','20221120145418.webp','2022-11-20 14:54:18','2022-11-20 14:54:18'),(142,971,'App\\Models\\Product','20221120145428.webp','2022-11-20 14:54:28','2022-11-20 14:54:28'),(143,931,'App\\Models\\Product','20221120145450.webp','2022-11-20 14:54:50','2022-11-20 14:54:50'),(144,543,'App\\Models\\Product','20221120145531.webp','2022-11-20 14:55:31','2022-11-20 14:55:31'),(145,547,'App\\Models\\Product','20221120145615.webp','2022-11-20 14:56:15','2022-11-20 14:56:15'),(146,551,'App\\Models\\Product','20221120145711.webp','2022-11-20 14:57:11','2022-11-20 14:57:11'),(147,973,'App\\Models\\Product','20221120145831.webp','2022-11-20 14:58:31','2022-11-20 14:58:31'),(148,552,'App\\Models\\Product','20221120145849.webp','2022-11-20 14:58:49','2022-11-20 14:58:49'),(149,932,'App\\Models\\Product','20221120145906.webp','2022-11-20 14:59:06','2022-11-20 14:59:06'),(150,553,'App\\Models\\Product','20221120145907.webp','2022-11-20 14:59:07','2022-11-20 14:59:07'),(151,557,'App\\Models\\Product','20221120145918.webp','2022-11-20 14:59:18','2022-11-20 14:59:18'),(152,558,'App\\Models\\Product','20221120145931.webp','2022-11-20 14:59:31','2022-11-20 14:59:31'),(153,933,'App\\Models\\Product','20221120145943.webp','2022-11-20 14:59:43','2022-11-20 14:59:43'),(154,563,'App\\Models\\Product','20221120150011.webp','2022-11-20 15:00:11','2022-11-20 15:00:11'),(155,566,'App\\Models\\Product','20221120150041.webp','2022-11-20 15:00:41','2022-11-20 15:00:41'),(156,571,'App\\Models\\Product','20221120150055.webp','2022-11-20 15:00:55','2022-11-20 15:00:55'),(157,578,'App\\Models\\Product','20221120150117.webp','2022-11-20 15:01:17','2022-11-20 15:01:17'),(158,581,'App\\Models\\Product','20221120150128.webp','2022-11-20 15:01:28','2022-11-20 15:01:28'),(159,584,'App\\Models\\Product','20221120150140.webp','2022-11-20 15:01:40','2022-11-20 15:01:40'),(160,934,'App\\Models\\Product','20221120150200.webp','2022-11-20 15:02:00','2022-11-20 15:02:00'),(161,935,'App\\Models\\Product','20221120150231.webp','2022-11-20 15:02:31','2022-11-20 15:02:31'),(162,616,'App\\Models\\Product','20221120150233.webp','2022-11-20 15:02:33','2022-11-20 15:02:33'),(163,619,'App\\Models\\Product','20221120150255.webp','2022-11-20 15:02:55','2022-11-20 15:02:55'),(164,936,'App\\Models\\Product','20221120150259.webp','2022-11-20 15:02:59','2022-11-20 15:02:59'),(165,620,'App\\Models\\Product','20221120150306.webp','2022-11-20 15:03:06','2022-11-20 15:03:06'),(166,624,'App\\Models\\Product','20221120150318.webp','2022-11-20 15:03:18','2022-11-20 15:03:18'),(167,627,'App\\Models\\Product','20221120150339.webp','2022-11-20 15:03:39','2022-11-20 15:03:39'),(168,629,'App\\Models\\Product','20221120150351.webp','2022-11-20 15:03:51','2022-11-20 15:03:51'),(169,937,'App\\Models\\Product','20221120150450.webp','2022-11-20 15:04:50','2022-11-20 15:04:50'),(170,940,'App\\Models\\Product','20221120150523.webp','2022-11-20 15:05:23','2022-11-20 15:05:23'),(171,635,'App\\Models\\Product','20221120150541.webp','2022-11-20 15:05:41','2022-11-20 15:05:41'),(172,942,'App\\Models\\Product','20221120150547.webp','2022-11-20 15:05:47','2022-11-20 15:05:47'),(173,944,'App\\Models\\Product','20221120150616.webp','2022-11-20 15:06:16','2022-11-20 15:06:16'),(174,637,'App\\Models\\Product','20221120150639.webp','2022-11-20 15:06:39','2022-11-20 15:06:39'),(175,945,'App\\Models\\Product','20221120150644.webp','2022-11-20 15:06:44','2022-11-20 15:06:44'),(176,946,'App\\Models\\Product','20221120150714.webp','2022-11-20 15:07:14','2022-11-20 15:07:14'),(177,639,'App\\Models\\Product','20221120150719.webp','2022-11-20 15:07:19','2022-11-20 15:07:19'),(178,948,'App\\Models\\Product','20221120150747.webp','2022-11-20 15:07:47','2022-11-20 15:07:47'),(179,642,'App\\Models\\Product','20221120150827.webp','2022-11-20 15:08:27','2022-11-20 15:08:27'),(180,949,'App\\Models\\Product','20221120150833.webp','2022-11-20 15:08:33','2022-11-20 15:08:33'),(181,645,'App\\Models\\Product','20221120150858.webp','2022-11-20 15:08:58','2022-11-20 15:08:58'),(182,950,'App\\Models\\Product','20221120150858.webp','2022-11-20 15:08:58','2022-11-20 15:08:58'),(183,648,'App\\Models\\Product','20221120150910.webp','2022-11-20 15:09:10','2022-11-20 15:09:10'),(184,650,'App\\Models\\Product','20221120150924.webp','2022-11-20 15:09:24','2022-11-20 15:09:24'),(185,658,'App\\Models\\Product','20221120150939.webp','2022-11-20 15:09:39','2022-11-20 15:09:39'),(186,659,'App\\Models\\Product','20221120150952.webp','2022-11-20 15:09:52','2022-11-20 15:09:52'),(187,669,'App\\Models\\Product','20221120151124.webp','2022-11-20 15:10:28','2022-11-20 15:11:24'),(188,54,'App\\Models\\Product','20221120151051.png','2022-11-20 15:10:51','2022-11-20 15:10:51'),(189,55,'App\\Models\\Product','20221120151114.webp','2022-11-20 15:11:14','2022-11-20 15:11:14'),(190,57,'App\\Models\\Product','20221120151141.webp','2022-11-20 15:11:41','2022-11-20 15:11:41'),(191,674,'App\\Models\\Product','20221120151207.webp','2022-11-20 15:12:07','2022-11-20 15:12:07'),(192,679,'App\\Models\\Product','20221120151219.webp','2022-11-20 15:12:19','2022-11-20 15:12:19'),(193,60,'App\\Models\\Product','20221120151222.webp','2022-11-20 15:12:22','2022-11-20 15:12:22'),(194,698,'App\\Models\\Product','20221120151232.webp','2022-11-20 15:12:32','2022-11-20 15:12:32'),(195,700,'App\\Models\\Product','20221120151245.webp','2022-11-20 15:12:45','2022-11-20 15:12:45'),(196,720,'App\\Models\\Product','20221120151302.webp','2022-11-20 15:13:02','2022-11-20 15:13:02'),(197,733,'App\\Models\\Product','20221120151320.webp','2022-11-20 15:13:20','2022-11-20 15:13:20'),(198,723,'App\\Models\\Product','20221120151345.webp','2022-11-20 15:13:45','2022-11-20 15:13:45'),(199,725,'App\\Models\\Product','20221120151358.webp','2022-11-20 15:13:58','2022-11-20 15:13:58'),(200,727,'App\\Models\\Product','20221120151423.webp','2022-11-20 15:14:23','2022-11-20 15:14:23'),(201,730,'App\\Models\\Product','20221120151440.webp','2022-11-20 15:14:40','2022-11-20 15:14:40'),(202,974,'App\\Models\\Product','20221120152703.webp','2022-11-20 15:14:42','2022-11-20 15:27:03'),(203,735,'App\\Models\\Product','20221120151452.webp','2022-11-20 15:14:52','2022-11-20 15:14:52'),(204,737,'App\\Models\\Product','20221120151504.webp','2022-11-20 15:15:04','2022-11-20 15:15:04'),(205,740,'App\\Models\\Product','20221120151521.webp','2022-11-20 15:15:21','2022-11-20 15:15:21'),(206,751,'App\\Models\\Product','20221120151532.webp','2022-11-20 15:15:32','2022-11-20 15:15:32'),(207,975,'App\\Models\\Product','20221120152729.webp','2022-11-20 15:15:36','2022-11-20 15:27:29'),(208,284,'App\\Models\\Product','20221120151554.webp','2022-11-20 15:15:54','2022-11-20 15:15:54'),(209,286,'App\\Models\\Product','20221120151611.webp','2022-11-20 15:16:11','2022-11-20 15:16:11'),(210,287,'App\\Models\\Product','20221120151622.webp','2022-11-20 15:16:22','2022-11-20 15:16:22'),(211,289,'App\\Models\\Product','20221120151637.webp','2022-11-20 15:16:37','2022-11-20 15:16:37'),(212,59,'App\\Models\\Product','20221120151747.webp','2022-11-20 15:17:47','2022-11-20 15:17:47'),(213,976,'App\\Models\\Product','20221120151850.webp','2022-11-20 15:18:50','2022-11-20 15:18:50'),(214,977,'App\\Models\\Product','20221120151936.webp','2022-11-20 15:19:36','2022-11-20 15:19:36'),(215,978,'App\\Models\\Product','20221120152026.webp','2022-11-20 15:20:26','2022-11-20 15:20:26'),(216,979,'App\\Models\\Product','20221120152034.webp','2022-11-20 15:20:34','2022-11-20 15:20:34'),(217,980,'App\\Models\\Product','20221120152121.webp','2022-11-20 15:21:21','2022-11-20 15:21:21'),(218,981,'App\\Models\\Product','20221120152200.jpeg','2022-11-20 15:22:00','2022-11-20 15:22:00'),(219,982,'App\\Models\\Product','20221120152218.webp','2022-11-20 15:22:18','2022-11-20 15:22:18'),(220,983,'App\\Models\\Product','20221120152309.webp','2022-11-20 15:23:09','2022-11-20 15:23:09'),(221,984,'App\\Models\\Product','20221120152414.webp','2022-11-20 15:24:14','2022-11-20 15:24:14'),(222,985,'App\\Models\\Product','20221120152426.webp','2022-11-20 15:24:26','2022-11-20 15:24:26'),(223,986,'App\\Models\\Product','20221120152510.webp','2022-11-20 15:25:10','2022-11-20 15:25:10'),(224,987,'App\\Models\\Product','20221120152600.webp','2022-11-20 15:26:00','2022-11-20 15:26:00'),(225,988,'App\\Models\\Product','20221120152651.webp','2022-11-20 15:26:51','2022-11-20 15:26:51'),(226,100,'App\\Models\\Product','20221120152830.webp','2022-11-20 15:28:30','2022-11-20 15:28:30'),(227,111,'App\\Models\\Product','20221120152856.webp','2022-11-20 15:28:56','2022-11-20 15:28:56'),(228,177,'App\\Models\\Product','20221120152859.webp','2022-11-20 15:28:59','2022-11-20 15:28:59'),(229,116,'App\\Models\\Product','20221120152918.webp','2022-11-20 15:29:18','2022-11-20 15:29:18'),(230,120,'App\\Models\\Product','20221120152942.webp','2022-11-20 15:29:42','2022-11-20 15:29:42'),(231,123,'App\\Models\\Product','20221120153005.webp','2022-11-20 15:30:05','2022-11-20 15:30:05'),(232,159,'App\\Models\\Product','20221120153006.webp','2022-11-20 15:30:06','2022-11-20 15:30:06'),(233,126,'App\\Models\\Product','20221120153114.jpeg','2022-11-20 15:30:28','2022-11-20 15:31:14'),(234,149,'App\\Models\\Product','20221120153030.webp','2022-11-20 15:30:30','2022-11-20 15:30:30'),(235,147,'App\\Models\\Product','20221120153120.webp','2022-11-20 15:31:20','2022-11-20 15:31:20'),(236,130,'App\\Models\\Product','20221120153206.webp','2022-11-20 15:31:40','2022-11-20 15:32:06'),(237,144,'App\\Models\\Product','20221120153156.webp','2022-11-20 15:31:56','2022-11-20 15:31:56'),(238,134,'App\\Models\\Product','20221120153449.webp','2022-11-20 15:34:25','2022-11-20 15:34:49'),(239,989,'App\\Models\\Product','20221120153437.webp','2022-11-20 15:34:37','2022-11-20 15:34:37'),(240,140,'App\\Models\\Product','20221120153523.webp','2022-11-20 15:35:23','2022-11-20 15:35:23'),(241,117,'App\\Models\\Product','20221120153541.webp','2022-11-20 15:35:41','2022-11-20 15:35:41'),(242,114,'App\\Models\\Product','20221120153604.webp','2022-11-20 15:36:04','2022-11-20 15:36:04'),(243,85,'App\\Models\\Product','20221120153635.webp','2022-11-20 15:36:35','2022-11-20 15:36:35'),(244,84,'App\\Models\\Product','20221120153658.webp','2022-11-20 15:36:58','2022-11-20 15:36:58'),(245,81,'App\\Models\\Product','20221120153731.webp','2022-11-20 15:37:31','2022-11-20 15:37:31'),(246,183,'App\\Models\\Product','20221120153800.webp','2022-11-20 15:38:00','2022-11-20 15:38:00'),(247,188,'App\\Models\\Product','20221120153828.webp','2022-11-20 15:38:28','2022-11-20 15:38:28'),(248,190,'App\\Models\\Product','20221120153850.webp','2022-11-20 15:38:50','2022-11-20 15:38:50'),(249,199,'App\\Models\\Product','20221120153914.webp','2022-11-20 15:39:14','2022-11-20 15:39:14'),(250,203,'App\\Models\\Product','20221120153936.webp','2022-11-20 15:39:36','2022-11-20 15:39:36'),(251,220,'App\\Models\\Product','20221120153954.webp','2022-11-20 15:39:54','2022-11-20 15:39:54'),(252,260,'App\\Models\\Product','20221120154031.webp','2022-11-20 15:40:31','2022-11-20 15:40:31'),(253,262,'App\\Models\\Product','20221120154054.webp','2022-11-20 15:40:54','2022-11-20 15:40:54'),(254,266,'App\\Models\\Product','20221120154117.webp','2022-11-20 15:41:17','2022-11-20 15:41:17'),(255,759,'App\\Models\\Product','20221120154218.webp','2022-11-20 15:42:18','2022-11-20 15:42:18'),(256,761,'App\\Models\\Product','20221120154235.jpeg','2022-11-20 15:42:35','2022-11-20 15:42:35'),(257,762,'App\\Models\\Product','20221120154301.webp','2022-11-20 15:43:01','2022-11-20 15:43:01'),(258,764,'App\\Models\\Product','20221120154313.webp','2022-11-20 15:43:13','2022-11-20 15:43:13'),(259,765,'App\\Models\\Product','20221120154327.webp','2022-11-20 15:43:27','2022-11-20 15:43:27'),(260,767,'App\\Models\\Product','20221120154340.webp','2022-11-20 15:43:40','2022-11-20 15:43:40'),(261,768,'App\\Models\\Product','20221120154354.webp','2022-11-20 15:43:54','2022-11-20 15:43:54'),(262,770,'App\\Models\\Product','20221120154406.webp','2022-11-20 15:44:06','2022-11-20 15:44:06'),(263,771,'App\\Models\\Product','20221120154419.webp','2022-11-20 15:44:19','2022-11-20 15:44:19'),(264,773,'App\\Models\\Product','20221120154432.webp','2022-11-20 15:44:32','2022-11-20 15:44:32'),(265,774,'App\\Models\\Product','20221120154443.webp','2022-11-20 15:44:43','2022-11-20 15:44:43'),(266,776,'App\\Models\\Product','20221120154455.webp','2022-11-20 15:44:55','2022-11-20 15:44:55'),(267,777,'App\\Models\\Product','20221120154507.jpeg','2022-11-20 15:45:07','2022-11-20 15:45:07'),(268,778,'App\\Models\\Product','20221120154642.webp','2022-11-20 15:46:42','2022-11-20 15:46:42'),(269,780,'App\\Models\\Product','20221120154659.webp','2022-11-20 15:46:59','2022-11-20 15:46:59'),(270,782,'App\\Models\\Product','20221120154711.webp','2022-11-20 15:47:11','2022-11-20 15:47:11'),(271,783,'App\\Models\\Product','20221120154727.webp','2022-11-20 15:47:27','2022-11-20 15:47:27'),(272,784,'App\\Models\\Product','20221120154744.jpeg','2022-11-20 15:47:44','2022-11-20 15:47:44'),(273,785,'App\\Models\\Product','20221120154758.webp','2022-11-20 15:47:58','2022-11-20 15:47:58'),(274,786,'App\\Models\\Product','20221120154810.webp','2022-11-20 15:48:10','2022-11-20 15:48:10'),(275,787,'App\\Models\\Product','20221120154828.webp','2022-11-20 15:48:28','2022-11-20 15:48:28'),(276,788,'App\\Models\\Product','20221120154847.webp','2022-11-20 15:48:47','2022-11-20 15:48:47'),(277,791,'App\\Models\\Product','20221120154900.webp','2022-11-20 15:49:00','2022-11-20 15:49:00'),(278,794,'App\\Models\\Product','20221120154928.webp','2022-11-20 15:49:28','2022-11-20 15:49:28'),(279,796,'App\\Models\\Product','20221120154940.webp','2022-11-20 15:49:40','2022-11-20 15:49:40'),(280,797,'App\\Models\\Product','20221120155006.jpeg','2022-11-20 15:50:06','2022-11-20 15:50:06'),(281,800,'App\\Models\\Product','20221120155025.webp','2022-11-20 15:50:25','2022-11-20 15:50:25'),(282,802,'App\\Models\\Product','20221120155043.webp','2022-11-20 15:50:43','2022-11-20 15:50:43'),(283,807,'App\\Models\\Product','20221120155121.webp','2022-11-20 15:51:21','2022-11-20 15:51:21'),(284,815,'App\\Models\\Product','20221120155142.webp','2022-11-20 15:51:42','2022-11-20 15:51:42'),(285,816,'App\\Models\\Product','20221120155156.webp','2022-11-20 15:51:56','2022-11-20 15:51:56'),(286,821,'App\\Models\\Product','20221120155213.webp','2022-11-20 15:52:13','2022-11-20 15:52:13'),(287,826,'App\\Models\\Product','20221120155238.jpeg','2022-11-20 15:52:38','2022-11-20 15:52:38'),(288,827,'App\\Models\\Product','20221120155249.webp','2022-11-20 15:52:49','2022-11-20 15:52:49'),(289,828,'App\\Models\\Product','20221120155303.jpeg','2022-11-20 15:53:03','2022-11-20 15:53:03'),(290,991,'App\\Models\\Product','20221121014716.webp','2022-11-21 01:47:16','2022-11-21 01:47:16'),(291,992,'App\\Models\\Product','20221121014902.webp','2022-11-21 01:49:02','2022-11-21 01:49:02'),(292,994,'App\\Models\\Product','20221121015709.webp','2022-11-21 01:57:09','2022-11-21 01:57:09'),(293,995,'App\\Models\\Product','20221121021514.jpeg','2022-11-21 02:15:14','2022-11-21 02:15:14'),(294,999,'App\\Models\\Product','20221121035130.webp','2022-11-21 03:51:30','2022-11-21 03:51:30'),(295,1000,'App\\Models\\Product','20221121035240.webp','2022-11-21 03:52:40','2022-11-21 03:52:40'),(296,1001,'App\\Models\\Product','20221121040622.webp','2022-11-21 04:06:22','2022-11-21 04:06:22'),(297,1002,'App\\Models\\Product','20221121050420.webp','2022-11-21 05:04:20','2022-11-21 05:04:20'),(298,1003,'App\\Models\\Product','20221121050625.webp','2022-11-21 05:06:25','2022-11-21 05:06:25'),(299,1004,'App\\Models\\Product','20221121050903.webp','2022-11-21 05:09:03','2022-11-21 05:09:03'),(300,1005,'App\\Models\\Product','20221121051049.webp','2022-11-21 05:10:49','2022-11-21 05:10:49'),(301,1006,'App\\Models\\Product','20221121051232.webp','2022-11-21 05:12:32','2022-11-21 05:12:32'),(302,1007,'App\\Models\\Product','20221121051936.webp','2022-11-21 05:19:36','2022-11-21 05:19:36'),(303,1008,'App\\Models\\Product','20221121052104.webp','2022-11-21 05:21:04','2022-11-21 05:21:04'),(304,1009,'App\\Models\\Product','20221121094832.png','2022-11-21 09:48:32','2022-11-21 09:48:32'),(305,20,'App\\Models\\Customer','20221221092220.jpeg','2022-12-21 09:22:20','2022-12-21 09:22:20'),(306,24,'App\\Models\\Customer','20230228112655.jpeg','2023-02-28 11:26:55','2023-02-28 11:26:55');
/*!40000 ALTER TABLE `images` ENABLE KEYS */;
UNLOCK TABLES;

--
-- Table structure for table `migrations`
--

DROP TABLE IF EXISTS `migrations`;
/*!40101 SET @saved_cs_client     = @@character_set_client */;
/*!50503 SET character_set_client = utf8mb4 */;
CREATE TABLE `migrations` (
  `id` int unsigned NOT NULL AUTO_INCREMENT,
  `migration` varchar(255) CHARACTER SET utf8mb4 COLLATE utf8mb4_unicode_ci NOT NULL,
  `batch` int NOT NULL,
  PRIMARY KEY (`id`)
) ENGINE=InnoDB AUTO_INCREMENT=29 DEFAULT CHARSET=utf8mb4 COLLATE=utf8mb4_unicode_ci;
/*!40101 SET character_set_client = @saved_cs_client */;

--
-- Dumping data for table `migrations`
--

LOCK TABLES `migrations` WRITE;
/*!40000 ALTER TABLE `migrations` DISABLE KEYS */;
INSERT INTO `migrations` VALUES (1,'2014_10_12_000000_create_users_table',1),(2,'2014_10_12_100000_create_password_resets_table',1),(3,'2016_06_01_000001_create_oauth_auth_codes_table',1),(4,'2016_06_01_000002_create_oauth_access_tokens_table',1),(5,'2016_06_01_000003_create_oauth_refresh_tokens_table',1),(6,'2016_06_01_000004_create_oauth_clients_table',1),(7,'2016_06_01_000005_create_oauth_personal_access_clients_table',1),(8,'2019_08_19_000000_create_failed_jobs_table',1),(9,'2019_12_14_000001_create_personal_access_tokens_table',1),(10,'2022_07_11_091114_create_admins',1),(11,'2022_07_11_091550_create_products_table',1),(12,'2022_07_11_092657_create_customers_table',1),(13,'2022_07_12_034604_create_categories_table',1),(14,'2022_07_12_044441_category_product',1),(15,'2022_07_12_102814_create_images_table',1),(16,'2022_07_13_030644_create_carts_table',1),(17,'2022_07_13_030707_create_orders_table',1),(18,'2022_07_13_044843_order_product',1),(19,'2022_07_13_054534_create_feedback_table',1),(20,'2022_07_21_053301_create_stocks_table',1),(21,'2022_07_27_070501_create_recommendations_table',1),(22,'2022_07_28_052113_create_sales_table',1),(23,'2022_07_29_073454_create_sku_profiles_table',1),(24,'2022_08_14_140613_create_sets_table',1),(25,'2022_08_14_141546_create_dummy_products_table',1),(26,'2022_08_16_063031_create_settables',1),(27,'2022_08_23_062528_create_notifications_table',1),(28,'2022_11_20_135711_add_new_col_to_prod_table',2);
/*!40000 ALTER TABLE `migrations` ENABLE KEYS */;
UNLOCK TABLES;

--
-- Table structure for table `notifications`
--

DROP TABLE IF EXISTS `notifications`;
/*!40101 SET @saved_cs_client     = @@character_set_client */;
/*!50503 SET character_set_client = utf8mb4 */;
CREATE TABLE `notifications` (
  `id` bigint unsigned NOT NULL AUTO_INCREMENT,
  `notifiable_id` int NOT NULL,
  `notifiable_type` varchar(255) CHARACTER SET utf8mb4 COLLATE utf8mb4_unicode_ci NOT NULL,
  `data` longtext CHARACTER SET utf8mb4 COLLATE utf8mb4_unicode_ci NOT NULL,
  `read_at` timestamp NULL DEFAULT NULL,
  `created_at` timestamp NULL DEFAULT NULL,
  `updated_at` timestamp NULL DEFAULT NULL,
  PRIMARY KEY (`id`)
) ENGINE=InnoDB AUTO_INCREMENT=56 DEFAULT CHARSET=utf8mb4 COLLATE=utf8mb4_unicode_ci;
/*!40101 SET character_set_client = @saved_cs_client */;

--
-- Dumping data for table `notifications`
--

LOCK TABLES `notifications` WRITE;
/*!40000 ALTER TABLE `notifications` DISABLE KEYS */;
INSERT INTO `notifications` VALUES (1,1,'App\\Models\\Admin','{\"name\":\"Berna Sy\",\"text\":\"joined the system\",\"link\":\"\\/customer\",\"icon\":\"account\"}','2022-11-22 00:46:13','2022-10-15 09:54:03','2022-11-22 00:46:13'),(2,1,'App\\Models\\Admin','{\"name\":\"Bryan Umadhay\",\"text\":\"joined the system\",\"link\":\"\\/customer\",\"icon\":\"account\"}','2022-11-22 00:46:13','2022-11-20 13:13:05','2022-11-22 00:46:13'),(3,1,'App\\Models\\Admin','{\"name\":\"Bryan Umadhay\",\"text\":\"Made an order\",\"link\":\"\\/order\\/1\",\"icon\":\"cart\"}','2022-11-22 00:46:13','2022-11-20 14:49:57','2022-11-22 00:46:13'),(4,1,'App\\Models\\Admin','{\"name\":\"Joshua Ong\",\"text\":\"joined the system\",\"link\":\"\\/customer\",\"icon\":\"account\"}','2022-11-22 00:46:13','2022-11-20 15:50:21','2022-11-22 00:46:13'),(5,14,'App\\Models\\Customer','{\"name\":\"#6988624\",\"text\":\"Order is on delivery\",\"link\":\"orders\",\"icon\":\"cart\"}',NULL,'2022-11-20 16:35:51','2022-11-20 16:35:51'),(6,1,'App\\Models\\Admin','{\"name\":\"Junamy Pedregosa\",\"text\":\"joined the system\",\"link\":\"\\/customer\",\"icon\":\"account\"}','2022-11-22 00:46:13','2022-11-20 18:04:25','2022-11-22 00:46:13'),(7,1,'App\\Models\\Admin','{\"name\":\"Junamy Pedregosa\",\"text\":\"Made an order\",\"link\":\"\\/order\\/2\",\"icon\":\"cart\"}','2022-11-22 00:46:13','2022-11-20 18:07:51','2022-11-22 00:46:13'),(8,1,'App\\Models\\Admin','{\"name\":\"Junamy Pedregosa\",\"text\":\"Made an order\",\"link\":\"\\/order\\/3\",\"icon\":\"cart\"}','2022-11-22 00:46:13','2022-11-20 18:08:02','2022-11-22 00:46:13'),(9,16,'App\\Models\\Customer','{\"name\":\"#2456075\",\"text\":\"Order is on delivery\",\"link\":\"orders\",\"icon\":\"cart\"}',NULL,'2022-11-20 18:08:30','2022-11-20 18:08:30'),(10,16,'App\\Models\\Customer','{\"name\":\"#2144911\",\"text\":\"Order is on delivery\",\"link\":\"orders\",\"icon\":\"cart\"}','2022-11-20 18:09:19','2022-11-20 18:08:32','2022-11-20 18:09:19'),(11,1,'App\\Models\\Admin','{\"name\":\"Bryan Umadhay\",\"text\":\"Made an order\",\"link\":\"\\/order\\/4\",\"icon\":\"cart\"}','2022-11-22 00:46:13','2022-11-21 02:49:07','2022-11-22 00:46:13'),(12,1,'App\\Models\\Admin','{\"name\":\"Stock Alert\",\"text\":\"Product 989 reach the stock alert point\",\"link\":\"products\",\"icon\":\"devices\"}','2022-11-22 00:46:13','2022-11-21 02:49:30','2022-11-22 00:46:13'),(13,14,'App\\Models\\Customer','{\"name\":\"#3253213\",\"text\":\"Order is on delivery\",\"link\":\"orders\",\"icon\":\"cart\"}',NULL,'2022-11-21 02:49:30','2022-11-21 02:49:30'),(14,1,'App\\Models\\Admin','{\"name\":\"Bryan Umadhay\",\"text\":\"Made an order\",\"link\":\"\\/order\\/5\",\"icon\":\"cart\"}','2022-11-22 00:46:13','2022-11-21 02:50:58','2022-11-22 00:46:13'),(15,1,'App\\Models\\Admin','{\"name\":\"#9254144\",\"text\":\"cancel by customer\",\"link\":\"\\/order\\/5\",\"icon\":\"cart-remove\"}','2022-11-22 00:46:13','2022-11-21 02:55:28','2022-11-22 00:46:13'),(16,1,'App\\Models\\Admin','{\"name\":\"Bryan Umadhay\",\"text\":\"Made an order\",\"link\":\"\\/order\\/6\",\"icon\":\"cart\"}','2022-11-22 00:46:13','2022-11-21 06:22:28','2022-11-22 00:46:13'),(17,14,'App\\Models\\Customer','{\"name\":\"#4365866\",\"text\":\"Order is on delivery\",\"link\":\"orders\",\"icon\":\"cart\"}',NULL,'2022-11-21 06:22:48','2022-11-21 06:22:48'),(18,1,'App\\Models\\Admin','{\"name\":\"Junamy Pedregosa\",\"text\":\"Made an order\",\"link\":\"\\/order\\/7\",\"icon\":\"cart\"}','2022-11-22 00:46:13','2022-11-21 06:34:51','2022-11-22 00:46:13'),(19,16,'App\\Models\\Customer','{\"name\":\"#0180977\",\"text\":\"Order is on delivery\",\"link\":\"orders\",\"icon\":\"cart\"}',NULL,'2022-11-21 06:35:13','2022-11-21 06:35:13'),(20,1,'App\\Models\\Admin','{\"name\":\"Junamy Pedregosa\",\"text\":\"Made an order\",\"link\":\"\\/order\\/8\",\"icon\":\"cart\"}','2022-11-22 00:46:13','2022-11-21 06:35:39','2022-11-22 00:46:13'),(21,16,'App\\Models\\Customer','{\"name\":\"#6490950\",\"text\":\"Order is on delivery\",\"link\":\"orders\",\"icon\":\"cart\"}',NULL,'2022-11-21 06:35:58','2022-11-21 06:35:58'),(22,1,'App\\Models\\Admin','{\"name\":\"Junamy Pedregosa\",\"text\":\"Made an order\",\"link\":\"\\/order\\/9\",\"icon\":\"cart\"}','2022-11-22 00:46:13','2022-11-21 06:36:57','2022-11-22 00:46:13'),(23,1,'App\\Models\\Admin','{\"name\":\"#4969418\",\"text\":\"cancel by customer\",\"link\":\"\\/order\\/9\",\"icon\":\"cart-remove\"}','2022-11-22 00:46:13','2022-11-21 06:37:01','2022-11-22 00:46:13'),(24,16,'App\\Models\\Customer','{\"name\":\"#4969418\",\"text\":\"Order is on delivery\",\"link\":\"orders\",\"icon\":\"cart\"}',NULL,'2022-11-21 06:37:26','2022-11-21 06:37:26'),(25,1,'App\\Models\\Admin','{\"name\":\"#4969418\",\"text\":\"received by customer\",\"link\":\"\\/order\\/9\",\"icon\":\"shield-check\"}','2022-11-22 00:46:13','2022-11-21 06:37:45','2022-11-22 00:46:13'),(26,1,'App\\Models\\Admin','{\"name\":\"Rod E\",\"text\":\"joined the system\",\"link\":\"\\/customer\",\"icon\":\"account\"}','2022-11-22 00:46:13','2022-11-21 09:23:18','2022-11-22 00:46:13'),(27,1,'App\\Models\\Admin','{\"name\":\"Justin Cunanan\",\"text\":\"joined the system\",\"link\":\"\\/customer\",\"icon\":\"account\"}','2022-11-22 00:46:13','2022-11-21 09:31:39','2022-11-22 00:46:13'),(28,1,'App\\Models\\Admin','{\"name\":\"Justin Cunanan\",\"text\":\"Made an order\",\"link\":\"\\/order\\/10\",\"icon\":\"cart\"}','2022-11-22 00:46:13','2022-11-21 09:32:40','2022-11-22 00:46:13'),(29,18,'App\\Models\\Customer','{\"name\":\"#4068442\",\"text\":\"Order is on delivery\",\"link\":\"orders\",\"icon\":\"cart\"}','2022-11-21 10:05:55','2022-11-21 09:34:26','2022-11-21 10:05:55'),(30,1,'App\\Models\\Admin','{\"name\":\"#4068442\",\"text\":\"received by customer\",\"link\":\"\\/order\\/10\",\"icon\":\"shield-check\"}','2022-11-22 00:46:13','2022-11-21 09:35:20','2022-11-22 00:46:13'),(31,1,'App\\Models\\Admin','{\"name\":\"Rod E\",\"text\":\"Made an order\",\"link\":\"\\/order\\/11\",\"icon\":\"cart\"}','2022-11-21 09:59:18','2022-11-21 09:56:48','2022-11-21 09:59:18'),(32,1,'App\\Models\\Admin','{\"name\":\"Stock Alert\",\"text\":\"Product 1009 reach the stock alert point\",\"link\":\"products\",\"icon\":\"devices\"}','2022-11-21 14:27:38','2022-11-21 09:57:03','2022-11-21 14:27:38'),(33,17,'App\\Models\\Customer','{\"name\":\"#5219815\",\"text\":\"Order is on delivery\",\"link\":\"orders\",\"icon\":\"cart\"}','2022-11-21 10:06:10','2022-11-21 09:57:03','2022-11-21 10:06:10'),(34,1,'App\\Models\\Admin','{\"name\":\"#5219815\",\"text\":\"received by customer\",\"link\":\"\\/order\\/11\",\"icon\":\"shield-check\"}','2022-11-21 14:27:55','2022-11-21 09:58:24','2022-11-21 14:27:55'),(35,1,'App\\Models\\Admin','{\"name\":\"Bryan Umadhay\",\"text\":\"Made an order\",\"link\":\"\\/order\\/12\",\"icon\":\"cart\"}',NULL,'2022-12-08 00:19:05','2022-12-08 00:19:05'),(36,1,'App\\Models\\Admin','{\"name\":\"#1212992\",\"text\":\"cancel by customer\",\"link\":\"\\/order\\/12\",\"icon\":\"cart-remove\"}',NULL,'2022-12-08 00:19:14','2022-12-08 00:19:14'),(37,1,'App\\Models\\Admin','{\"name\":\"Junamy Pedregosa\",\"text\":\"Made an order\",\"link\":\"\\/order\\/13\",\"icon\":\"cart\"}',NULL,'2022-12-08 10:02:26','2022-12-08 10:02:26'),(38,16,'App\\Models\\Customer','{\"name\":\"#2586862\",\"text\":\"Order is on delivery\",\"link\":\"orders\",\"icon\":\"cart\"}',NULL,'2022-12-08 10:03:55','2022-12-08 10:03:55'),(39,16,'App\\Models\\Customer','{\"name\":\"#2586862\",\"text\":\"Order is cancel\",\"link\":\"orders\",\"icon\":\"cart-remove\"}',NULL,'2022-12-08 10:05:22','2022-12-08 10:05:22'),(40,14,'App\\Models\\Customer','{\"name\":\"#1212992\",\"text\":\"Order is cancel\",\"link\":\"orders\",\"icon\":\"cart-remove\"}',NULL,'2022-12-08 10:06:07','2022-12-08 10:06:07'),(41,1,'App\\Models\\Admin','{\"name\":\"Berna Sy\",\"text\":\"submit recommendation\",\"link\":\"\\/recommendation\",\"icon\":\"message-processing\"}',NULL,'2022-12-13 09:09:58','2022-12-13 09:09:58'),(42,1,'App\\Models\\Admin','{\"name\":\"JAP 2125\",\"text\":\"joined the system\",\"link\":\"\\/customer\",\"icon\":\"account\"}',NULL,'2022-12-17 09:01:55','2022-12-17 09:01:55'),(43,1,'App\\Models\\Admin','{\"name\":\"MyFirst Name MyLast Name\",\"text\":\"joined the system\",\"link\":\"\\/customer\",\"icon\":\"account\"}',NULL,'2022-12-21 09:22:20','2022-12-21 09:22:20'),(44,1,'App\\Models\\Admin','{\"name\":\"MyFirst Name MyLast Name\",\"text\":\"submit recommendation\",\"link\":\"\\/recommendation\",\"icon\":\"message-processing\"}','2023-02-06 13:07:15','2022-12-21 09:23:36','2023-02-06 13:07:15'),(45,1,'App\\Models\\Admin','{\"name\":\"Jack Colin\",\"text\":\"joined the system\",\"link\":\"\\/customer\",\"icon\":\"account\"}',NULL,'2023-02-27 10:00:41','2023-02-27 10:00:41'),(46,1,'App\\Models\\Admin','{\"name\":\"Jack Colin\",\"text\":\"Made an order\",\"link\":\"\\/order\\/16\",\"icon\":\"cart\"}',NULL,'2023-02-27 10:01:51','2023-02-27 10:01:51'),(47,1,'App\\Models\\Admin','{\"name\":\"#7253792\",\"text\":\"cancel by customer\",\"link\":\"\\/order\\/16\",\"icon\":\"cart-remove\"}',NULL,'2023-02-27 10:02:16','2023-02-27 10:02:16'),(48,1,'App\\Models\\Admin','{\"name\":\"Jack Colin\",\"text\":\"Made an order\",\"link\":\"\\/order\\/17\",\"icon\":\"cart\"}',NULL,'2023-02-27 10:03:23','2023-02-27 10:03:23'),(49,1,'App\\Models\\Admin','{\"name\":\"Nicole Benedict Lim\",\"text\":\"joined the system\",\"link\":\"\\/customer\",\"icon\":\"account\"}',NULL,'2023-02-27 20:47:29','2023-02-27 20:47:29'),(50,1,'App\\Models\\Admin','{\"name\":\"Nicole Benedict Lim\",\"text\":\"Made an order\",\"link\":\"\\/order\\/18\",\"icon\":\"cart\"}','2023-03-09 19:58:00','2023-02-27 20:48:26','2023-03-09 19:58:00'),(51,1,'App\\Models\\Admin','{\"name\":\"Nicole Benedict Lim\",\"text\":\"submit recommendation\",\"link\":\"\\/recommendation\",\"icon\":\"message-processing\"}',NULL,'2023-02-27 20:49:17','2023-02-27 20:49:17'),(52,1,'App\\Models\\Admin','{\"name\":\"Nicole Benedict Lim\",\"text\":\"submit recommendation\",\"link\":\"\\/recommendation\",\"icon\":\"message-processing\"}','2023-03-09 19:57:46','2023-02-27 20:49:22','2023-03-09 19:57:46'),(53,1,'App\\Models\\Admin','{\"name\":\"wowo win\",\"text\":\"joined the system\",\"link\":\"\\/customer\",\"icon\":\"account\"}',NULL,'2023-02-28 11:26:21','2023-02-28 11:26:21'),(54,23,'App\\Models\\Customer','{\"name\":\"#6934925\",\"text\":\"Order is on delivery\",\"link\":\"orders\",\"icon\":\"cart\"}',NULL,'2023-03-09 19:58:23','2023-03-09 19:58:23'),(55,22,'App\\Models\\Customer','{\"name\":\"#1990012\",\"text\":\"Order is on delivery\",\"link\":\"orders\",\"icon\":\"cart\"}',NULL,'2023-03-13 07:03:07','2023-03-13 07:03:07');
/*!40000 ALTER TABLE `notifications` ENABLE KEYS */;
UNLOCK TABLES;

--
-- Table structure for table `oauth_access_tokens`
--

DROP TABLE IF EXISTS `oauth_access_tokens`;
/*!40101 SET @saved_cs_client     = @@character_set_client */;
/*!50503 SET character_set_client = utf8mb4 */;
CREATE TABLE `oauth_access_tokens` (
  `id` varchar(100) CHARACTER SET utf8mb4 COLLATE utf8mb4_unicode_ci NOT NULL,
  `user_id` bigint unsigned DEFAULT NULL,
  `client_id` bigint unsigned NOT NULL,
  `name` varchar(255) CHARACTER SET utf8mb4 COLLATE utf8mb4_unicode_ci DEFAULT NULL,
  `scopes` text CHARACTER SET utf8mb4 COLLATE utf8mb4_unicode_ci,
  `revoked` tinyint(1) NOT NULL,
  `created_at` timestamp NULL DEFAULT NULL,
  `updated_at` timestamp NULL DEFAULT NULL,
  `expires_at` datetime DEFAULT NULL,
  PRIMARY KEY (`id`),
  KEY `oauth_access_tokens_user_id_index` (`user_id`)
) ENGINE=InnoDB DEFAULT CHARSET=utf8mb4 COLLATE=utf8mb4_unicode_ci;
/*!40101 SET character_set_client = @saved_cs_client */;

--
-- Dumping data for table `oauth_access_tokens`
--

LOCK TABLES `oauth_access_tokens` WRITE;
/*!40000 ALTER TABLE `oauth_access_tokens` DISABLE KEYS */;
/*!40000 ALTER TABLE `oauth_access_tokens` ENABLE KEYS */;
UNLOCK TABLES;

--
-- Table structure for table `oauth_auth_codes`
--

DROP TABLE IF EXISTS `oauth_auth_codes`;
/*!40101 SET @saved_cs_client     = @@character_set_client */;
/*!50503 SET character_set_client = utf8mb4 */;
CREATE TABLE `oauth_auth_codes` (
  `id` varchar(100) CHARACTER SET utf8mb4 COLLATE utf8mb4_unicode_ci NOT NULL,
  `user_id` bigint unsigned NOT NULL,
  `client_id` bigint unsigned NOT NULL,
  `scopes` text CHARACTER SET utf8mb4 COLLATE utf8mb4_unicode_ci,
  `revoked` tinyint(1) NOT NULL,
  `expires_at` datetime DEFAULT NULL,
  PRIMARY KEY (`id`),
  KEY `oauth_auth_codes_user_id_index` (`user_id`)
) ENGINE=InnoDB DEFAULT CHARSET=utf8mb4 COLLATE=utf8mb4_unicode_ci;
/*!40101 SET character_set_client = @saved_cs_client */;

--
-- Dumping data for table `oauth_auth_codes`
--

LOCK TABLES `oauth_auth_codes` WRITE;
/*!40000 ALTER TABLE `oauth_auth_codes` DISABLE KEYS */;
/*!40000 ALTER TABLE `oauth_auth_codes` ENABLE KEYS */;
UNLOCK TABLES;

--
-- Table structure for table `oauth_clients`
--

DROP TABLE IF EXISTS `oauth_clients`;
/*!40101 SET @saved_cs_client     = @@character_set_client */;
/*!50503 SET character_set_client = utf8mb4 */;
CREATE TABLE `oauth_clients` (
  `id` bigint unsigned NOT NULL AUTO_INCREMENT,
  `user_id` bigint unsigned DEFAULT NULL,
  `name` varchar(255) CHARACTER SET utf8mb4 COLLATE utf8mb4_unicode_ci NOT NULL,
  `secret` varchar(100) CHARACTER SET utf8mb4 COLLATE utf8mb4_unicode_ci DEFAULT NULL,
  `provider` varchar(255) CHARACTER SET utf8mb4 COLLATE utf8mb4_unicode_ci DEFAULT NULL,
  `redirect` text CHARACTER SET utf8mb4 COLLATE utf8mb4_unicode_ci NOT NULL,
  `personal_access_client` tinyint(1) NOT NULL,
  `password_client` tinyint(1) NOT NULL,
  `revoked` tinyint(1) NOT NULL,
  `created_at` timestamp NULL DEFAULT NULL,
  `updated_at` timestamp NULL DEFAULT NULL,
  PRIMARY KEY (`id`),
  KEY `oauth_clients_user_id_index` (`user_id`)
) ENGINE=InnoDB DEFAULT CHARSET=utf8mb4 COLLATE=utf8mb4_unicode_ci;
/*!40101 SET character_set_client = @saved_cs_client */;

--
-- Dumping data for table `oauth_clients`
--

LOCK TABLES `oauth_clients` WRITE;
/*!40000 ALTER TABLE `oauth_clients` DISABLE KEYS */;
/*!40000 ALTER TABLE `oauth_clients` ENABLE KEYS */;
UNLOCK TABLES;

--
-- Table structure for table `oauth_personal_access_clients`
--

DROP TABLE IF EXISTS `oauth_personal_access_clients`;
/*!40101 SET @saved_cs_client     = @@character_set_client */;
/*!50503 SET character_set_client = utf8mb4 */;
CREATE TABLE `oauth_personal_access_clients` (
  `id` bigint unsigned NOT NULL AUTO_INCREMENT,
  `client_id` bigint unsigned NOT NULL,
  `created_at` timestamp NULL DEFAULT NULL,
  `updated_at` timestamp NULL DEFAULT NULL,
  PRIMARY KEY (`id`)
) ENGINE=InnoDB DEFAULT CHARSET=utf8mb4 COLLATE=utf8mb4_unicode_ci;
/*!40101 SET character_set_client = @saved_cs_client */;

--
-- Dumping data for table `oauth_personal_access_clients`
--

LOCK TABLES `oauth_personal_access_clients` WRITE;
/*!40000 ALTER TABLE `oauth_personal_access_clients` DISABLE KEYS */;
/*!40000 ALTER TABLE `oauth_personal_access_clients` ENABLE KEYS */;
UNLOCK TABLES;

--
-- Table structure for table `oauth_refresh_tokens`
--

DROP TABLE IF EXISTS `oauth_refresh_tokens`;
/*!40101 SET @saved_cs_client     = @@character_set_client */;
/*!50503 SET character_set_client = utf8mb4 */;
CREATE TABLE `oauth_refresh_tokens` (
  `id` varchar(100) CHARACTER SET utf8mb4 COLLATE utf8mb4_unicode_ci NOT NULL,
  `access_token_id` varchar(100) CHARACTER SET utf8mb4 COLLATE utf8mb4_unicode_ci NOT NULL,
  `revoked` tinyint(1) NOT NULL,
  `expires_at` datetime DEFAULT NULL,
  PRIMARY KEY (`id`),
  KEY `oauth_refresh_tokens_access_token_id_index` (`access_token_id`)
) ENGINE=InnoDB DEFAULT CHARSET=utf8mb4 COLLATE=utf8mb4_unicode_ci;
/*!40101 SET character_set_client = @saved_cs_client */;

--
-- Dumping data for table `oauth_refresh_tokens`
--

LOCK TABLES `oauth_refresh_tokens` WRITE;
/*!40000 ALTER TABLE `oauth_refresh_tokens` DISABLE KEYS */;
/*!40000 ALTER TABLE `oauth_refresh_tokens` ENABLE KEYS */;
UNLOCK TABLES;

--
-- Table structure for table `order_product`
--

DROP TABLE IF EXISTS `order_product`;
/*!40101 SET @saved_cs_client     = @@character_set_client */;
/*!50503 SET character_set_client = utf8mb4 */;
CREATE TABLE `order_product` (
  `id` bigint unsigned NOT NULL AUTO_INCREMENT,
  `order_id` bigint unsigned NOT NULL,
  `product_id` bigint unsigned NOT NULL,
  `price` int NOT NULL,
  `quantity` int NOT NULL,
  `stock_id` int DEFAULT NULL,
  `sku` varchar(255) CHARACTER SET utf8mb4 COLLATE utf8mb4_unicode_ci DEFAULT NULL,
  `created_at` timestamp NULL DEFAULT NULL,
  `updated_at` timestamp NULL DEFAULT NULL,
  PRIMARY KEY (`id`),
  KEY `order_product_order_id_foreign` (`order_id`),
  KEY `order_product_product_id_foreign` (`product_id`),
  CONSTRAINT `order_product_order_id_foreign` FOREIGN KEY (`order_id`) REFERENCES `orders` (`id`),
  CONSTRAINT `order_product_product_id_foreign` FOREIGN KEY (`product_id`) REFERENCES `products` (`id`)
) ENGINE=InnoDB AUTO_INCREMENT=25 DEFAULT CHARSET=utf8mb4 COLLATE=utf8mb4_unicode_ci;
/*!40101 SET character_set_client = @saved_cs_client */;

--
-- Dumping data for table `order_product`
--

LOCK TABLES `order_product` WRITE;
/*!40000 ALTER TABLE `order_product` DISABLE KEYS */;
INSERT INTO `order_product` VALUES (1,1,969,14900,1,9,'0DHPB5FQ',NULL,NULL),(2,2,986,4390,1,143,'N8GAQ3XI',NULL,NULL),(3,3,987,2050,1,130,'1AOCPRNT',NULL,NULL),(4,4,989,1995,26,176,'03AOIVKN',NULL,NULL),(5,5,989,1995,1,NULL,NULL,NULL,NULL),(6,6,986,4390,1,179,'J8ZWGZ19',NULL,NULL),(7,6,987,2050,1,183,'287YH2KW',NULL,NULL),(8,7,857,59500,1,314,'0GRJ6T7P',NULL,NULL),(9,8,727,5250,1,171,'03AOIVKN',NULL,NULL),(10,8,778,10800,1,305,'NWJX79WJ',NULL,NULL),(11,9,1006,67790,1,478,'1HXT1FJ7',NULL,NULL),(12,10,1008,5195,1,486,'2T6A7KY0',NULL,NULL),(13,11,1009,150,20,492,'101',NULL,NULL),(14,12,1004,25950,0,NULL,NULL,NULL,NULL),(16,13,1008,5195,55,NULL,NULL,NULL,NULL),(17,14,55,7080,1,195,'F4-4000C18D-16GTZN',NULL,NULL),(18,15,84,2895,1,NULL,NULL,NULL,NULL),(19,16,1008,5195,1,NULL,NULL,NULL,NULL),(20,17,1006,67790,3,478,'1HXT1FJ7',NULL,NULL),(21,17,1007,3995,1,488,'LJOP7R7H',NULL,NULL),(22,17,1005,53500,1,474,'M6KVQ7BY',NULL,NULL),(23,18,988,4750,2,177,'X7VE961H',NULL,NULL),(24,19,57,9950,1,197,'F4-4000C18D-32GTZN',NULL,NULL);
/*!40000 ALTER TABLE `order_product` ENABLE KEYS */;
UNLOCK TABLES;

--
-- Table structure for table `orders`
--

DROP TABLE IF EXISTS `orders`;
/*!40101 SET @saved_cs_client     = @@character_set_client */;
/*!50503 SET character_set_client = utf8mb4 */;
CREATE TABLE `orders` (
  `id` bigint unsigned NOT NULL AUTO_INCREMENT,
  `order_code` varchar(255) CHARACTER SET utf8mb4 COLLATE utf8mb4_unicode_ci NOT NULL,
  `total` int NOT NULL,
  `note` varchar(255) CHARACTER SET utf8mb4 COLLATE utf8mb4_unicode_ci DEFAULT NULL,
  `status` int NOT NULL DEFAULT '1',
  `arrival` varchar(255) CHARACTER SET utf8mb4 COLLATE utf8mb4_unicode_ci DEFAULT NULL,
  `date_received` date DEFAULT NULL,
  `customer_id` bigint unsigned NOT NULL,
  `created_at` timestamp NULL DEFAULT NULL,
  `updated_at` timestamp NULL DEFAULT NULL,
  PRIMARY KEY (`id`),
  KEY `orders_customer_id_foreign` (`customer_id`),
  CONSTRAINT `orders_customer_id_foreign` FOREIGN KEY (`customer_id`) REFERENCES `customers` (`id`)
) ENGINE=InnoDB AUTO_INCREMENT=20 DEFAULT CHARSET=utf8mb4 COLLATE=utf8mb4_unicode_ci;
/*!40101 SET character_set_client = @saved_cs_client */;

--
-- Dumping data for table `orders`
--

LOCK TABLES `orders` WRITE;
/*!40000 ALTER TABLE `orders` DISABLE KEYS */;
INSERT INTO `orders` VALUES (1,'#6988624',14900,NULL,4,'2022-11-20','2022-11-20',14,'2022-11-20 14:49:57','2022-11-20 18:01:30'),(2,'#2144911',4390,NULL,4,'2022-11-21','2022-11-20',16,'2022-11-20 18:07:51','2022-11-20 18:08:37'),(3,'#2456075',2050,NULL,4,'2022-11-21','2022-11-20',16,'2022-11-20 18:08:02','2022-11-20 18:08:35'),(4,'#3253213',51870,NULL,4,'2022-11-21','2022-11-21',14,'2022-11-21 02:49:07','2022-11-21 02:49:30'),(5,'#9254144',1995,NULL,0,NULL,NULL,14,'2022-11-21 02:50:58','2022-11-21 02:55:28'),(6,'#4365866',6440,NULL,4,'2022-11-21','2022-11-21',14,'2022-11-21 06:22:28','2022-11-21 06:22:51'),(7,'#0180977',59500,NULL,4,'2022-11-21','2022-11-21',16,'2022-11-21 06:34:51','2022-11-21 06:35:13'),(8,'#6490950',16050,NULL,4,'2022-11-21','2022-11-21',16,'2022-11-21 06:35:39','2022-11-21 06:36:00'),(9,'#4969418',67790,NULL,4,'2022-11-24','2022-11-21',16,'2022-11-21 06:36:57','2022-11-21 06:37:45'),(10,'#4068442',5195,NULL,4,'2022-11-22','2022-11-21',18,'2022-11-21 09:32:40','2022-11-21 09:35:20'),(11,'#5219815',3000,NULL,4,'2022-11-22','2022-11-21',17,'2022-11-21 09:56:48','2022-11-21 09:58:24'),(12,'#1212992',0,NULL,0,NULL,NULL,14,'2022-12-08 00:19:05','2022-12-08 00:19:14'),(13,'#2586862',285725,NULL,0,NULL,NULL,16,'2022-12-08 10:02:26','2022-12-08 10:05:22'),(14,'#0410554',7080,NULL,2,'2022-12-30',NULL,21,'2022-12-27 17:49:10','2022-12-27 17:49:10'),(15,'#1440863',2895,NULL,1,'2022-12-27',NULL,13,'2022-12-27 17:49:41','2022-12-27 17:49:41'),(16,'#7253792',5195,NULL,0,NULL,NULL,22,'2023-02-27 10:01:51','2023-02-27 10:02:16'),(17,'#1990012',260865,NULL,4,'2023-03-14','2023-04-03',22,'2023-02-27 10:03:23','2023-04-03 17:13:46'),(18,'#6934925',9500,NULL,2,'2023-03-13',NULL,23,'2023-02-27 20:48:26','2023-03-09 19:58:23'),(19,'#3817507',9950,'test',2,'2023-04-03',NULL,24,'2023-04-03 17:14:09','2023-04-03 17:14:09');
/*!40000 ALTER TABLE `orders` ENABLE KEYS */;
UNLOCK TABLES;

--
-- Table structure for table `password_resets`
--

DROP TABLE IF EXISTS `password_resets`;
/*!40101 SET @saved_cs_client     = @@character_set_client */;
/*!50503 SET character_set_client = utf8mb4 */;
CREATE TABLE `password_resets` (
  `email` varchar(255) CHARACTER SET utf8mb4 COLLATE utf8mb4_unicode_ci NOT NULL,
  `token` varchar(255) CHARACTER SET utf8mb4 COLLATE utf8mb4_unicode_ci NOT NULL,
  `created_at` timestamp NULL DEFAULT NULL,
  KEY `password_resets_email_index` (`email`)
) ENGINE=InnoDB DEFAULT CHARSET=utf8mb4 COLLATE=utf8mb4_unicode_ci;
/*!40101 SET character_set_client = @saved_cs_client */;

--
-- Dumping data for table `password_resets`
--

LOCK TABLES `password_resets` WRITE;
/*!40000 ALTER TABLE `password_resets` DISABLE KEYS */;
/*!40000 ALTER TABLE `password_resets` ENABLE KEYS */;
UNLOCK TABLES;

--
-- Table structure for table `personal_access_tokens`
--

DROP TABLE IF EXISTS `personal_access_tokens`;
/*!40101 SET @saved_cs_client     = @@character_set_client */;
/*!50503 SET character_set_client = utf8mb4 */;
CREATE TABLE `personal_access_tokens` (
  `id` bigint unsigned NOT NULL AUTO_INCREMENT,
  `tokenable_type` varchar(255) CHARACTER SET utf8mb4 COLLATE utf8mb4_unicode_ci NOT NULL,
  `tokenable_id` bigint unsigned NOT NULL,
  `name` varchar(255) CHARACTER SET utf8mb4 COLLATE utf8mb4_unicode_ci NOT NULL,
  `token` varchar(64) CHARACTER SET utf8mb4 COLLATE utf8mb4_unicode_ci NOT NULL,
  `abilities` text CHARACTER SET utf8mb4 COLLATE utf8mb4_unicode_ci,
  `last_used_at` timestamp NULL DEFAULT NULL,
  `created_at` timestamp NULL DEFAULT NULL,
  `updated_at` timestamp NULL DEFAULT NULL,
  PRIMARY KEY (`id`),
  UNIQUE KEY `personal_access_tokens_token_unique` (`token`),
  KEY `personal_access_tokens_tokenable_type_tokenable_id_index` (`tokenable_type`,`tokenable_id`)
) ENGINE=InnoDB DEFAULT CHARSET=utf8mb4 COLLATE=utf8mb4_unicode_ci;
/*!40101 SET character_set_client = @saved_cs_client */;

--
-- Dumping data for table `personal_access_tokens`
--

LOCK TABLES `personal_access_tokens` WRITE;
/*!40000 ALTER TABLE `personal_access_tokens` DISABLE KEYS */;
/*!40000 ALTER TABLE `personal_access_tokens` ENABLE KEYS */;
UNLOCK TABLES;

--
-- Table structure for table `products`
--

DROP TABLE IF EXISTS `products`;
/*!40101 SET @saved_cs_client     = @@character_set_client */;
/*!50503 SET character_set_client = utf8mb4 */;
CREATE TABLE `products` (
  `id` bigint unsigned NOT NULL AUTO_INCREMENT,
  `name` varchar(255) CHARACTER SET utf8mb4 COLLATE utf8mb4_unicode_ci NOT NULL,
  `description` longtext CHARACTER SET utf8mb4 COLLATE utf8mb4_unicode_ci,
  `price` int NOT NULL,
  `created_at` timestamp NULL DEFAULT NULL,
  `updated_at` timestamp NULL DEFAULT NULL,
  `cost_price` int NOT NULL,
  `reoder_point` int NOT NULL DEFAULT '0',
  PRIMARY KEY (`id`)
) ENGINE=InnoDB AUTO_INCREMENT=1010 DEFAULT CHARSET=utf8mb4 COLLATE=utf8mb4_unicode_ci;
/*!40101 SET character_set_client = @saved_cs_client */;

--
-- Dumping data for table `products`
--

LOCK TABLES `products` WRITE;
/*!40000 ALTER TABLE `products` DISABLE KEYS */;
INSERT INTO `products` VALUES (54,'GIGABYTE AORUS RGB 16GB 2X8GB DDR4 4400MHZ GP-ARS16G44','Memory Size : 16GB Kit (2 x 8GB)\nFrequency : DDR4-4400 MHz\nTiming : 19-26-26-46 (XMP 4400MHz)\nPerformance Profile : XMP 2.0\nRGB Fusion 2.0 Supported\nHigh Efficient Heat Spreaders to Keep Performance\nUser Friendly Design for Easier Installation\nINTEL Z490 and AMD X570 Certificated',6750,'2022-11-16 14:18:13','2022-11-21 05:45:21',6200,0),(55,'GSKILL TRIDENT Z NEO 16GB 8X2 DDR4 4000MHZ F4-4000C18D-16GTZN DESKTOP MEMORY','Memory Type: DDR4\nCapacity: 16GB (8GBx2)\nMulti-Channel Kit: Dual Channel Kit\nTested Speed: 4000MHz\nTested Latency: 18-22-22-42\nTested Voltage: 1.35V\nRegistered/Unbuffered: Unbuffered\nError Checking: Non-ECC\nSPD Speed: 2133MHz\nSPD Voltage: 1.20V\nFeatures: Intel XMP 2.0 (Extreme Memory Profile) Ready\nAdditional Notes: Rated XMP frequency & stability depends on MB & CPU capability.',7080,'2022-11-16 14:22:37','2022-11-21 05:45:11',6500,0),(57,'GSKILL TRIDENT Z NEO 32GB 2X16GB DDR4 4000MHZ CL18 F4-4000C18D-32GTZN','Memory Type DDR4\nCapacity 32GB (16GBx2)\nMulti-Channel Kit Dual Channel Kit\nTested Speed 4000MHz\nTested Latency 18-22-22-42\nTested Voltage 1.40V\nRegistered/Unbuffered Unbuffered\nError Checking Non-ECC\nSPD Speed 2133MHz\nSPD Voltage 1.20V\nFan Included No\nFeatures Intel XMP 2.0 (Extreme Memory Profile) Ready\nAdditional Notes Rated XMP frequency & stability depends on MB & CPU capability.',9950,'2022-11-16 14:23:54','2022-11-21 05:45:00',9400,0),(59,'COOLER MASTER ELITE V3 400WATTS 230V PSU MPW-4001-ACABN1-PH | MPW-4001-ACAAN1-PH',' Type Intel ATX 12V V2.31\n PFC Active PFC(>0.9)\n Input Voltage 200-240Vac\n Input Current 4A\n Input Frequency 47-63Hz',1750,'2022-11-16 14:24:58','2022-11-21 05:44:45',1100,0),(60,'GSKILL TRIDENT Z RGB 16GB 2X8GB DDR4 4000MHZ CL18 F4-4000C18D-16GTZRB','Memory Type DDR4\nCapacity 16GB (8GBx2)\nMulti-Channel Kit Dual Channel Kit\nTested Speed 4000MHz\nTested Latency 18-22-22-42\nTested Voltage 1.35V\nRegistered/Unbuffered Unbuffered\nError Checking Non-ECC\nSPD Speed 2133MHz\nSPD Voltage 1.20V\nFan Included No\nFeatures Intel XMP 2.0 (Extreme Memory Profile) Ready\nAdditional Notes Rated XMP frequency & stability depends on MB & CPU capability.',8350,'2022-11-16 14:24:59','2022-11-21 05:44:35',7800,0),(81,'SEASONIC S12III 650 BRONZE 650WATTS 80+ POWER SUPPLY SSR-650GB3',' Form Factor : ATX 12 V\n Dimensions : 140 mm (L) x 150 mm (W) x 86 mm (H)\n Fan Information Fan Size : 120 mm\n Fan Control : Seasonic S2FC\n Fan Bearing : Sleeve bearing\n Life Expectancy : 30,000 hours at 40 C, 15 % - 65 % RH\n Cable Information : Modularity Fixed cable\n Cable type : Flat black cables\n Electrical Features : Operating Temperature 40 C\n MTBF @ 25 C, excl. fan 100,000 hours\n AC Input : Full Range\n Protection : OPP, OVP, UVP, SCP\n Safety and Environmental : Safety and EMC cTUVus, TUV, Gost-R, CB , BSMI, CCC, CE, FCC, C-tick\n Environmental Compliance : Energy Star, RoHS, WEEE, REACH',3450,'2022-11-16 14:46:40','2022-11-21 05:44:03',3000,0),(84,'SEASONIC S12III 500 BRONZE 500W PSU 80+ SSR-500GB3',' 80 PLUS Bronze certified\n Fixed cables\n Tight Voltage Regulation\n S2FC - Smart and Silent Fan Control\n Dimensions: 140 mm (L) x 150 mm (W) x 86 mm (H)',2895,'2022-11-16 14:47:49','2022-11-21 05:43:53',2300,0),(85,'SEASONIC PRIME PLATINUM 650W 80+ FULL MODULAR SSR-650PD',' 80 PLUS Platinum certified\n Micro Tolerance Load Regulation (0.5 %)\n Cable-free Connection Design\n Premium Hybrid Fan Control - Fanless until 40 % load\n Multi-GPU setup\n Gold plated connectors',7640,'2022-11-16 14:48:10','2022-11-21 05:43:44',7000,0),(100,'ADATA 8GB DDR4 3200MHZ SINGLE SODIMM AD4S32008G22-SGN | AD4S32008G22-RGN','Module Type: SO-DIMM\nForm Factor: Standard 1.18\" height\nMemory Type: DDR4\nStandard: JEDEC\nPin Count: 260-Pin\nDensity: 8GB\nSpeed: 3200MHz\nDRAM Spec/VCC: DDR4 STD 1.2V\nOperating temperature: 0C to 85C',1895,'2022-11-16 14:55:14','2022-11-21 05:43:33',1300,0),(111,'ADATA 16GB SINGLE DDR4 2666MHZ SODIMM AD4S266616G19-SGN','Item model number AD4S266616G19-SGN\nRAM Size 16 GB\nComputer Memory Type DDR4 SDRAM',3600,'2022-11-16 14:59:08','2022-11-21 05:43:21',3100,0),(114,'GIGABYTE P650B BRONZE 650WATTS 80+ POWER SUPPLY GP-P650B',' 80 PLUS bronze certified: up to 89% efficiency\n 100% Japanese Capacitors\n 120mm Hydraulic Bearing (HYB) Fan\n Single +12V rail\n Meet ErP LOT6 2013 (< 0.5W at standby mode)\n OPP/UVP/OVP/SCP/OCP protection',2820,'2022-11-16 15:00:50','2022-11-21 05:43:12',2300,0),(116,'ADATA 16GB SINGLE DDR4 3200MHZ SODIMM AD4S320016G22-SGN | AD4S320016G22-RGN','Module Type SO-DIMM\nForm Factor Standard 1.18\" height\nMemory Type DDR4\nStandard JEDEC\nPin Count 260-Pin\nDensity 16GB\nSpeed 3200MHz\nPower Supply VDD and VDDQ = 1.2V0.06V\nDRAM activation power supply VPP= 2.5V (+0.25V / -0.125V)\nDRAM spec/VCC DDR4 STD 1.2V\nOperating temperature 0C to 85C',3200,'2022-11-16 15:03:41','2022-11-21 05:42:53',2700,0),(117,'FSP HYPER K 600W 80+ WHITE POWER SUPPLY HP600S',' Complies with ATX 12V v2.4 & EPS 12V v2.92\n Meets 85% Efficiency\n Active PFC, Power Factor  99%\n +12V Single Rail Design\n PCI-Express 6+2 Pin Graphic Card Connectors\n SATA Array Cable\n 120mm Quiet Fan',2270,'2022-11-16 15:03:41','2022-11-21 05:43:02',1700,0),(120,'GSKILL 8GB SINGLE DDDR4 2666MHZ SODIMM F4-2666C19S-8GRS','F4-2666C19S-8GRS\nRipjaws DDR4 SO-DIMM\nDDR4-2666MHz CL19-19-19 1.20V\n8GB (1x8GB)\nG.SKILL Ripjaws DDR4 SO-DIMM kit is the ideal system upgrade and provides faster data transfer and higher energy efficiency than ever. Experience a new standard of speed with Ripjaws DDR4 SO-DIMM today!\nForm Factor: SO-DIMM\nMemory Type: DDR4\nCapacity: 8GB (8GBx1)\nChannel Config: Single Channel\nTested Speed: 2666MHz\nCAS Latency: 19-19-19-43\nDRAM Voltage: 1.20V',1970,'2022-11-16 15:05:31','2022-11-21 05:42:42',1400,0),(123,'GSKILL 8GB SINGLE DDR4 3200MHZ SODIMM F4-3200C22S-8GRS','Form Factor SO-DIMM\nMemory Type DDR4\nCapacity 8GB (8GBx1)\nChannel Config Single Channel\nTested Speed 3200MHz\nCAS Latency 22-22-22-52\nDRAM Voltage 1.20V',1840,'2022-11-16 15:06:14','2022-11-21 05:42:30',1400,0),(126,'KINGSTON 4GB DDR4 2133 SINGLE SODIMM KVR21S15S8/4','4GB Module  DDR4 2133MHz\nPart Number: KVR21S15S8/4\nSpecs: DDR4 , 2133MHz , Non-ECC , CL15 , 1.2V , Unbuffered',1950,'2022-11-16 15:06:50','2022-11-21 05:42:16',1500,0),(130,'KINGSTON 4GB SINGLE DDR4 3200MHZ SODIMM KVR32S22S6/4','SKU KVR32S22S6/4\nEAN/UPC Code 740617296105\nBrand Kingston\nMemory Capacity 4GB\nSpeed 3200MHz (PC4-25600)\nError Check Non-ECC\nModel/Series/Type ValueRAM\nModule Type SODIMM\nCAS Latency CL22\nForm Factor DDR4\nRank 1R (Single Rank)\nPins 260 Pin\nOperating Temperature 0C to 85C\nMemory Voltage 1.2v\nMemory Depth 512M\nProduct Condition New',1600,'2022-11-16 15:07:31','2022-11-21 05:42:06',1000,0),(134,'KINGSTON SODIMM 16GB DDR4 3200 KVR32S22D8/16','Module Type SO-DIMM\nForm Factor Standard 1.18\" height\nMemory Type DDR4\nStandard JEDEC\nInterface 260-pin\nDensity 16GB\nSpeed 3200MHz',3430,'2022-11-16 15:08:41','2022-11-21 05:41:55',3100,0),(140,'TRANSCEND 8GB SINGLE DDR4 2666MHZ SODIMM JM2666HSG-8G','So-Dimm\nRAM Type: DDR4\nDIMM Type: Unbuffered SO-DIMM\nSpeed: 2666MHz\nCAS Latency: CL19\nCapacity: 8GB\nRank x Org.: 1Rx16\nComponent Composition: 1Gx8\nVoltage: 1.2V\nPin Count: 260 pin\nPCB Height: 1.18 inches\nOperating Temperature 0C (32F) ~ 85C (185F)',2500,'2022-11-16 15:10:01','2022-11-21 05:41:20',2000,0),(144,'CORSAIR CV650 BRONZE 650WATTS 80+ POWER SUPPLY CP-9020211-NA | CP-9020236-NA','Interfaces/Ports\n\n SATA Connectors: 7\n CPU Connectors: 1 x 4+4-pin EPS\n PCI Connectors: 2 x 6+2-pin PCIe\n Motherboard Connectors: 1 x 20+4-pin ATX\n Molex Connectors: 2\n Floppy Connectors: 1 x Floppy\n Compliance\n Standards: 80 PLUS Bronze Certified\n\nPhysical\n\n Form Factor: ATX Power Supply Unit\n Case Colour: Black\n In The Box: CV Series ATX Power Supply; AC Power Cord; Mounting Screws; Warranty Documentation\n Width: 150 mm\n Depth: 125 mm\n Height: 86 mm\n Weight: 1.9 kg\n\nKey Features\n\n Modular Cables: No\n 80Plus Rated: 80 Plus Bronze\n PSU Form Factor: ATX\n PCI-E Connectors: 2\n Floppy Connector: 1\n Motherboard Power Connectors: 4 + 4-Pin\n PCI-E Pin Type: 6+2-Pin\n PSU Depth: 125 mm',3290,'2022-11-16 15:12:28','2022-11-21 05:40:55',2700,0),(145,'COOLER MASTER MASTERBOX NR200 WHITE ITX MCB-NR200-WNNN-S00','MODEL NUMBER: MCB-NR200-WNNN-S00\nSERIES: MASTERBOX SERIES\nSIZE: MINI ITX\nAVAILABLE COLOR(S): WHITE\nMATERIALS: STEEL, PLASTIC, MESH\nDIMENSIONS (L X W X H): 376 X 185 X 292MM INCL. PROTRUSIONS, 360 X 185 X 274MM EXCL. PROTRUSIONS\nVOLUME 18.25L (EXLC. PROTRUSIONS)\nMOTHERBOARD SUPPORT: MINI DTX, MINI ITX, MAX MB SIZE: 244 X 226MM (L X H)\nEXPANSION SLOTS: 3\n5.25\" DRIVE BAYS: 0\n3.5\" DRIVE BAYS: 1 (MAX. 2)\n2.5\" / 3.5\" DRIVE BAYS (COMBO): 1\n2.5\" DRIVE BAYS: 2 (MAX. 3)\nI/O PANEL: 2X USB 3.2 GEN 1 TYPE-A, 1X 3.5MM HEADSET JACK (AUDIO+MIC)\nPRE-INSTALLED FANS - TOP 1X 120MM 650-1800RPM PWM (SICKLEFLOW)\nPRE-INSTALLED FANS - REAR 1X 92MM 650-2300RPM PWM (SICKLEFLOW)\nFAN SUPPORT - TOP 2X 120MM\nFAN SUPPORT - REAR 1X 92MM\nFAN SUPPORT - BOTTOM 2X 120MM (RECOMMENDED SLIM FANS FOR GPUS WIDER THAN 2.5 PCI SLOTS)\nFAN SUPPORT - SIDE 2X 120/140MM\nRADIATOR SUPPORT - REAR 92MM (NOT COMPATIBLE WITH VERTICAL GPU INSTALLATION)\nRADIATOR SUPPORT - BOTTOM 120MM, 240MM, (RECOMMENDED FOR CUSTOM LOOPS ONLY)\nRADIATOR SUPPORT - SIDE 120MM, 140MM, 240MM, 280MM, (NOT COMPATIBLE WITH VERTICAL GPU INSTALLATION)\nCLEARANCE - CPU COOLER 155MM, 76MM (GPU IN VERTICAL POSITION)\nCLEARANCE - PSU 130MM\nCLEARANCE - GFX L: 330MM (INCL. POWER CONNECTOR), H: 156MM (INCL. POWER CONNECTOR), W: 60MM (TRIPLE SLOT)\nDUST FILTERS TOP, BOTTOM, LEFT SIDE, RIGHT SIDE\nPOWER SUPPLY SUPPORT SFX, SFX-L\nWEIGHT 4.8 KG\nNOTE: SINGLE SLOT WATER-COOLER GPUS OR VERTICALLY MOUNTED GPUS ARE RECOMMENDED WHEN USING BOTTOM RADIATOR POSITION',3580,'2022-11-16 15:13:04','2022-11-21 05:40:42',3000,0),(147,'COOLER MASTER MWE GOLD 650W 80+ POWER SUPPLY MPY-6501-ACAAG-U2',' 80 PLUS Gold Certified\n 8Silent and Durable LDB Fan Bearing\n 8Proven Thermal Resistance\n 8Flat & Flexible Cables\n 8High Efficiency and Stable Output',4350,'2022-11-16 15:13:25','2022-11-21 05:40:31',3800,0),(148,'INWIN A1 PLUS MINI ITX RGB TOWER CASE WITH 650W POWER SUPPLY QI WIRELESS','Model A1 PLUS\nPart Number IW-A1PLUS-BLACK, IW-A1PLUS-WHITE\nColors Black, White\nCase Type Mini ITX Tower\nCase Materials SECC, Tempered Glass\nM/B Compatibility Mini-ITX\nExpansion Slots PCI-E x 2\nMaximum Compatibility VGA Card Length: 320mm\nCPU Heatsink Height: 160mm\nFront Ports 2 x USB 3.0 , HD Audio\nInternal Drive Bays 2 x 2.5\"\nThermal Solution Compatibility:\n1 x 120mm Side Fan\n1 x 120mm Rear Fan / 120mm Radiator\n2 x 120mm Bottom Fan\nPower Supply Compatibility InWin 650W PSU Included\nAC Input/Efficient AC input: 100-240V / 80 PLUS Gold\nProduct Dimensions (H x W x D) with Screw & Handle Height\n273 x 224 x 357mm / 10.7\" x 8.8\" x 14.1\"\nProduct Dimensions (H x W x D) 231 x 210 x 343mm\nPackage Dimensions (H x W x D)\n344 x 295 x 414mm / 13.5\" x 11.6\" x 16.2\"\nNet Weight 7.1 kg/ 15.7lbs\nGross Weight 7.9 kg/ 17.5lbs',8950,'2022-11-16 15:13:44','2022-11-21 05:40:17',8400,0),(149,'COOLER MASTER MWE GOLD 550 V2 550W 80+ POWER SUPPLY MPE-5501-ACAAG-U2 | MPY-5501-ACAAG-U2',' Form Factor ATX\n Maximum Power 550 Watts\n Fan 120 mm\n Main connector 20 + 4 Pin\n Rail + 12V 1 x 4 + 4 Pin\n PCI-Express connectors two\n SATA connectors 8',3710,'2022-11-16 15:13:46','2022-11-21 05:40:06',3200,0),(150,'INWIN A1 PRIME BLACK ITX CASE (2*120MM SIRIUS LOOP) WITH 750W GOLD PSU','Model: A1 Prime\nModel Number: IW-A1PRIME-BLACK\nColors: Black\nCase Type: Mini ITX Tower\nCase Materials: SECC, Tempered Glass\nM/B Compatibility: Mini-ITX\nExpansion Slots: PCI-E x 2\nMaximum Compatibility:\nVGA Card Length: 320mm\nVGA Card Thickness: 55mm\nCPU Heatsink Height: 160mm\nFront Ports 2 x USB 3.0 , HD Audio\nInternal Drive Bays 2 x 2.5\"\nThermal Solution Compatibility:\nAir Cooling Fans:\nRear: 1 x 120mm (Pre-installed)\nBottom: 2 x 120mm\nSide: 1 x 120mm (Pre-installed)\nWater Cooling Radiator: Rear: 1 x 120mm\nPower Supply Compatibility: PSII: Intel ATX12V V2.52 InWin 750W 80 PLUS Gold PSU Included\nDimension: 357 x 224 x 273mm / 14.1\" x 8.8\" x 10.7\"\nWeight: 6.14kg / 13.5 lbs',8800,'2022-11-16 15:14:25','2022-11-21 05:39:53',8300,0),(151,'INWIN A1 PRIME WHITE ITX CASE (2*120MM SIRIUS PURE) WITH 750W GOLD PSU','Model: A1 Prime\nModel Number: IW-A1PRIME-WHITE\nColors: White\nCase Type: Mini ITX Tower\nCase Materials: SECC, Tempered Glass\nM/B Compatibility: Mini-ITX\nExpansion Slots: PCI-E x 2\nMaximum Compatibility:\nVGA Card Length: 320mm\nVGA Card Thickness: 55mm\nCPU Heatsink Height: 160mm\nFront Ports 2 x USB 3.0 , HD Audio\nInternal Drive Bays 2 x 2.5\"\nThermal Solution Compatibility:\nAir Cooling Fans:\nRear: 1 x 120mm (Pre-installed)\nBottom: 2 x 120mm\nSide: 1 x 120mm (Pre-installed)\nWater Cooling Radiator: Rear: 1 x 120mm\nPower Supply Compatibility: PSII: Intel ATX12V V2.52 InWin 750W 80 PLUS Gold PSU Included\nDimension: 357 x 224 x 273mm / 14.1\" x 8.8\" x 10.7\"\nWeight: 6.14kg / 13.5 lbs',8800,'2022-11-16 15:15:01','2022-11-21 05:39:38',8300,0),(152,'INWIN EXPLORER BONE WHITE ITX CASE WITH 3*120MM LUNA','Model: Explorer Bone\nColors: White\nCase Type: Mini ITX Tower\nCase Materials: SECC, Tempered Glass\nM/B Compatibility: Mini-ITX\nExpansion Slots: PCI-E x 3\nMaximum Compatibility:\nVGA Card Length: 330mm\nCPU Heatsink Height: 160mm\nFront Ports 2 x USB 3.0 , 1x USB 3.1 Gen 2 Type-C HD Audio\nInternal Drive Bays: 2 x 2.5\", 1 x 3.5\"\nThermal Solution Compatibility:\nAir Cooling Fans:\nRear: 1 x 120mm (Pre-installed)\nTop: 2 x 120mm (Pre-installed)\nWater Cooling Radiator: Rear: 1 x 120mm\nPower Supply Compatibility: PS2: PSU Length: Up to 160mm\nDimension: 405mm x 300mm x 273mm\nWeight: 5 kg',4600,'2022-11-16 15:15:36','2022-11-21 05:39:24',4100,0),(153,'INWIN EXPLORER JUSTICE WHITE M-ITX W/ 3X120MM LUNA FAN','Model: AIRFORCE\nModel Number: IW-CS-AIRFORCE-BLA\nColor: Phantom Black\nCase Type: Mid Tower\nMaterials: Tempered Glass, SECC, ABS\nM/B Compatibility: 12 x 13 (305 x 330 mm) E-ATX, ATX, Micro-ATX, Mini-ITX\nExpansion Slots: 8 x PCI-E\nMaximum Compatibility: VGA Card Length: 390 mm\nCPU Heatsink Height: 170 mm\nI/O Ports\n1 x USB 3.1 Gen 2Type-C\n2 x USB 3.0\nHD Audio\nInternal Drive Bays 4 x 2.5\"\n2 x 3.5\"\nThermal Solution Compatibility Air Cooling Fans:\nFront: 3 x 120 mm\nTop: 3 x 120 mm\nRear: 1 x 120 mm\n(3 InWin AL120 Fans Included)\nWater Cooling Radiator:\nFront: 1 x 360 mm\nTop: 1 x 360 mm\nPower Supply Compatibility PSII : ATX12V - Length up to 180mm\nProduct Dimension (H x W x D): 537 x 270 x 528 mm / 21.1 x 10.6 x 20.7\nWeight: 6.9 kg / 15.2 lbs',4600,'2022-11-16 15:16:55','2022-11-21 05:38:55',4100,0),(154,'MINING RACK','MINING RACK',3800,'2022-11-16 15:17:34','2022-11-21 05:38:43',3300,0),(155,'BEQUIET DARK BASE PRO 900 BLACK CASE (ORANGE | BLACK SILVER)','Case Type: Full Tower\nMotherboard Compatibility: ATX/MATX/ITX\nDimension: 577 x 243 x 585mm\nFans Included: N/A\nDrive Bays: 7x3.5\", 15x2.5\"\nSide Panel: Tempered Glass',14500,'2022-11-16 15:18:45','2022-11-21 05:38:30',14000,0),(156,'BEQUIET SILENT BASE 600 WINDOW BLACK CASE BGW06','Black BGW06\nBlack-Silver \n\nCase Type: Full Tower\nMotherboard Compatibility: ATX/MATX/ITX\nDimension: 495 x 230 x 493\nFans Included: 1x120mm, 1x140mm Fan\nDrive Bays: 3x5.25\", 7x3.5\", 4x2.5\"\nSide Panel: Steel',7250,'2022-11-16 15:20:05','2022-11-21 05:38:16',6800,0),(157,'COOLMAN ROBIN 2 DUAL CHAMBER BLACK TG ATX CASE','Power Supply: ATX Standard at bottom\nMaterial: SPCC, ABS\nSide/Front Panel: Tempered Glass\nMotherboard: ATX/Micro ATX\nVGA Card: Max Length 400mm\nCPU: Max Height 165mm\nCase Size: 415mm*395mm*425mm\nDrive bays: HDD:3.5 * 2 SSD: 2.5 * 2\nFan Position:\nFront:120mm Fan *3 240/360 water cooling\nTop : 120mm Fan *3 240/360 water cooling\nButtom: 120mm Fan *3\nRear: 120mm Fan *1\nI/O Port: USB 3.0 *1 USB 2.0 *1\nAUDIO: HD\nPcie *7\nFans are not included',3200,'2022-11-16 15:20:47','2022-11-21 05:37:59',2700,0),(158,'CORSAIR 7000D AIRFLOW FULL-TOWER ATX PC CASE  BLACK CC-9011218-WW','Maximum GPU Length 450 mm\nMaximum PSU Length 225 mm\nMaximum CPU Cooler Height 190 mm\nExpansion Slots 8 horizontal + 3 vertical\nCase Drive Bays (x6) 3.5in (x4) 2.5in\nForm Factor FULL TOWER\nCase Windowed Tempered Glass\nCase Warranty 2 Year\nColor BLACK\nRadiator Compatibility 120mm, 140mm, 240mm, 280mm, 360mm, 420mm, 480mm\nCase Front IO (4x) USB 3.0, (1x) USB 3.1 Type C, (1x) Audio in/out\nCompatible Corsair Liquid Coolers H55, H60, H75, H80i, H90, H100i, H105, H110i, H115i, H150i, H170i\nCase Power Supply ATX\nWeight 18.7\nHeight 600 mm\nLength 550 mm\nWidth 248 mm',13500,'2022-11-16 15:21:58','2022-11-21 05:37:47',13000,0),(159,'COOLER MASTER G600 GOLD 80+ NON-MODULAR MPW-6001-ACAAG-U2G POWER SUPPLY',' Model: MPW-6001-ACAAG\n ATX Version: ATX 12V V2.52\n PFC: ACTIVE PFC\n INPUT Voltage: 100-240V\n INPUT Current: 10-5A\n INPUT Frequency: 47-63HZ\n DIMENSIONS (L X W X H): 140 X 150 X 86 MM\n FAN SIZE: 120MM\n FAN BEARING: HDB\n EFFICIENCY: 90% @ TYPICAL LOAD\n 80 PLUS RATING: 80 PLUS GOLD\n ERP 2014 LOT 3: YES\n OPERATING TEMPERATURE: 0-40C\n POWER GOOD SIGNAL: 100 - 150 MS\n HOLD UP TIME: 15MS AT 100% LOAD\n MTBF: >100,000 HOURS\n PROTECTIONS: OVP, UVP, OPP, OTP, SCP, OCP\n REGULATORY: CB, CTUVUS, TUV, CE, ROHS2.0, FCC, CCC, BSMI, KC+KCC, BIS, EAC\n ATX 24-PIN CONNECTORS: 1\n EPS 4+4 PIN CONNECTORS: 1\n EPS 8 PIN CONNECTOR: 1\n SATA CONNECTORS: 6\n PERIPHERAL 4-PIN CONNECTORS: 3\n PCI-E 6+2 PIN CONNECTORS: 2\n MODULAR: NON MODULAR',4150,'2022-11-16 15:22:23','2022-11-21 05:37:31',3600,0),(162,'CORSAIR 7000D AIRFLOW FULL-TOWER ATX PC CASE  WHITE CC-9011219-WW','Maximum GPU Length 450 mm\nMaximum PSU Length 225 mm\nMaximum CPU Cooler Height 190 mm\nExpansion Slots 8 horizontal + 3 vertical\nCase Drive Bays (x6) 3.5in (x4) 2.5in\nForm Factor FULL TOWER\nCase Windowed Tempered Glass\nCase Warranty 2 Year\nColor WHITE\nRadiator Compatibility 120mm, 140mm, 240mm, 280mm, 360mm, 420mm, 480mm\nCase Front IO (4x) USB 3.0, (1x) USB 3.1 Type C, (1x) Audio in/out\nCompatible Corsair Liquid Coolers H55, H60, H75, H80i, H90, H100i, H105, H110i, H115i, H150i, H170i\nCase Power Supply ATX\nWeight 18.7\nHeight 600 mm\nLength 550 mm\nWidth 248 mm',2759,'2022-11-16 15:23:33','2022-11-21 05:36:56',2200,0),(164,'ADATA XPG BATTLE CRUISER BLACK ATX ARGB FANS (4X120MM)','Dimension (H*W*D): 485*225*506mm (19.09*8.85*19.92 inch)\nColor: Exterior & Interior : Black\nMaterial: SPCC\nSide Panels: 4mm tempered glass*4\nForm Factor: Mini-ITX, Micro-ATX, ATX, E-ATX\n3.5\" HDD/HDD Tray: 2+1\n2.5\" HDD/SSD Tray: 5+1 (Combo 3.5/2.5)\nI/O Port\nType C Gen.1*1, USB 3.0 * 2, HD Audio ( Mic & SW ) * 1, LED Control * 1\nFan Included\nFront3 x XPG VENTO 120 ARGB\nRear1 x XPG VENTO 120 ARGB\nFan Support\nFront3*120mm , 2*140mm\nTop3*120mm , 2*140mm\nRear1*120mm\nBottom1*120mm\nRadiator Support\nFront360 / 280 / 240mm\nTop360 / 240mm\nRear120mm\nClearance\nGraphic Card Length: 400mm\nGraphic Card Vertical Installation Height: 23mm\nCPU Cooler Height: 175mm\nPSU Length: 225mm\nWeight: 10.84kg (23.9lb) 5%',6200,'2022-11-16 15:24:23','2022-11-21 05:36:34',5700,0),(165,'ADATA XPG BATTLE CRUISER WHITE ATX ARGB FANS (4X120MM)','Dimension (H*W*D): 485 x 225 x 506 (19.09 x 8.86 x 19.92 inch)\nColor: White\nMaterial: SPCC\nSide Panels: 4mm Tempered Glass (4 Sides)\nForm Factor: Mini-ITX; Micro-ATX; ATX E-ATX; CEB; EEB\nPCI-E Slots: 7 Horizontal / 2 Vertical\n3.5\" HDD/HDD Tray: 2+1\n2.5\" HDD/SSD Tray: 5+1 (Combo 3.5 /2.5 )\nI/O Port: x1 USB Type C Gen.1; x2 USB 3.0; x1 Hybrid Audio Port; X1 LED Button\nFan Included: Front: 3 x XPG VENTO 120 ARGB Fans; Rear: 1 x XPG VENTO 120 ARGB Fan\nFan Support: Front: 3x 120mm, 2x 140mm Top: 2x 120mm, 2x 140mm; Rear: 1x 120mm; Bottom: 1 x 120mm\nRadiator Support: Front: 360 / 280 / 240mm; Top: 360 / 240mm; Rear: 120mm\nClearance: CPU Cooler Height Limitation: 170mm; Graphic Card Length Limitation: 400mm; Graphic Card Vertical Installation Limitation: 23.0mm; PSU Length Limitation: 225mm\nCable Management: 27.3 mm Depth',6400,'2022-11-16 15:25:10','2022-11-21 05:35:05',5900,0),(166,'ADATA XPG DEFENDER PRO MESH BLACK TG ATX 3X120MM','Dimension (H*W*D): 492 x 220 x 441mm (19.37 x 8.66 x 17.36 inch)\nExterior & Interior : Black\nMaterial: SGCC\nSide Panels: 3mm Tempered Glass Side Panel\nForm Factor: Mini-ITX, Micro-ATX, ATX, E-ATX, CEB, EEB\n3.5\" HDD/HDD Tray: 2\n2.5\" HDD/SSD Tray: 2+2 (Combo 3.5/2.5)\nI/O Port: x2 USB 3.0, x1 Hybrid Audio Port, x1 LED Control Button\nFan Included\nFront: 2 x XPG VENTO ARGB 120mm Fan\nRear: 1 x XPG VENTO ARGB 120mm Fan\nFan Support\nFront : 120mm x3 , 140mm x2\nTop : 120mm x2 , 140mm x2\nRear : 120mm x1\nRadiator Support\nFront : 360 / 280 / 240mm x1\nTop : 280 / 240 / 120mm x1\nRear : 120mm x1\nClearance\nGraphic Card Length: 400mm\n380mm (with pre-installed fans)\nGraphic Card Vertical Installation Height: 27.3mm\nCPU Cooler Height: 170mm\nPSU Length: 220mm\nWeight\nProduct : 7.37 kg (16.3lb) 5%\nwith Package : 9.53kg (21.0lb) 5%',5150,'2022-11-16 15:28:12','2022-11-21 05:34:47',4700,0),(167,'ADATA XPG INVADER BLACK TG ATX 2X120MM','Dimension (H*W*D): 470*206*482mm (18.74*8.11*18.97 inch)\nExterior & Interior : Black\nMaterial: SPCC\nSide Panels: 4mm Tempered Glass*1 (Left side)\nForm Factor: Mini-ITX, Micro-ATX, ATX\n3.5\" HDD/HDD Tray: 2\n2.5\" HDD/SSD Tray: 2+2 (Combo 3.5/2.5)\nI/O Port: USB 3.0 * 2 , Audio*1, HD Audio ( Mic & SW ) * 1 , LED Control * 1\nFan Included\nFront: 1 x XPG VENTO 120\nRear: 1 x XPG VENTO 120\nFan Support\nFront: 3*120mm, 2*140mm\nTop: 2*120mm\nRear: 1*120mm\nBottom: 1*120mm\nRight Side: 2*120mm\nRadiator Support\nFront: 360 / 240mm\nTop: 240mm\nRight Side: 1*240mm\nRear: 120mm\nClearance\nGraphic Card Length: 430mm\n400mm (with pre-installed fans)\n280mm (with side fan installed)\nCPU Cooler Height: 170mm\nPSU Length: 225mm\nWeight\nProduct + cables : 8.00kg (17.6lb) 5%\nwith Package : 9.75kg (21.5lb) 5%',2990,'2022-11-16 15:28:58','2022-11-21 05:34:24',2400,0),(168,'ADATA XPG STARKER BLACK ATX TG CASE (2X120MM)','Dimension (H*W*D): 465 x 215 x 400mm (18.3 x 8.46 x 15.75 inch)\nColor: Exterior & Interior : Black\nMaterial: SPCC\nSide Panels: 4mm Tempered Glass*1 (Left side)\nForm Factor: Mini-ITX, Micro-ATX, ATX\n3.5\" HDD/HDD Tray: 2+1 (Combo 3.5 + 2.5)\n2.5\" HDD/SSD Tray : 2+1 (Combo 3.5 + 2.5)\nI/O Port: x2 USB 3.0, x1 Hybrid Audio Port, x1 LED Control Button\nFan Included\nFront : 1 x XPG VENTO 120\nRear : 1 x XPG VENTO 120 ARGB\nFan Support\nFront : 120mm x3 , 140mm x2\nTop : 120mm x2 , 140mm x2\nRear : 120mm x1\nRadiator Support\nFront : 360 / 280 / 240mm x1\nTop : 280 / 240 / 120mm x1\nRear : 120mm x1\nClearance\nGraphic Card Length: 350mm\n320mm (with pre-installed fans)\nGraphic Card Vertical Installation Height: 24mm\nCPU Cooler Height: 165mm\nPSU Length: 160mm\nWeight STARKER (BLACK)7.46kg (16.4lb) 5%',2995,'2022-11-16 15:29:50','2022-11-21 05:34:11',2400,0),(169,'ADATA XPG STARKER WHITE ATX TG CASE (2X120MM)','Dimension (H*W*D): 465 x 215 x 400mm (18.3 x 8.46 x 15.75 inch)\nColor: Exterior & Interior : White\nMaterial: SPCC\nSide Panels: 4mm Tempered Glass*1 (Left side)\nForm Factor: Mini-ITX, Micro-ATX, ATX\n3.5\" HDD/HDD Tray: 2+1 (Combo 3.5 + 2.5)\n2.5\" HDD/SSD Tray : 2+1 (Combo 3.5 + 2.5)\nI/O Port: x2 USB 3.0, x1 Hybrid Audio Port, x1 LED Control Button\nFan Included\nFront : 1 x XPG VENTO 120\nRear : 1 x XPG VENTO 120 ARGB\nFan Support\nFront : 120mm x3 , 140mm x2\nTop : 120mm x2 , 140mm x2\nRear : 120mm x1\nRadiator Support\nFront : 360 / 280 / 240mm x1\nTop : 280 / 240 / 120mm x1\nRear : 120mm x1\nClearance\nGraphic Card Length: 350mm\n320mm (with pre-installed fans)\nGraphic Card Vertical Installation Height: 24mm\nCPU Cooler Height: 165mm\nPSU Length: 160mm\nWeight STARKER (WHITE)7.46kg (16.4lb) 5%',2995,'2022-11-16 15:30:31','2022-11-21 05:33:39',2400,0),(170,'AEROCOOL AERO BOLT RGB MID TOWER CASE 1X120MM','Model Name: Bolt\nCase Type: Mid Tower\nColor: Black\nSteel Thickness: 0.5mm\nMotherboards: ATX/micro-ATX/mini-ITX\nCase Dimensions (Overall): 194 x 444 x 410mm (W x H x D)\n3.5 Drive Bay: 2\n2.5 Drive Bay: 2\nExpansion Slots: 7\nGPU Clearance: Supports GPU up to 355mm (without front fan)\nCPU Clearance: Supports CPU coolers up to 155mm\nI/O Ports: USB 3.0 x 1 | USB 2.0 x 2 | HD Audio & Mic. | LED Control Button | Power Button\nAir Cooling\n-Front: 120mm x 3 (Optional)\n-Top: 120mm x 2 (Optional)\n-Rear: 120mm x 1 (Includes 120mm Fan)\n-Supports VGA Fan: 120mm x 2 (Optional)\nLiquid Cooling: Front: 240mm Radiator (Optional)\nNet Weight/Gross Weight: 3.38kg/4.10kg\nInternal Cable Management Depth: 24mm\nPower Supply: ATX PSU (Optional)',2350,'2022-11-16 15:31:16','2022-11-21 05:33:26',1800,0),(177,'ANTEC ATOM B550 BRONZE 550W 80+ POWER SUPPLY',' MODEL: Atom B550\n INPUT VOLTAGE: 200-240V\n INPUT CURRENT: 6.3A\n INPUT FREQUENCY: 50HZ\n DIMENSIONS (L X W X H): 140 X 150 X 86 MM\n FAN SIZE: 120MM\n ATX 24-PIN CONNECTORS: 1\n EPS 4+4-PIN CONNECTORS: 1\n PCI-E 6+2 PIN CONNECTORS: 2\n SATA CONNECTORS: 5\n PERIPHERAL 4-PIN CONNECTORS: 3\n MODULAR: NON MODULAR',2340,'2022-11-16 15:33:49','2022-11-21 05:33:10',1800,0),(178,'ANTEC DF800 FLUX ATX TG BLACK 3*120MM ARGB 1*120MM MID TOWER CASE','Dimensions: 479 x 220 x 488 mm (DWH)\nForm Factor: Mid tower\nMaterials : Steel + Plastic\nMainboard Support: ATX , Micro-ATX, Mini-ITX\nFront Access & Controls: Power, LED Control Button, 2 x USB3.0, MIC/HD-AUDIO\nSide Panel: 4mm Tempered Glass Side Panel\nExpansion Slots: 7\n3.5\" /2.5\" : 3/2\n2.5\": 3\nFan Front : 3 x 120mm / 3 x 140mm\nTop: 3 x 120mm / 2 x 140mm\nPower Supply Shroud: 2 x 120mm\nRear: 1 x 120mm\nIncluded Fan(s): 3 x 120mm ARGB fans in front\n1 x 120mm fan (Reverse Fan) on PSU shroud\n& 1 x 120mm fan in rear\nRadiator Support\nFront: 120 / 140 / 240 / 280 / 360mm\nTop: 120 / 140 / 240 / 280 / 360mm\nRear: 120mm\nMax GPU Length:  405mm\nMax CPU Cooler Height:  175mm\nMax PSU Length:  205mm\nDust Filter: Top / Bottom / Right Hand Side\nNet Weight: 7.58 kg\nGross Weight: 8.70 kg',4490,'2022-11-16 15:33:53','2022-11-21 05:32:55',4000,0),(180,'ANTEC NX201 TG ATX BLACK 1*120MM MID TOWER CASE','Dimensions: 438 x 193 x 463 mm (DWH)\nForm Factor: Mid Tower\nMaterials : Steel + Plastic\nMainboard Support: ATX, Micro-ATX, ITX\nFront Access & Controls: Power, LED Control Button, USB 3.0 x 1, USB 2.0 x 2, MIC/HD-AUDIO\nSide Panel: Tempered glass\nExpansion & Drive Bays\nExpansion Slots: 7\n3.5\" /2.5\": 2/2\n2.5\": 2\nFront: 2 x 120 mm\nTop: 2 x 120 mm\nPower supply: 2 x 120 mm\nRear: 1 x 120 mm\nIncluded Fan(s): 1 x 120 mm fan in rear\nRadiator Support\nFront: 120 / 240 mm\nMax GPU Length:  355 mm\nMax CPU Cooler Height:  155 mm\nMax PSU Length:  190 mm\nDust Filter: Top / Bottom\nNet Weight: 3.66 KG\nGross Weight: 4.55 KG',2170,'2022-11-16 15:34:32','2022-11-21 05:32:37',1900,0),(182,'ANTEC NX250 ARGB TG ATX BLACK MID TOWER CASING (1*120MM)','Dimensions: 386 x 215 x 448mm (DWH)\nWeight: 4.2 kg\nForm Factor: Mid Tower\nMaterials: SPCC + Plastic\nMainboard Support: ATX, Micro-ATX,ITX\nFront Access & Controls: Power, LED Control Button, 1 x USB3.0, 2 x USB2.0 , HD-AUDIO\nSide Panel: Tempered Glass Side Panel\nExpansion Slots: 7\n3.5\" / 2.5\": 2 / 1\n2.5\": 2\nFan Support:\nFront: 3 x 120mm / 2 x 140mm\nTop: 2 x 120mm\nRear: 1 x 120mm\nPSU Shroud: 2 x 120mm\nIncluded Fan(s): 1 x 120mm fan in rear\nRadiator Support:\nFront: 120 / 140 / 240 / 280 / 360mm\nRear: 120mm\nClearance:\nMax GPU Length:  310mm\nMax CPU Cooler Height:  160mm\nMax PSU Length:  185mm(with HDD) /  310mm(without HDD)\nDust Filter: Front/Top/Bottom',1890,'2022-11-16 15:35:10','2022-11-21 06:00:17',1300,0),(183,'ANTEC NE850GM GOLD 850W 80+ MODULAR BLACK PSU',' Product Name: NE850G M\n Model Name: X7000A083-20\n Type: ATX 12V 2.4\n Modular: Fully\n Dimension: 150(L) x 140(W) x 86(H)\n Input Voltage: 100-240 VAC\n Input Current: 10A MAX\n Input Frequency Range: 50Hz-60Hz\n PFC: Active PFC\n Power Good Signal 100-500ms\n Efficiency: Up To 92%\n Protection: OCP / OVP / UVP / SCP / OPP / OTP / SIP / NLO\n Output Capacity: 850W\n Operation Temperature: 0~40C\n Regulatory: cTUVus / TUV / CB / RCM / CE / FCC / BIS\n/ BSMI / KC / UKCA / ICES\n Fan: 120mm Silence Fan\n Certifications: 80 Plus Gold\n Connector:\n1 x MB 24(20+4) Pin\n2 x 8(4+4) Pin EPS 12V\n6 x 8(6+2) Pin PCI-E\n10 x SATA\n5 x Molex\n1 x FDD\n Net Weight: 1.38 kgs\n Gross Weight: 2.55 kgs',5300,'2022-11-16 15:35:33','2022-11-21 06:00:06',4800,0),(188,'ASUS ROG STRIX GOLD 850WATTS 80+ FULL MODULAR ROG-STRIX-850G-WHITE',' ROG heatsinks cover critical components, delivering lower temperatures and reduced noise.\n Axial-tech fan design features a smaller fan hub that facilitates longer blades and a barrier ring that increases downward air pressure.\n Dual ball fan bearings can last up to twice as long as sleeve bearing designs.\n 0dB Technology lets you enjoy light gaming in relative silence.\n An 80 Plus Gold Certification is the result of Japanese capacitors and other premium components.\n Cosmetic customization is enabled by a magnetic logo and stickers that help you reskin the visible side to your liking.\n Fully modular cables keep your rig neat and tidy.',8600,'2022-11-16 15:36:40','2022-11-21 05:59:54',8100,0),(190,'ASUS TUF GAMING 750B BRONZE 750WATTS 80+ PSU TUF-GAMING-750B',' Intel Specification ATX12V\n Dimensions 15 x 15 x 8.6 Centimeter\n Efficiency 80Plus Bronze\n Protection Features OPP/OVP/UVP/SCP/OCP/OTP\n Hazardous Materials ROHS\n AC Input Range 100-240Vac\n DC Output Voltage +3.3V +5V +12V -12V +5Vsb\n Maximum Load 25A 25A 62A 0.8A 3A\n Total Output 750W\n Connectors\nMB 24/20-pin x1\nCPU 4+4-pin x2\nPCI-E 6+2-pin x4\nSATA x8\nPeriplheral x4',4420,'2022-11-16 15:37:17','2022-11-21 05:59:39',4000,0),(194,'ANTEC NX310 TG ATX BLACK MID TOWER CASING (2*120MM)','Dimensions: 430 x 215 x 460mm (DWH)\nWeight: 5.1 kg\nForm Factor: Mid Tower\nMaterials: SPCC + Plastic\nMainboard Support: ATX, Micro-ATX, ITX\nFront Access & Controls: Power, Reset, ARGB Control Button, 1 x USB3.0, 2 x USB2.0 , HD-AUDIO\nSide Panel: Tempered Glass Side Panel\nExpansion Slots: 7\n3.5\" / 2.5\" : 2 / 2\n2.5\": 4\nFan Support:\nFront: 3 x 120mm / 2 x 140mm\nTop: 2 x 120mm / 2 x 140mm\nRear: 1 x 120mm\nPSU Shroud: 2 x 120mm\nIncluded Fan(s): 1 x 120mm ARGB Led fan in front, 1 x 120mm fan in rear\nRadiator Support:\nFront: 120 / 140 / 240 / 280 /\nRear: 120mm\nClearange:\nMax GPU Length:  320mm\nMax CPU Cooler Height:  165mm\nMax PSU Length:  170mm\nDust Filter: Top/Bottom',2150,'2022-11-16 15:38:01','2022-11-21 05:59:28',1700,0),(199,'CORSAIR AX760I PLATINUM 760WATTS 80+ FULL MODULAR PSU CP-9020036-NA',' Adjustable Single/Multi 12V Rail Yes\n ATX Connector 1\n ATX12V Version v2.4\n Continuous output rated temperature C 50C\n Continuous power W 760 Watts\n Fan bearing technology Dual Ball Bearing\n Fan size mm 120mm\n MTBF hours 100,000 hours\n Multi-GPU ready YES\n Power 760 Watts\n Warranty Ten years\n 80 PLUS Efficiency Platinum\n PSU Form Factor ATX\n Zero RPM Mode Yes\n Cable Type Low-Profile, All Black\n C-Link Ready Yes\n Dimensions 150mm x 86mm x 160mm\n EPS12V Connector 2\n Floppy Connector 2\n Modular Fully\n PCIe Connector 6\n Plug Type NA\n SATA Connector 12\n Special Technology Yes',9150,'2022-11-16 15:39:10','2022-11-21 05:59:18',8700,0),(203,'CORSAIR CX750M BRONZE 750WATTS 80+ SEMI MODULAR CP-9020061-NA',' ATX Connector: 1\n Adjustable Single/Multi 12V Rail: No\n ATX12V Version: v2.4\n Continuous output rated temperature C: 40C\n Continuous power W: 750 Watts\n Corsair Link Support: No\n Fan bearing technology: Sleeve\n Fan size mm: 135mm\n MTBF hours: 100,000 hours\n Multi-GPU ready: YES\n Power: 750 Watts\n 80 PLUS Efficiency: Bronze\n PSU Form Factor: ATX\n Zero RPM Mode: No\n Cable Type: Low-Profile, All Black\n C-Link Ready: No\n Dimensions: 150mm x 86mm x 160mm\n EPS Connector: 1\n Floppy Connector: 2\n Modular: Semi\n PCI-E Connector: 4\n Plug Type: NA\n SATA Connector: 8',5270,'2022-11-16 15:40:02','2022-11-21 05:59:06',4800,0),(210,'ANTEC TORQUE BLACK-WHITE E-ATX ALUMINUM USB3.1 TYPE-C TG MID TOWER GAMING CASE (3*120MM FRONT, 3*120MM TOP FANS)','Specifications:\nDimensions: 621 x 285 x 644 mm (DWH)\nForm Factor: Mid Tower\nMaterials: Aluminum\nMainboard Support: E-ATX, ATX,Micro-ATX,ITX\nFront Access & Controls: USB3.0 x 2, MIC/AUDIO(HD), Power, Type-C USB3.1\nSide Panel: 4 mm Tempered glass (Both sides)\nExpansion & Drive Bays:\nExpansion Slots: 7\n3.5\": 1\n2.5\": 1\nCooling Support:\nFront: 3 x 120mm\nTop: 3 x 120mm\nRadiator Support:\nFront:  360mm\nTop:  360mm\nClearance:\nMB Tray Clearance:  37mm\nMax GPU Length:  450mm\nMax CPU Cooler Height:  215mm\nPSU Support: ATX\nWeight: 9.35 kg',19380,'2022-11-16 15:41:44','2022-11-21 05:58:56',18800,0),(231,'ASUS TUF GAMING GT301 TG ATX MID-TOWER CASE (3X120MM ARGB)','Dimensions 426 x 214 x 482 mm (LxWxH)\nCase SizeATX Mid Tower\nForm Factor ATX/micro ATX/Mini ITX\nDrive Bays\n4 x Int x 2.5 Bay\n2 x Int x 2.5/3.5 Combo Bay\nPreinstall Fans\nFront: 3 x 120mm Addressable RGB DC Fans, AURA Sync Support\nRear: 1 x 120mm DC Fan without lighting\nExpansion Slots 7 x Horizontal PCI-E\nWeight N.W. 7.2 kg\nFront I/O Ports\n2 x USB 3.2 Gen 1 (USB 3.0)\n1 x Headphone + Microphone',4350,'2022-11-16 15:48:11','2022-11-21 05:58:43',3900,0),(260,'ASUS ROG STRIX 1000WATTS GOLD 80+ FULL MODULAR ROG-STRIX-1000G',' ROG heatsinks cover critical components, delivering lower temperatures and reduced noise.\n Axial-tech fan design features a smaller fan hub that facilitates longer blades and a barrier ring that increases downward air pressure.\n Dual ball fan bearings can last up to twice as long as sleeve bearing designs.\n 0dB Technology lets you enjoy light gaming in relative silence.\n An 80 Plus Gold Certification is the result of Japanese capacitors and other premium components.\n Cosmetic customization is enabled by a magnetic logo and stickers that help you reskin the visible side to your liking.\n Fully modular cables keep your rig neat and tidy.',9950,'2022-11-16 15:55:15','2022-11-21 05:58:26',9500,0),(262,'ASUS ROG THOR PLATINUM 1200W 80+ MODULAR ROG-THOR-1200P PSU',' Aura Sync : Advanced customization with addressable RGB LEDs and Aura Sync compatibility\n OLED Power Display : Real-time power draw monitoring with OLED Power Display\n ROG Thermal Solution : 0dB cooling with dustproof IP5X Wing-blade Fan and ROG heatsink design\n 80 PLUS Platinum : Built with 100% Japanese capacitors and other premium components\n Sleeved Cables : For easy building and superior aesthetics',18000,'2022-11-16 15:55:34','2022-11-21 05:58:15',17500,0),(266,'CORSAIR HX1200 PLATINUM 1200WATTS 80+ FULL MODULAR CP-9020140-NA',' ATX Connector: 1\n Adjustable Single/Multi 12V Rail: No\n ATX12V Version: v2.4\n Continuous output rated temperature C: 50C\n Continuous power W: 1200 Watts\n Corsair Link Support: No\n Fan bearing technology: Fluid Dynamic Bearing\n Fan size mm: 135mm\n MTBF hours: 100,000 hours\n Multi-GPU ready: YES\n Power: 1200 Watts\n 80 PLUS Efficiency: Platinum\n PSU Form Factor: ATX\n Zero RPM Mode: Yes\n Cable Type: Low-Profile, All Black\n C-Link Ready: No\n Dimensions: 150mm x 86mm x 200mm\n EPS Connector: 2\n Floppy Connector: 1\n Modular: Fully\n PCI-E Connector: 8\n Plug Type: NA\n SATA Connector: 16\n Adjustable Single/Multi 12V Rail: No\n ATX12V Version: v2.4\n Continuous output rated temperature C: 50C\n Continuous power W: 1200 Watts\n Corsair Link Support: No\n Fan bearing technology: Fluid Dynamic Bearing\n Fan size mm: 135mm\n MTBF hours: 100,000 hours\n Multi-GPU ready: YES\n Power: 1200 Watts\n 80 PLUS Efficiency: Platinum\n PSU Form Factor: ATX\n Zero RPM Mode: Yes\n Cable Type: Low-Profile, All Black\n C-Link Ready: No\n Dimensions: 150mm x 86mm x 200mm\n EPS Connector: 2\n Floppy Connector: 1\n Modular: Fully\n PCI-E Connector: 8\n Plug Type: NA\n SATA Connector: 16',12950,'2022-11-16 15:56:25','2022-11-21 05:58:00',12400,0),(284,'ASUS SDRW-08D2S-U LITE DVD OPTICAL DRIVE DVDRW EXTERNAL',' Mac and Windows OS Compatible\n Disc Encryption double security with password-controlled and hidden-file functionality\n Drag-and-Burn: friendly interface with only three simple steps to burn a disc\n Diamond-cut design realize aesthetics of technology',1470,'2022-11-16 16:07:01','2022-11-21 05:57:47',1000,0),(286,'BLURAY DRIVE 9.5 SLIM USB3.0',' USB 3.0 interface for high-speed data transfer. (More faster than USB2.0, Compliant with USB2.0)\n External Tray Load, Read and Write for DVD and CD. Fully compatible with Windows 10/8/8.1/7/Vista/XP and all Mac 10 OS systems\n The drive Integrates USB cable on bottom case makes the drive easy to carry and simply to use\n Good error correction, noise reduction due to anti-vibration-technology, low power consumption, no power supply needed due to power supply via USB-connection / This CD/DVD-writer/burner/player displays a noble and fashionable design, which is also scratch resistant\n Measuring just 14mm thick, the device is thinnest portable DVD drive. The slim sleek design and smooth contoured shape allow the drive to fit comfortably into the sleeve of any laptop bag or backpack, while its non-slip rubber feet ensure the drive will not move from where you place it',4690,'2022-11-16 16:07:40','2022-11-21 05:55:10',4100,0),(287,'BLURAY DRIVE 12.7 SUPER SLIM USB3.0',' Bluray Drive 12.7 Super Slim USB3.0',5840,'2022-11-16 16:07:59','2022-11-21 05:54:57',5300,0),(289,'LITEON IHAS124 24X MULTI FORMAT DVDWRITER',' Record to all major formats on one drive: DVDR/RW, DVDR DL, DVD-RAM, CD-R/RW, and LightScribe\n Record to single- or double-layer DVDs, as well as DVD-RAMs\n Burn your own labels on discs with the latest LightScribe technology\n Edit videos, create slide shows, and more with the included software',850,'2022-11-16 16:08:17','2022-11-21 05:54:47',400,0),(290,'PCIE 4-PORT USB CARD 3.0',' PCIE 4-port USB Card 3.0',590,'2022-11-16 16:09:11','2022-11-21 05:54:39',300,0),(292,'SEAGATE BACKUP PLUS 4TB PORTABLE DRIVES',' Brand Name: Seagate\n Series: Seagate 4TB Backup Plus Portable Hard Drive\n Item model number:\nSTHP4000401 Silver\nSTHP4000402 Blue\nSTHP4000400 Black\n Hardware Platform: Mac\n Item Weight: 4.5 ounces\n Product Dimensions: 4.5 x 3.1 x 0.5 inches\n Flash Memory Size: 1 TB\n Hard Drive Interface: USB 2.0/3.0\n Hard Drive Rotational Speed: 1 RPM',6990,'2022-11-16 16:10:29','2022-11-21 05:54:11',6400,0),(293,'SEAGATE BACKUP PLUS SLIM 1TB PORTABLE DRIVES',' Brand Name: Seagate\n Series: Seagate 1TB Backup Plus Slim Portable Hard Drive\n Item model number:\nSTHN1000400 Black\nSTHN1000401 Silver\nSTHN1000402 Blue\nSTHN1000403 Red\nSTHN1000404 Gold\nSTHN1000405 Space Gray\n Hardware Platform: Mac\n Item Weight: 4.5 ounces\n Product Dimensions: 4.5 x 3.1 x 0.5 inches\n Item Dimensions L x W x H: 4.52 x 3.07 x 0.46 inches\n Flash Memory Size: 1 TB\n Hard Drive Interface: USB 2.0/3.0\n Hard Drive Rotational Speed: 1 RPM',2900,'2022-11-16 16:10:58','2022-11-21 05:53:59',2400,0),(294,'SEAGATE BACKUP PLUS SLIM 2TB PORTABLE DRIVES',' Features mobile backup using the Seagate Mobile Backup App\n Protect your data with easy flexible backups\n Back up from Facebook and Flickr and share to YouTube\n Easy to share files between Windows and Mac computers\n USB 3.0 plug-and-play with no bulky power supply adapters',4140,'2022-11-16 16:11:19','2022-11-21 05:53:50',3700,0),(295,'SEAGATE FIRECUDA EXTERNAL GAMING HARD DRIVE ( 1TB STKL1000400 | 2TB STKL2000400 )','Capacity:\n1TB STKL1000400\n2TB STKL2000400\n\n\n Create an epic gaming atmosphere with customisable RGB LED lighting.\n A bold and refined design, crafted to compliment gaming battlestations.\n Customisable RGB with full colour and pattern control with your fave Seagate Toolkit software.\n Works with Razer Chroma RGB to sync all your battlestation\'s compatible peripherals.\n Up to 5 TB of capacity builds the ultimate gaming library without sacrificing titles.\n Lightweight design makes it easy to take the whole library on the road.\n Simple plug-and-play compatibility with USB 3.2 Gen 1.\n USB bus-powered for quick function and less clutter.\n\n \n Compatible with most Windows and macOS systems. Visit seagate.com/os for details.\n\n\n L x W x D: 14.5 x 80 x 122.5 mm (0.571 x 3.15 x 0.558 inch)\n Weight: 0.368 lb\n\n \n FireCuda Gaming Hard Drive\n 18 inch (46 cm) USB 3.0 cable\n Quick Start Guide\n Rescue Data Recovery Services',3290,'2022-11-16 16:11:34','2022-11-21 05:53:41',2800,0),(296,'SEAGATE ONE TOUCH 1TB EXTERNAL HDD USB (BLACK | BLUE | RED | GRAY | SILVER)','Prices and specifications may change without prior notice.\n\n\nBlack STKY1000400\nSilver STKY1000401\nBlue STKY1000402\nRed STKY1000403\nGray STKY1000404\n Measurably Small. Amazingly Fast.\n Accelerate your performance and score some downtime with One Touch\n SSD. Take advantage of speeds up to 1,030 MB/s to transfer large files without delay. There\'s even an Android app to backup photos and videos\n Freeing up device space, plus up to 2 TB capacity and simple plug-play USB-C Windows and Mac compatibility to keep files handy. Travel-sized and styled right, work seamlessly from the drive  wherever you\nare.\n Big files? No problem  complete file transfers fast or work smoothly directly from the drive with up to 1,030 MB/s speeds\n Up to 2 TB capacity helps keep all your files, movies, and photos in one place\n Effortlessly transfer photos and videos  freeing up space on your device  with the included Android backup app\n Quick connections are a snap with both USB-C and USB C-to A for out-of-the-box compatibility with Windows, Mac, and Android\n The eye-catching minimalist design complements your laptop  choose from black, white, or blue\n Lightweight and travel-sized to take your files wherever you go\n The robust design offers durable, shock-resistant storage to withstand the impacts of an active lifestyle  throw into your bag and go\n File mirroring software allows for seamless file access and syncing across multiple devices\n Backups are a breeze with easy-to-use Seagate Toolkit software for on-demand and scheduled options',2890,'2022-11-16 16:11:51','2022-11-21 05:53:29',2300,0),(297,'SEAGATE ONE TOUCH 2TB EXTERNAL HDD USB (BLACK | BLUE | GRAY | ROSE GOLD)','* Prices and specifications may change without prior notice.\n Safely and easily manage 1 TB of photos, videos, movies, and more with hardware encrypted password-protection.\n Get an extra layer of protection for your data with the included 3 year Rescue Data Recovery Services.\n The perfect external hard drive for Windows or Mac, simply back up files with a single click or schedule automatic daily, weekly or monthly backups. Reformatting may be required for use with Time Machine.\n The perfect compliment to the personal aesthetic, this portable external hard drive features a minimalist brushed metal enclosure.\n Edit, manage and share photos with a four-month membership to Adobe Creative Cloud Photography plan and a one-year complimentary subscription to Mylio Create.',4270,'2022-11-16 16:12:06','2022-11-21 05:53:20',3700,0),(298,'TOSHIBA CANVIO BASICS 1TB USB 3.0 EXTERNAL HARD DRIVE DTB410',' Keeping data storage simple\n Sleek portability and convenience\n High storage capacity\n Plug-and-play operation\n Quick accessibility to your stored content',2350,'2022-11-16 16:12:23','2022-11-21 05:53:08',1800,0),(299,'TOSHIBA CANVIO BASICS 2TB USB 3.0 EXTERNAL HARD DRIVE DTB420',' Capacities: 2TB\n Interface: USB 3.0 (backwards compatible with USB 2.0)\n Interface Transfer Rate: Up to 5 Gbit/s (USB 3.0)\n Up to 480 Mbit/s (USB 2.0)\n Size 2TB: (LxWxH): 109.0 x 78.0 x 14.0 (mm), 4.3 x 3.1 x 0.55 (inch)\n Color: Matte Black\n Weight: 2TB: 149 g, 5.3 oz\n System Requirements: \n Formatted NTFS for Microsoft Windows 10, Windows 8.1, Windows 7\n Requires reformatting for macOS v10.15 / v10.14 / v10.13\n Available USB 2.0 or USB 3.0 Port',3310,'2022-11-16 16:12:37','2022-11-21 05:52:56',2800,0),(300,'TOSHIBA CANVIO BASICS 4TB USB 3.0 EXTERNAL HARD DRIVE DTB440',' Capacities: 4TB\n Interface: USB 3.0 (backwards compatible with USB 2.0)\n Interface Transfer Rate: Up to 5 Gbit/s (USB 3.0)\n Up to 480 Mbit/s (USB 2.0)\n Size 4TB: (LxWxH): 109.0 x 78.0 x 19.5 (mm), 4.3 x 3.1 x 0.77 (inch)\n Color: Matte Black\n Weight: 4TB: 218 g, 7.7 oz\n System Requirements:\n Formatted NTFS for Microsoft Windows 10, Windows 8.1, Windows 7\n Requires reformatting for macOS v10.15 / v10.14 / v10.13\n Available USB 2.0 or USB 3.0 Port',5440,'2022-11-16 16:12:51','2022-11-21 05:52:46',5000,0),(301,'TREZOR MODEL T - CRYPTO HARDWARE WALLET WITH LCD COLOR TOUCHSCREEN AND USB-C, STORE YOUR BITCOIN, ETHEREUM, ERC20 AND MORE WITH TOTAL SECURITY',' The Trezor Model T is an advanced cryptocurrency hardware wallet, designed to be the master access key to all your digital assets. Store and encrypt your Bitcoin public keys, passwords and other digital tokens with confidence.\n Invented for your digital independence\n Trezor keeps your keys safe\n Network-isolated authentication\n Easily back up your entire wallet\n Store your passwords safely\n Reinforce your accounts with U2F\n 5-star customer support\n Transparent security\n Supported operating systems\nTrezor Model T supports more than 1200 coins\nTrezor Model T also manages your digital identity. Securely\n\nTechnical specification\n\n Dimension & Weight of the device\nSize: 64 mm x 39 mm x 10 mm (2.52 in x 1.54 in x 0.39 in)\nWeight: 22 g (0.77 oz)\n\n Dimension & Weight of the package\nSize: 64 mm x 39 mm x 10 mm (2.52 in x 1.54 in x 0.39 in)\nWeight: 96 g (3.39 oz)\n\n Operating temperature, -20C to +60C (-4F - +140F)\n Connectivity , USB-C connector for connecting to the computer or mobile phone.\n CPU, 168 MHz embedded ARM processor (Cortex-M4) running a custom developed system, the Trezor Core.',13590,'2022-11-16 16:13:05','2022-11-21 05:52:36',13000,0),(302,'WD MY PASSPORT 2TB PORTABLE BLUE WDBYVG0020BBL',' Capacity 2 TB\n InterfaceUSB 3.2 Gen 1\n Compatibility Windows 10 or Windows 8.1 operating systems. Requires reformatting for other operating systems.\n Dimensions (L X W X H) 4.22\" x 2.95\" x 0.45\"\n In The Box\nPortable hard drive\nSuperSpeed USB cable\nWD Discovery software\nQuick install guide',3690,'2022-11-16 16:13:19','2022-11-21 05:52:22',3100,0),(303,'WD MY PASSPORT 2TB PORTABLE RED WDBYVG0020BRD',' Capacity 2 TB\n InterfaceUSB 3.2 Gen 1\n Compatibility Windows 10 or Windows 8.1 operating systems. Requires reformatting for other operating systems.\n Dimensions (L X W X H) 4.22\" x 2.95\" x 0.45\"\n In The Box\nPortable hard drive\nSuperSpeed USB cable\nWD Discovery software\nQuick install guide',3690,'2022-11-16 16:13:34','2022-11-21 05:52:12',3100,0),(305,'HITACHI 500GB SATA DESKTOP HARD DRIVE',' Type: 3.5inch Desktop Computer Hard drive - internal\n 7200rpm\n 16MB Cache\n SATA 300 interface',1950,'2022-11-16 16:14:56','2022-11-21 05:51:53',1400,0),(306,'COOLER MASTER MASTERCASE H500P MESH ARGB GREY CASE (2X200MM,1X140MM) MCM-H500P-MGNN-S11','MODEL NUMBER MCM-H500P-MGNN-S11\nSERIES MasterCase Series\nSIZE Mid Tower\nAVAILABLE COLOR(S) Gun Metal Grey\nMATERIALS Steel, Plastic, Tempered Glass, Mesh\nDIMENSIONS (L X W X H)544 x 242 x 542mm / 21.4 x 9.5 x 21.3 inch\nWEIGHT 11.3 kg\nMOTHERBOARD SUPPORT Mini ITX, Micro ATX, ATX, E-ATX*, (*support for up to 12\" x 10.7\", will limit cable management features)\nEXPANSION SLOTS 7+2, (Supports vertical graphics card installation)\n5.25\" DRIVE BAYS N/A\n2.5\" / 3.5\" DRIVE BAYS (COMBO) 2\n2.5\" DRIVE BAYS 2 (Max.4)\nI/O PANEL 2x USB 3.2 Gen 1 (formerly USB 3.0), 2x USB 2.0, 1x 3.5mm Audio Jack, 1x 3.5mm Mic Jack, 1x ARGB Controller, 1x ARGB 2-to-3 splitter\nPRE-INSTALLED FANS\nFRONT 2x 200mm ARGB Fan\nREAR 1x 140mm, 1200RPM\nFAN SUPPORT\nTOP 3x 120/140mm, 2x 200mm\nFRONT 3x 120/140mm, 2x 200mm\nREAR 1x 120/140mm\nRADIATOR SUPPORT\nTOP 120mm, 140mm, 240mm, 280mm, 360mm\nFRONT 120mm, 140mm, 240mm, 280mm, 360mm\nREAR 120mm, 140mm\nCLEARANCE\nCPU COOLER 190mm\nPSU 220mm\nGFX 412mm/16.2\"\nDUST FILTERS Top, Front, Bottom\nPOWER SUPPLY SUPPORT\nBottom mount, ATX',8540,'2022-11-16 16:14:59','2022-11-21 05:51:42',8000,0),(307,'SEAGATE 1TB BARRACUDA ST1000DM010 64MB 7200RPM (SATA 6 GB/S)',' Cost-effective storage upgrade for desktop computers\n Store all your games, music, movies and more with up to 4TB of storage\n SATA 6Gb/s interface optimizes burst performance\n Seagate Secure models for hardware-based data security\n Instant Secure Erase allows safe and easy drive retirement, plus protect data with Self-Encrypting Drive (SED) models',2190,'2022-11-16 16:15:21','2022-11-21 05:51:33',1700,0),(327,'ADATA SU630 SSD 960GB 3D QLC SATA 2.5\" ASU630SS-960GQ-R',' Capacity: 960GB\n Form Factor: 2.5\"\n NAND Flash: 3D QLC\n Controller\n Dimensions (L x W x H): 100.45 x 69.85 x 7mm / 3.95 x 2.75 x 0.27inch\n Weight: 47.5g / 1.68oz\n Interface: SATA 6Gb/s\n Sequential Read (Max*): Up to 520MB/s\n Sequential Write (Max*): Up to 450MB/s\n 4KB Random Read IOPS(Max*): Up to 40K\n 4KB Random Write IOPS(Max*): Up to 65K\n Operating Temperature: 0C - 70C\n Storage Temperature: -40C - 85C\n Shock Resistance: 1500G / 0.5ms\n MTBF: 1,500,000 hours\n Terabytes Written (TBW)(Max Capacity*): 200TB',4990,'2022-11-16 16:22:07','2022-11-21 05:51:20',4400,0),(329,'ADATA SU650 SSD 960GB 3D NAND SATA 2.5\" ASU650SS-960GT-R',' Capacity: 960GB\n Form Factor: 2.5\"\n NAND Flash: 3D NAND\n Dimensions (L x W x H): 100.45 x 69.85 x 7mm / 3.95 x 2.75 x 0.27inch\n Weight: 59.5g / 2.1oz\n Interface: SATA 6Gb/s\n Sequential R/W performance (max): Up to 520 / 450MB/s\n*Actual performance may vary due to available SSD capacity, system hardware, and software components, and other factors\n Operating temperature: 0C - 70C\n Storage temperature: -40C - 85C\n Shock resistance: 1500G / 0.5ms\n MTBF: 2,000,000 hours',4990,'2022-11-16 16:22:37','2022-11-21 05:51:11',4400,0),(330,'ADATA SU800 SSD 1TB SATA 2.5\" ASU800SS-1TT-C',' Capacity: 1TB\n Form Factor: 2.5\"\n NAND Flash: 3D TLC\n Controller: SMI\n Dimensions (L x W x H): 100.45 x 69.85 x 7mm / 3.95 x 2.75 x 0.27inch\n Weight: 59.5g / 2.1oz\n Interface: SATA 6Gb/s\n Sequential R/W performance (max): Up to 560/520MB/s\n*Actual performance may vary due to available SSD capacity, system hardware, and software components, and other factors\n Operating temperature: 0C-70C\n Storage temperature: -40C-85C\n Shock resistance: 1500G/0.5ms\n MTBF: 2,000,000 hours',5750,'2022-11-16 16:22:52','2022-11-21 05:50:59',5200,0),(331,'ADATA SU800 SSD 2TB SATA 2.5\" ASU800SS-2TT-C',' Capacity: 2TB\n Form Factor: 2.5\"\n NAND Flash: 3D TLC\n Controller: SMI\n Dimensions (L x W x H): 100.45 x 69.85 x 7mm / 3.95 x 2.75 x 0.27inch\n Weight: 59.5g / 2.1oz\n Interface: SATA 6Gb/s\n Sequential R/W performance (max): Up to 560/520MB/s\n*Actual performance may vary due to available SSD capacity, system hardware, and software components, and other factors\n Operating temperature: 0C-70C\n Storage temperature: -40C-85C\n Shock resistance: 1500G/0.5ms\n MTBF: 2,000,000 hours',11850,'2022-11-16 16:23:07','2022-11-21 05:50:44',11200,0),(332,'ADATA SU800 SSD 512B SATA 2.5\" ASU800SS-512GT-C',' Capacity: 512GB\n Form Factor: 2.5\"\n NAND Flash: 3D TLC\n Controller: SMI\n Dimensions (L x W x H): 100.45 x 69.85 x 7mm / 3.95 x 2.75 x 0.27inch\n Weight: 59.5g / 2.1oz\n Interface: SATA 6Gb/s\n Sequential R/W performance (max): Up to 560/520MB/s\n*Actual performance may vary due to available SSD capacity, system hardware, and software components, and other factors\n Operating temperature: 0C-70C\n Storage temperature: -40C-85C\n Shock resistance: 1500G/0.5ms\n MTBF: 2,000,000 hours',3495,'2022-11-16 16:23:32','2022-11-21 05:50:30',3000,0),(333,'ASUS ROG STRIX ARION S500 PORTABLE SSD USB 3.2 TYPE C',' Color Black\n InterfaceUSB3.2 Gen 2X1\n Speed 10Gbps\n Capacity 500GB\n OS Compatility\nWindows 7\nWindows 8.1\nWindows 10\nMac OS Catalina or later\nAndroid devices supported OTG function\nChrome OS\n Aura System Requirement Windows 10 RS3 or above\n Dimension 124.57 x 47.76mm x 10.85 mm (L/W/H)\n Weight 107g\n Temperature\nOperating: 0 (32 )-40 (104 )\nStroage: -20 (-4 )-60 (140 )\n Humidity\nOperating: 15%~90% (Non-Condensing)\nStorage: 10%~90% (Non-Condensing)\n Voltage 5V 1.6A\n Package Content\nUSB-C to USB-C cable\nUser manual',4995,'2022-11-16 16:24:10','2022-11-21 05:48:26',4400,0),(338,'CRUCIAL BX500 240GB SSD 2.5 SATA CT240BX500SSD1',' Form Factor:2.5-inch internal SSD\n Total Capacity: Up to 240GB\n Specs:240GB 2.5-inch internal SSD\n Read Speed: Up to 540 MB/s\n Write Speed: Up to 500 MB/s\n Series:BX500\n Product Line:Client SSD\n Interface:SATA 6.0Gb/s',1745,'2022-11-16 16:25:24','2022-11-21 05:48:17',1200,0),(340,'CRUCIAL BX500 SSD 480GB 2.5INCH SATA CT480BX500SSD1',' Brand - Crucial\n SSD series - BX500\n Form factor - 2.5-inch (7mm)\n Sequential Read - 540 MB/s\n SSD Endurance (TBW) - 120 Terabytes\n Capacity - 480GB\n Warranty - Limited 3-year\n Sequential Write - 500 MB/s\n Interface - SATA (6Gb/s)\n Specs - 480GB 2.5-inch internal SSD  SATA 6.0Gb/s  540 MB/s Read, 500 MB/s Write',2490,'2022-11-16 16:26:11','2022-11-21 05:48:08',2000,0),(341,'GIGABYTE 240GB SSD 2.5\" GP-GSTFS31240GNTD',' Form Factor: 2.5-inch internal SSD\n Interface: SATA 6.0Gb/s\n Total Capacity: 240GB*\n Sequential Read speed : up to 500 MB/s**\n Sequential Write speed : up to 420 MB/s**\n TRIM & S.M.A.R.T supported',1750,'2022-11-16 16:26:53','2022-11-21 05:47:58',1200,0),(342,'GIGABYTE SSD 1TB SATA 2.5\' GP-GSTFS31100TNTD',' Form Factor: 2.5-inch internal SSD\n Interface: SATA 6.0Gb/s\n Total Capacity: 1TB*\n Warranty: Limited 3-years\n Sequential Read speed : up to 550 MB/s**\n Sequential Write speed : up to 500 MB/s**\n TRIM & S.M.A.R.T supported',4840,'2022-11-16 16:27:16','2022-11-21 05:47:49',4400,0),(345,'GIGABYTE SSD 480GB 2.5\" SATA GP-GSTFS31480GNTD','Cash Price:  2,610   /   Regular Price:  3,400\n\n\n Form Factor: 2.5-inch internal SSD\n Interface: SATA 6.0Gb/s\n Total Capacity: 480GB*\n Warranty: Limited 3-years\n Sequential Read speed : up to 550 MB/s**\n Sequential Write speed : up to 480 MB/s**\n TRIM & S.M.A.R.T supported',2610,'2022-11-16 16:28:10','2022-11-21 05:47:41',2100,0),(346,'KINGSTON A400 SSD 120GB 2.5 SATA III SA400S37/120G',' 2.5\"\n Interface: SATA Rev. 3.0 (6Gb/s)  with backwards compatibility to SATA Rev. 2.0 (3Gb/s)\n NAND: 3D\n 120GB  up to 500MB/s Read and 320MB/s Write\n Power Consumption: 0.195W Idle / 0.279W Avg / 0.642W (MAX) Read / 1.535W (MAX) Write\n Storage temperature: -40C~85C\n Dimensions: 100.0mm x 69.9mm x 7.0mm (2.5)\n Weight: 39g (120GB  2.5)\n Vibration operating: 2.17G Peak (7800Hz)\n Vibration non-operating: 20G Peak (102000Hz)\n Life expectancy: 1 million hours MTBF\n Total Bytes Written (TBW)4: 120GB: 40TB',1260,'2022-11-16 16:28:25','2022-11-21 05:47:32',700,0),(349,'KINGSTON A400 SSD 480GB 2.5 SATA III SSD SA400S37/480G',' 2.5\"\n Interface: SATA Rev. 3.0 (6Gb/s)  with backwards compatibility to SATA Rev. 2.0 (3Gb/s)\n NAND: 3D\n 480GB  up to 500MB/s Read and 450MB/s Write\n Power Consumption: 0.195W Idle / 0.279W Avg / 0.642W (MAX) Read / 1.535W (MAX) Write\n Storage temperature: -40C~85C\n Dimensions: 100.0mm x 69.9mm x 7.0mm (2.5)\n Weight: 41g (480GB  2.5)\n Vibration operating: 2.17G Peak (7800Hz)\n Vibration non-operating: 20G Peak (102000Hz)\n Life expectancy: 1 million hours MTBF\n Total Bytes Written (TBW)4: 480GB: 160TB',2780,'2022-11-16 16:29:07','2022-11-21 05:46:48',2200,0),(352,'KINGSTON XS2000 2TB USB 3.2 EXTERNAL SSD SXS2000/2000G',' Interface: USB 3.2 Gen 2x2\n Speed: 2,000MB/s Read / 2,000MB/s Write\n Capacities: 2TB\n Dimensions: 69.54 x 32.58 x 13.5mm\n Weight: 28.9g\n Casing Material: Metal + Plastic\n Operating Temperature: 0C~40C\n Storage Temperature: -20C~85C\n Compatible with: Windows 10, 8.1, Mac OS (v.10.14.x +), Linux (v. 2.6.x +), Chrome OS',12800,'2022-11-16 16:29:42','2022-11-21 05:46:36',12300,0),(354,'SAMSUNG 870 EVO SSD 1TB SATA MZ-77E1T0BW',' SATA 6 Gb/s Interface, compatible with SATA 3 Gb/s & SATA 1.5 Gb/s interface\n Up to 560 MB/s Sequential Rea\n Up to 530 MB/s Sequential Write\n Random Read (4KB, QD32): Up to 98,000 IOPS Random Read \n Random Write (4KB, QD32): Up to 90,000 IOPS Random Write',6280,'2022-11-16 16:30:36','2022-11-21 05:46:24',5800,0),(361,'SAMSUNG 870 QVO SSD 1TB SATA 2.5\' MZ-77Q1T0BW',' Application Client PCs\n Interface SATA 6 Gb/s Interface, compatible with SATA 3 Gb/s & SATA 1.5 Gb/s interface\n Dimension (WxHxD) 100 X 69.85 X 6.8 (mm)\n Weight Approx. 46.0g Weight\n Performance\n Up to 560 MB/s Sequential Read * Performance may vary based on system hardware & configuration\n Sequential Read\nUp to 560 MB/s Sequential Read * Performance may vary based on system hardware & configuration\n Sequential Write\n Up to 530 MB/s Sequential Write * Performance may vary based on system hardware & & configuration',5430,'2022-11-16 16:32:19','2022-11-21 05:46:10',5000,0),(363,'SAMSUNG 870 QVO SSD 2TB SATA 2.5\' MZ-77Q2T0BW',' Application: Client PCs\n Capacity: 2TB\n Form Factor: 2.5 inch\n Interface: SATA 6 Gb/s Interface, compatible with SATA 3 Gb/s & SATA 1.5 Gb/s interface\n Dimension (Pack: WxHxD): 100 X 69.85 X 6.8 (mm)\n Weight: Apporx. 46.0g Weight\n Storage Memory: Samsung V-NAND 4bit MLC\n Controller: Samsung MKX Controller\n Cache Memory: Samsung 2 GB Low Power DDR4 SDRAM',9995,'2022-11-16 16:33:10','2022-11-21 05:46:02',9500,0),(397,'DEEPCOOL MATREXX 55 V3 ARGB WHITE 3F MID-TOWER CASE ATX-MATREXX55V3-AR-WH-3F','Motherboards E-ATX/ATX/Micro-ATX/Mini-ITX\nCase Type Middle Tower\nMaterials ABS+SPCC+Tempered Glass\nProduct Dimensions (LWH) 446210479mm\nNet Weight 7.4 kg\nGross Weight 8.5 kg\n5.25\" Drive Bays 0\n3.5\"/2.5\" Drive Bays 2\n2.5\" Drive Bays 2+2\nI/O Ports 1USB3.0/2USB2.0/1Audio/1Mic\nExpansion Slots 7\nPower Supply Type ATX PS2 (maximum length: 170mm)\nCable Management 23mm Clearance\nCPU Cooler Height Limit 165mm\nVGA Length Limit 370mm Horizontal, 340mm Vertical\nCooling Fans Support Pre-installedFront 3120mm ADD-RGB FAN; Optional: Rear: 1120mm;Front: 3120mm / 3140mm; Top: 2120/ 2140mm\nLiquid Cooler Support Front: 120/140/240/280/360mm radiator; Top: 120/140/240mm radiator; Rear: 120mm radiator\nP/N DP-ATX-MATREXX55V3-AR-WH-3F',4450,'2022-11-16 16:42:58','2022-11-21 05:45:52',4000,0),(425,'GIGABYTE AORUS M.2 1TB NVME GEN4 7000S SSD GP-AG70S1TB',' Interface: PCI-Express 4.0 x4, NVMe 1.4\n Form Factor: M.2 2280\n Total Capacity: 1000GB\n Warranty: Limited 5-years or 700TBW\n NAND: 3D TLC NAND Flash\n External DDR Cache: DDR4 1GB\n Sequential Read speed: Up to 7000 MB/s\n Sequential Write speed: Up to 5500 MB/s\n Random Read IOPS: up to 350k\n Random Write IOPS: up to 700k\n Dimension: 80.5 x 11.4 x 23.5 mm\n Mean time between failure (MTBF): 1.6 million hours\n Power Consumption (Active): Average: R : 6.6W, W : 6.5W\n Power Consumption (Idle): <30mW\n Temperature (Operating): 0C to 70C\n Temperature (Storage): -40C to 85C\n Note\n* Test system configuration: configuration may vary by models, we will choose the latest platform for verification.\n* Performance may vary based on SSD\'s firmware version and system hardware & configuration. Sequential performance measurements based on CrystalDiskMark v.5.1.2 and I0meter 1.1.0.\n* Speeds based on internal testing. Actual performance may vary.\n* TBW (Terabyte Written): Terabytes Written\" is the total amount of data that can be written into an SSD before it is likely to fail.\n* 1GB = 1 billion bytes. Actual useable capacity may vary.\n* 5 years or 700TBW, whichever comes first.',7850,'2022-11-16 16:51:35','2022-11-21 06:11:11',7300,0),(427,'GIGABYTE AORUS M.2 1TB NVME GEN4 SSD GP-AG41TB',' Interface: PCI-Express 4.0 x4, NVMe 1.3\n Form Factor: M.2 2280\n Total Capacity: 1000GB\n Warranty: Limited 5-years or 1800TBW\n NAND: 3D TLC NAND Flash\n External DDR Cache: DDR4 1GB\n Sequential Read speed: Up to 5000 MB/s\n Sequential Write speed: Up to 4400 MB/s\n Random Read IOPS: up to 750k\n Random Write IOPS: up to 700k\n Dimension: 80 x 22 x 2.3 mm\n Mean time between failure (MTBF): 1.77 million hours\n Power Consumption (Active): Average: R : 6.6W, W : 6.4W\n Power Consumption (Idle): <18.8mW\n Temperature (Operating): 0C to 70C\n Temperature (Storage): -40C to 85C',6995,'2022-11-16 16:52:06','2022-11-21 06:11:01',6400,0),(428,'GIGABYTE AORUS M.2 2TB NVME GEN4 7000S SSD GP-AG70S2TB',' Interface: PCI-Express 4.0 x4, NVMe 1.4\n Form Factor: M.2 2280\n Total Capacity: 2000GB\n Warranty: Limited 5-years or 1400TBW\n NAND: 3D TLC NAND Flash\n External DDR Cache: DDR4 2GB\n Sequential Read speed: Up to 7000 MB/s\n Sequential Write speed: Up to 6850 MB/s\n Random Read IOPS: up to 650k\n Random Write IOPS: up to 700k\n Dimension: 80.5 x 11.4 x 23.5 mm\n Mean time between failure (MTBF): 1.6 million hours\n Power Consumption (Active): Average: R : 7.6W, W : 8.4W\n Power Consumption (Idle): <30mW\n Temperature (Operating): 0C to 70C\n Temperature (Storage): -40C to 85C\nNote\n* Test system configuration: configuration may vary by models, we will choose the latest platform for verification.\n* Performance may vary based on SSD\'s firmware version and system hardware & configuration. Sequential performance measurements based on CrystalDiskMark v.5.1.2 and I0meter 1.1.0.\n* Speeds based on internal testing. Actual performance may vary.\n* TBW (Terabyte Written):Terabytes Written\" is the total amount of data that can be written into an SSD before it is likely to fail.\n* 1GB = 1 billion bytes. Actual useable capacity may vary.\n* 5 years or 1400TBW, whichever comes first.',16950,'2022-11-16 16:52:35','2022-11-21 06:10:51',16400,0),(429,'GIGABYTE AORUS M.2 500GB NVME GEN4 SSD W/ HEATSINK GP-ASM2NE6500GTTD',' Interface: PCI-Express 4.0 x4, NVMe 1.3\n Form Factor: M.2 2280\n Total Capacity: 500GB\n Warranty: Limited 5-years or 850TBW\n NAND: 3D TLC Toshiba BiCS4\n External DDR Cache: DDR4 512MB\n Sequential Read speed: Up to 5000 MB/s\n Sequential Write speed: Up to 2500 MB/s\n Random Read IOPS: up to 400k\n Random Write IOPS: up to 550k\n Dimension: 80.5 x 11.4 x 23.5 mm\n Mean time between failure (MTBF): 1.77 million hours\n Power Consumption (Active): Average: R : 5.9W, W : 4.5W\n Power Consumption (Idle): <13.21mW\n Temperature (Operating): 0C to 70C\n Temperature (Storage): -40C to 85C\n Note\n* Test system configuration: configuration may vary by models, we will choose the latest platform for verification.\n* Performance may vary based on SSD\'s firmware version and system hardware & configuration. Sequential performance measurements based on CrystalDiskMark v.5.1.2 and I0meter 1.1.0.\n* Speeds based on internal testing. Actual performance may vary.\n* TBW (Terabyte Written): Terabytes Written\" is the total amount of data that can be written into an SSD before it is likely to fail.\n* 1GB = 1 billion bytes. Actual useable capacity may vary.\n* 5 years or 850TBW, whichever comes first.',4690,'2022-11-16 16:52:54','2022-11-21 06:10:40',4100,0),(431,'KINGSTON A400 M.2 120GB SSD SA400M8/120G',' M.2 2280\n Interface: SATA Rev. 3.0 (6Gb/s)  with backwards compatibility to SATA Rev. 2.0 (3Gb/s)\n NAND: 3D\n 120GB  up to 500MB/s Read and 320MB/s Write\n Power Consumption: 0.195W Idle / 0.279W Avg / 0.642W (MAX) Read / 1.535W (MAX) Write\n Storage temperature: -40C~85C\n Dimensions: 80mm x 22mm x 1.35mm (M.2)\n Weight: 5.5g (120GB  M.2)\n Vibration operating: 2.17G Peak (7800Hz)\n Vibration non-operating: 20G Peak (102000Hz)\n Life expectancy: 1 million hours MTBF\n Total Bytes Written (TBW)4: 120GB: 40TB',1650,'2022-11-16 16:54:07','2022-11-21 06:10:32',1100,0),(445,'SAMSUNG 970 EVO NVME M.2 500GB (MZ-V7E500BW)',' Series SSD 970 EVO\n Interface PCIe Gen 3.0 x4, NVMe 1.3\n Storage Capacity 500GB (1GB=1 Billion byte by IDEMA)',6950,'2022-11-16 16:57:30','2022-11-21 06:10:22',6400,0),(446,'SAMSUNG 970 EVO PLUS M.2 2TB NVME MZ-V7S2T0BW',' Application: Client PCs\n Capacity: 2,000GB\n Form Factor: M.2 (2280)\n Interface: PCIe Gen 3.0 x4, NVMe 1.3\n Dimension (WxHxD): 80.15 x 22.15 x 2.38 (mm)\n Weight: Max 8.0 g Weight\n Storage Memory: Samsung V-NAND 3-bit MLC\n Controller: Samsung Phoenix Controller\n Cache Memory: Samsung 2GB Low Power DDR4 SDRAM',9161,'2022-11-16 16:58:04','2022-11-21 06:10:12',8700,0),(447,'SAMSUNG 970 EVO PLUS M.2 NVME 250GB MZ-V7S250BW',' Capacity: 250GB\n Internal/External: Internal\n Form Factor: M.2(2280)\n Interface: PCIe Gen 3.0 x4, NVMe 1.3\n Max Sequential Read Speed: Up to 3,500 MB/s\n Max Sequential Write Speed: Up to 3,300 MB/s\n NAND Type: Samsung V-NAND 3-bit MLC\n Recommended For: High-End Gaming and 4K & 3D Graphic Editing',2970,'2022-11-16 16:58:21','2022-11-21 06:10:01',2400,0),(448,'SAMSUNG 970 EVO PLUS M.2 NVME 500GB MZ-V7S500BW',' Capacity: 500GB\n Internal/External: Internal\n Form Factor: M.2(2280)\n Interface: PCIe Gen 3.0 x4, NVMe 1.3\n Max Sequential Read Speed: Up to 3,500 MB/s\n Max Sequential Write Speed: Up to 3,300 MB/s\n NAND Type: Samsung V-NAND 3-bit MLC\n Recommended For: High-End Gaming and 4K & 3D Graphic Editing',4295,'2022-11-16 16:58:40','2022-11-21 06:09:51',3800,0),(449,'SEAGATE FIRECUDA 510 M.2 1TB NVME SSD ZP1000GM30011',' ZP1000GM30001\n Interface: PCIe G3 4, NVMe 1.3\n NAND Flash Memory: 3D TLC\n Form Factor: M.2 2280-D2\n Performance\n Sequential Read (Max, MB/s), 128KB: 3,450\n Sequential Write (Max, MB/s), 128KB: 3,200\n Random Read (Max, IOPS), 4 KB QD32 T8: 620,000\n Random Write (Max, IOPS), 4KB QD32 T8: 600,000\n Endurance/Reliability\n Total Bytes Written (TB): 1,300\n Mean Time Between Failures (MTBF, hours): 1,800,000\n Active Power, Average (W): 5.3\n Idle Power PS3, Average (mW): 20\n Low Power L1.2 mode (mW): 2',11300,'2022-11-16 16:58:56','2022-11-21 06:08:20',10800,0),(456,'GIGABYTE C200 RGB TG MID TOWER CASE W/ 120MM FAN GP-C200G','Case Form Factor: Mid Tower\nM/B Type: mini-ITX/m-ATX/ATX\nColor: Black\nMaterials: Steel, Plastic, Glass\nDimensions: H=480 W=210 D=435 mm (Within  1% error)\nExpansion slots 7\n3.5/2.5 Driver Bays 2\n2.5\" Driver Bays 2\nI/O Panel\nUSB 3.0 *2\nRGB LED Switch\nReset Button\nAudio In & Out (Supports AC97 / HD Audio)\nFan Support\nRear: 120mm x1 (Pre-installed)\nTop: 120mm x2 / 140mm x2\nFront: 120mm x3 / 140mm x2\nRadiator Support\nRear: 120mmx1\nTop: 120mm x2 / 240mm x1\nFront: 120mm x2 / 140mm x2 / 240mm x1 / 280mm x1\nPower Supply Type\nStandard ATX (not included)\nMaximum Compatibility\nCPU Height : 165mm\nGPU Length : 330mm\nPSU Length : 170mm',3850,'2022-11-16 17:01:08','2022-11-21 06:08:06',3300,0),(459,'INPLAY CANNON 201 MATX CASE WITH 1X200MM RGB FAN','Support Mobo: Micro ATX, Mini ATX\nPower Supply: ATX Power Supply\nFan Slot:\nFront 200mm*1\nTop: 120mm*3\nBack: 120mm*1\nExpansion Slot: Pcie 3 Slot\nHdd/SSD Slot: HDD*2 / SSD*2\nMax VGA Length: 320mm\nMax CPU Cooler Height: 165mm\nI/O Port USB 3.0*1 / USB 1.0*2 / HD Audio\nCover Panel: Acrylic + Tempered Glass\nMetal Thickness: 1.2mm\nCase Size: 450*315*355',2600,'2022-11-16 17:01:39','2022-11-21 06:07:58',2100,0),(462,'INPLAY ESPORT 03 WHITE ATX TG MID TOWER CASE','Bundle Options:\nAdd Php 600 = 3pcs 120mm PCcooler FX-120-3 Fan\nSupport Mobo: ATX, Micro ATX, Mini ATX\nPower Supply Position: Bottom Assemble\nFan Slot: Front 12cm*3, Top 12cm*2, Back 12cm*1\nExpansion Slot: 7 Slot\nHdd / SSD Slot: HDD*2 / SSD*3\nMax VGA Card Length: 305mm\nMax Cpu Cooler Height: 165mm\nI/O Port: USB 3.0*1 / USB 2.0*2 / HD Audio\nSide Panel: Tempered Glass\nMetal Thickness: 0.5mm\"',1350,'2022-11-16 17:02:10','2022-11-21 06:07:48',1000,0),(488,'ASROCK Z590 PG VELOCITA (LGA1200) MOTHERBOARD',' Supports 10th Gen Intel Core Processors and 11th Gen Intel Core Processors\n 14 Phase Dr.MOS Power Design\n Supports DDR4 4800MHz (OC)\n 2 x PCIe 4.0 x16, 1 x PCIe 3.0 x16, 1 x PCIe 3.0 x1\n Graphics Output Options: HDMI, DisplayPort\n 7.1 CH HD Audio (Realtek ALC1220 Audio Codec), Nahimic Audio\n 6 SATA3, 1 x Hyper M.2 (PCIe Gen4 x4)\n 2 x Ultra M.2 (PCIe Gen3 x4 & SATA3)\n 1 x USB 3.2 Gen2x2 Front Type-C (20Gb/s)\n Rear USB 3.2 Gen2 Type A+C (10Gb/s)\n 10 x USB 3.2 Gen1 (6 x Rear, 4 x Front)\n Killer E3100G 2.5G LAN, Intel Gigabit LAN\n Killer AX1675x 802.11ax(WiFi 6E) + BT 5.2\n CPU Direct Source LAN (Patent Pending)\n Lightning Gaming Ports (Patent Pending)\n ASRock Graphics Card Holder (Patent Pending)',14500,'2022-11-16 17:11:29','2022-11-21 06:07:39',14000,0),(490,'ASUS EX-H510M-V3 (LGA1200) MOTHERBOARD',' Intel H510 (LGA 1200) micro ATX motherboard with PCIe 4.0, HDMI, USB 3.2 Gen 1 Type-A, SATA 6 Gbps, Realtek 1 Gb Ethernet, luminous anti-moisture coating, USBGuard\n Non-stop action: The best choice for iCaf, configure-to-order gaming systems, and quality-driven businesses\n Non-stop durability: Unbeatable features including luminous anti-moisture coating, USBGuard, LANGuard, SafeSlot Core, Stainless-steel back I/O, and 5X Protection III\n Non-stop gaming: ASUS Beyond VR ready and Epic audio\n Non-stop challenger: ASUS iCaf LAB-certified reboot and compatibility-tested for diskless-system use, plus use with top games, 100+ peripherals, 1000+ CPUs, memory modules, graphics cards, and more',3750,'2022-11-16 17:11:59','2022-11-21 06:07:28',3200,0),(492,'ASUS PRIME H510M-D (LGA1200) MOTHERBOARD',' Intel H510 (LGA 1200) micro ATX motherboard with PCIe 4.0, 32Gbps M.2 slot, Intel 1 Gb Ethernet, HDMI, D-Sub, USB 3.2 Gen 1 Type-A, SATA 6 Gbps, COM port, LPT header, and RGB header\n Intel LGA 1200 socket: Ready for 11th and 10th Gen Intel Processors\n Ultrafast connectivity: PCIe 4.0, 32Gbps M.2 slot, Intel 1 Gb Ethernet and USB 3.2 Gen 1\n Comprehensive cooling: PCH heatsink and Fan Xpert\n 5X Protection III: Multiple hardware safeguards for all-round protection',4330,'2022-11-16 17:12:19','2022-11-21 06:07:18',3800,0),(493,'ASUS PRIME H510M-D/CSM (LGA1200) MOTHERBOARD',' Intel H510 (LGA 1200) micro ATX motherboard with PCIe 4.0, 32Gbps M.2 slot, Intel 1 Gb Ethernet, HDMI, D-Sub, USB 3.2 Gen 1 Type-A, SATA 6 Gbps, COM port, LPT header, and RGB header\n Intel LGA 1200 socket: Ready for 11th and 10th Gen Intel Processors\n Ultrafast connectivity: PCIe 4.0, 32Gbps M.2 slot, Intel 1 Gb Ethernet and USB 3.2 Gen 1\n Comprehensive cooling: PCH heatsink and Fan Xpert\n 5X Protection III: Multiple hardware safeguards for all-round protection\n ASUS Control Center Express (ACCE) for easier IT endpoint management',4400,'2022-11-16 17:12:37','2022-11-21 06:07:06',3900,0),(494,'ASUS PRIME H510M-E (LGA1200) MOTHERBOARD',' Intel H510 (LGA 1200) micro ATX motherboard with PCIe 4.0, 32Gbps M.2 slot, Intel 1 Gb Ethernet, DisplayPort, HDMI, D-Sub, USB 3.2 Gen 1 Type-A, SATA 6Gbps, COM header, RGB header\n Intel LGA 1200 socket: Ready for 11th and 10th Gen Intel Processors\n Ultrafast connectivity: PCIe 4.0, 32Gbps M.2 slot, Intel 1 Gb Ethernet and USB 3.2 Gen 1 Type-A\n Comprehensive cooling: PCH heatsink and Fan Xpert\n 5X Protection III: Multiple hardware safeguards for all-round protection',4220,'2022-11-16 17:12:52','2022-11-21 06:06:48',3800,0),(496,'ASUS PRIME H510M-E/CSM (LGA1200) MOTHERBOARD',' Intel H510 (LGA 1200) micro ATX motherboard with PCIe 4.0, 32Gbps M.2 slot, Intel 1 Gb Ethernet, DisplayPort, HDMI, D-Sub, USB 3.2 Gen 1 ports, SATA 6Gbps, COM header, RGB header\n Intel LGA 1200 socket: Ready for 11th and 10th Gen Intel Processors\n Ultrafast connectivity: PCIe 4.0, 32Gbps M.2 slot, Intel 1 Gb Ethernet and USB 3.2 Gen 1 Type-A\n Comprehensive cooling: PCH heatsink and Fan Xpert\n 5X Protection III: Multiple hardware safeguards for all-round protection\n ASUS Control Center Express (ACCE) for easier IT endpoint management',3995,'2022-11-16 17:13:07','2022-11-21 06:06:37',3400,0),(497,'ASUS ROG STRIX B550-A GAMING (AM4) MOTHERBOARD',' AMD B550\n AMD AM4 Socket 3rd Gen AMD Ryzen Processors\n 3rd Gen AMD Ryzen Processors\n DDR4 4600(O.C)/ 4400(O.C)/ 4266(O.C.)/ 4133(O.C.)/ 4000(O.C.)/ 3866(O.C.)/ 3600(O.C.)/ 3466(O.C.)/ 3200/ 3000/ 2800/ 2666/ 2400/ 2133 MHz Un-buffered Memory\n 3rd Gen AMD Ryzen and 3rd Gen AMD Ryzen with Radeon Graphics Processors\n DDR4 5100(O.C)/ 4800(O.C.)/ 4600(O.C)/ 4400(O.C)/ 4266(O.C.)/ 4133(O.C.)/ 4000(O.C.)/ 3866(O.C.)/ 3600(O.C.)/ 3466(O.C.)/ 3200/ 3000/ 2800/ 2666/ 2400/ 2133 MHz Un-buffered Memory',9700,'2022-11-16 17:13:23','2022-11-21 06:06:27',9200,0),(499,'ASUS ROG STRIX B560-G GAMING PLUS WIFI (LGA1200) MOTHERBOARD',' ROG STRIX B560-G GAMING WIFI\n Intel B560 LGA 1200 micro ATX motherboard with PCIe 4.0, 8+2 teamed power stages, Two-Way AI Noise Cancelation, WiFi 6 (802.11ax), Intel 2.5 Gb Ethernet, Two M.2 slots with one slot featuring its own heatsink, USB 3.2 Gen 2x2 USB Type-C , SATA and Aura Sync RGB lighting\n Intel LGA 1200 socket: Ready for 11th Gen Intel Core, 10th Gen Intel Core, Pentium Gold and Celeron processors\n Solid Power Solution: Teamed power stages with ProCool power connector, high-quality alloy chokes and durable capacitors to support multi-core processors\n Smooth Networking: On-board Intel WiFi 6 AX200 (802.11ax) and Intel 2.5 Gb Ethernet with ASUS LANGuard\n Best Gaming Connectivity: Supports HDMITM 2.0 and DisplayPort 1.4 output, two M.2 slots and USB 3.2 Gen 2x2 USB Type-C\n DIY Friendly Design: M.2 Q-Latch, pre-mounted I/O shield, BIOS FlashBack and Q-LED\n Unmatched Personalization: ASUS-exclusive Aura Sync RGB lighting, including RGB headers and Gen 2 addressable headers\n Industry-Leading Gaming Audio: SupremeFX S1220A codec with Savitech SV3H712 amplifier, along with Two-Way AI Noise Cancelation, DTS Sound Unbound and Sonic Studio III\n Renowned Software: Bundled 60 days AIDA64 Extreme subscription and intuitive UEFI BIOS dashboard',8850,'2022-11-16 17:13:37','2022-11-21 06:06:17',8300,0),(500,'ASUS ROG STRIX Z590-I GAMING WIFI (LGA 1200) MOTHERBOARD',' ROG STRIX Z590-I GAMING WIFI\n Intel Z590 LGA 1200 ITX motherboard with PCIe 4.0, 8+2 teamed power stages, Two-Way AI Noise Cancelation, AI Overclocking, AI Cooling, AI Networking, WiFi 6E (802.11ax), Intel 2.5 Gb Ethernet, two M.2 slots with heatsinks, Thunderbolt 4 USB Type-C, USB 3.2 Gen 2x2 USB Type-C, SATA and Aura Sync RGB lighting\n Ready for 11th Gen Intel Core processors & 10th Gen Intel Core, Pentium Gold and Celeron Processors\n Optimal Power Solution: 8+2 power stages with ProCool II power connector, high-quality ferrite chokes, and durable capacitors to support multi-core processors\n Optimized Thermal Design: VRM and aluminum I/O heatsink with two skived fins, L-shaped Heatpipe, two onboard M.2 heatsinks, including an M.2 backplate and a skived fin for the PCIe 4.0 M.2 slot\n High-performance Networking: On-board Intel WiFi 6E AX210 (802.11ax) and Intel 2.5 Gb Ethernet with ASUS LANGuard\n Best Gaming Connectivity: Supports HDMI 2.0, two M.2 slots and USB 3.2 Gen 2x2 USB Type-C\n Intelligent Control: ASUS-exclusive AI Overclocking, AI Cooling, AI Networking, and Two-Way AI Noise-Cancelation to simplify setup and improve performance\n DIY Friendly Design: Pre-mounted I/O shield, BIOS FlashBack, and FlexKey\n Unmatched Personalization: ASUS-exclusive Aura Sync RGB lighting, including an RGB header and Gen 2 addressable header\n Industry-leading Gaming Audio: ALC4080 with Savitech SV3H712 amplifier, along with DTS Sound Unbound and Sonic Studio III\n Renowned Software: Bundled 60 days AIDA64 Extreme subscription and intuitive UEFI BIOS dashboard with integrated MemTest86',17850,'2022-11-16 17:14:00','2022-11-21 06:06:08',17200,0),(502,'GIGABYTE B560M AORUS ELITE (LGA1200) MOTHERBOARD',' Supports 11th and 10th Gen Intel Core Series Processors\n Dual Channel Non-ECC Unbuffered DDR4, 4 DIMMs\n Direct 12+1 Phases Digital VRM with Low RDS(on) MOSFETs\n Shielded Memory Routing for Better Memory Overclocking\n Fully Covered Thermal Design with High Coverage MOSFET Heatsinks\n Fast 2.5GbE LAN with Bandwidth Management\n Dual Ultra-Fast NVMe PCIe 4.0*/3.0 x4 M.2 with Thermal Guard\n Rear USB 3.2 Gen2 Type-C and Front USB3.2 Gen1 Type-C for Connecting Devices\n Pre-installed IO Shield for Easy and Quick Installation\n RGB FUSION 2.0 with Multi-Zone Addressable LED Light Show Design, Support Addressable LED & RGB LED Strips\n Smart Fan 6 Features Multiple Temperature Sensors, Hybrid Fan Headers with FAN STOP\n Q-Flash Plus Update BIOS without Installing the CPU, Memory, and Graphics Card\n *Actual support may vary by CPU.',7350,'2022-11-16 17:14:27','2022-11-21 06:05:56',6900,0),(505,'GIGABYTE B560M DS3H V2 (LGA1200) MOTHERBOARD',' Intel B560 Ultra Durable Motherboard with Direct 6+2 Phases Digital VRM, Full PCIe 4.0* Design, PCIe 4.0 M.2, GIGABYTE 8118 Gaming LAN, 8-ch HD Audio with Audio Caps, USB TYPE-C , RGB FUSION 2.0, Q-Flash Plus\n\n Supports 11th and 10th Gen Intel Core Series Processors\n Dual Channel Non-ECC Unbuffered DDR4, 4 DIMMs\n Direct 6+2 Phases Digital VRM Solution with Low RDS(on) MOSFETs\n Dual Ultra-Fast NVMe PCIe 4.0/3.0* x4 M.2\n GIGABYTE Exclusive 8118 Gaming LAN with Bandwidth Management\n USB 3.2 Gen1 Type-C for Fast and Versatile Connections\n High Quality Audio Capacitors and Audio Noise Guard with LED Trace Path Lighting\n RGB FUSION 2.0 Supports Addressable LED & RGB LED Strips\n Smart Fan 6 Features Multiple Temperature Sensors , Hybrid Fan Headers with FAN STOP\n Q-Flash Plus Update BIOS without Installing the CPU, Memory and Graphics Card',5270,'2022-11-16 17:15:10','2022-11-21 06:05:33',4800,0),(507,'GIGABYTE H510M H (LGA 1200) MOTHERBOARD',' Intel H510M Ultra Durable Motherboard with 6+2 Phases Digital VRM, PCIe 4.0* Design, Realtek 8118 Gaming LAN, Anti-Sulfur Resistor, Smart Fan 6\n Supports 11th and 10th Gen Intel Core Series Processors\n Dual Channel Non-ECC Unbuffered DDR4, 2 DIMMs\n Ultra-Fast M.2 with PCIe Gen3 X4 & SATA Interface\n GIGABYTE Exclusive 8118 Gaming LAN with Bandwidth Management\n High-Quality Audio Capacitors and Audio Noise\n Smart Fan 6 Features Multiple Temperature Sensors, Hybrid Fan Headers with FAN STOP\n GIGABYTE APP Center, Simple and Easy Use\n Anti-Sulfur Resistors Design\n * Actual support may vary by CPU.',3890,'2022-11-16 17:15:50','2022-11-21 06:05:25',3300,0),(508,'GIGABYTE H510M-DS2 (LGA 1200) MOTHERBOARD',' Intel H510M Ultra Durable Motherboard with 6+2 Phases Digital VRM, PCIe 4.0* Design, Realtek 8118 Gaming LAN, Anti-Sulfur Resistor, Smart Fan 6\n Supports 11th and 10th Gen Intel Core Series Processors\n Dual Channel Non-ECC Unbuffered DDR4, 2 DIMMs\n Ultra-Fast M.2 with PCIe Gen3 X4 & SATA Interface\n GIGABYTE Exclusive 8118 Gaming LAN with Bandwidth Management\n High-Quality Audio Capacitors and Audio Noise\n Smart Fan 6 Features Multiple Temperature Sensors, Hybrid Fan Headers with FAN STOP\n GIGABYTE APP Center, Simple and Easy Use\n Anti-Sulfur Resistors Design\n * Actual support may vary by CPU.',4250,'2022-11-16 17:16:23','2022-11-21 06:05:16',3700,0),(510,'GIGABYTE Z590 AORUS ULTRA (LGA1200) MOTHERBOARD',' Supports 11th and 10th Gen Intel Core Processors\n Dual Channel Non-ECC Unbuffered DDR4, 4 DIMMs\n Intel Optane Memory Ready\n Direct 16+1 Phases Digital VRM Solution with 90A Smart Power Stage\n Shielded Memory Routing for Better Memory Overclocking\n NanoCarbon Fins-Array II Heatsink and Direct Touch Heatpipe II\n Onboard Intel WiFi 6 802.11ax 2T2R & BT5 with AORUS Antenna\n AMP-UP Audio with ALC4080 and WIMA for Rear 120dB SNR\n Blazing Fast Intel 2.5GbE LAN with cFosSpeed\n Triple Ultra-Fast NVMe PCIe 4.0*/3.0 x4 M.2 with Thermal Guards II\n RGB FUSION 2.0 with Multi-Zone Addressable LED Light Show Design, Support Addressable LED & RGB LED Strips\n Smart Fan 6 Features Multiple Temperature Sensors, Hybrid Fan Headers with FAN STOP and Noise Detection\n Q-Flash Plus Update BIOS without Installing the CPU, Memory and Graphics Card\n * Actual support may vary by CPU.',14700,'2022-11-16 17:17:33','2022-11-21 06:05:07',14200,0),(511,'GIGABYTE Z590 GAMING X (LGA1200) MOTHERBOARD',' Intel Z590 GAMING Motherboard with Direct 12+1 Phases Digital VRM with DrMOS, Full PCIe 4.0* Design, Fully Covered Thermal Design with Integrated IO Armor, PCIe 4.0 M.2 with Thermal Guard, 2.5GbE Gaming LAN, USB 3.2 Gen2 TYPE-C , RGB FUSION 2.0, Q-Flash Plus\n Supports 11th and 10th Gen Intel Core Series Processors\n Dual Channel Non-ECC Unbuffered DDR4, 4 DIMMs\n Direct 12+1 Phases Digital VRM Solution with 60A DrMOS\n Shielded Memory Routing for Better Memory Overclocking\n Fully Covered Thermal Design with High Coverage MOSFET Heatsinks\n Fast 2.5GbE LAN with Bandwidth Management\n Triple Ultra-Fast NVMe PCIe 4.0*/3.0 x4 M.2 with Thermal Guards\n Rear USB 3.2 Gen2 Type-C and Front USB3.2 Gen1 Type-C for Connecting Devices\n Pre-installed IO Shield for Easy and Quick Installation\n RGB FUSION 2.0 with Multi-Zone Addressable LED Light Show Design, Support Addressable LED & RGB LED Strips\n Smart Fan 6 Features Multiple Temperature Sensors, Hybrid Fan Headers with FAN STOP\n Q-Flash Plus Update BIOS without Installing the CPU, Memory and Graphics Card',9500,'2022-11-16 17:17:55','2022-11-21 06:04:55',9000,0),(513,'MSI B560M PRO (LGA1200) MOTHERBOARD',' B560M PRO\n Supports 10th Gen Intel Core, 11th Gen Intel Core, Pentium Gold and Celeron processors for LGA 1200 socket\n Supports DDR4 Memory, up to 5200(OC) MHz\n Core Boost: With premium layout and digital power design to support more cores and provide better performance.\n DDR4 Boost: Advanced technology to deliver pure data signals for the best performance and stability.\n Lightning Fast Experience: PCIe 4.0, Lightning Gen4 x4 M.2 with M.2 Shield Frozr\n 2.5G LAN: Upgraded network solution for professional and multimedia use. Delivers a secure, stable and fast network connection\n Audio Boost: Reward your ears with studio grade sound quality\n Steel Armor: Protecting VGA cards against bending and EMI for better performance, stability and strength.',4960,'2022-11-16 17:18:31','2022-11-21 06:04:45',4400,0),(514,'MSI B560M PRO VDH (LGA1200) MOTHERBOARD',' Supports 10th Gen Intel Core, 11th Gen Intel Core, Pentium Gold and Celeron processors for LGA 1200 socket\n Supports DDR4 Memory, up to 5066(OC) MHz\n Core Boost: With premium layout and digital power design to support more cores and provide better performance.\n DDR4 Boost: Advanced technology to deliver pure data signals for the best performance and stability.\n Lightning Fast Experience: PCIe 4.0, Lightning Gen4 x4 M.2 with M.2 Shield Frozr\n 2.5G LAN: Upgraded network solution for professional and multimedia use. Delivers a secure, stable and fast network connection\n Audio Boost: Reward your ears with studio grade sound quality\n Steel Armor: Protecting VGA cards against bending and EMI for better performance, stability and strength.',5520,'2022-11-16 17:18:48','2022-11-21 05:23:42',5500,0),(515,'MSI B560M PRO-E (LGA1200) MOTHERBOARD',' B560M PRO-E\n Supports 10th Gen Intel Core , 11th Gen Intel Core , Pentium Gold and Celeron processors for LGA 1200 socket\n Supports DDR4 Memory, up to 4800(OC) MHz\n Core Boost :  With premium layout and digital power design to support more cores and provide better performance.\n DDR4 Boost :  Advanced technology to deliver pure data signals for the best performance and stability.\n Lightning Fast Experience :  PCIe 4.0\n Turbo M.2 :  Running at PCI-E Gen3 x4 maximizes performance for NVMe based SSDs\n Audio Boost :  Reward your ears with studio grade sound quality\n Steel Armor :  Protecting VGA cards against bending and EMI for better performance, stability and strength.',4580,'2022-11-16 17:19:04','2022-11-21 05:24:01',4000,0),(516,'MSI H510M-A PRO (LGA 1200) MOTHERBOARD',' H510M-A PRO\n Supports 10th Gen Intel Core, 11th Gen Intel Core, Pentium Gold and Celeron processors for LGA 1200 socket\n Supports DDR4 Memory, up to 3200(Max) MHz\n Core Boost: With premium layout and digital power design to support more cores and provide better performance.\n DDR4 Boost: Advanced technology to deliver pure data signals for the best performance and stability.\n Lightning Fast Experience: PCIe 4.0\n Turbo M.2: Running at PCI-E Gen3 x4 maximizes performance for NVMe based SSDs\n Audio Boost: Reward your ears with studio grade sound quality\n Steel Armor: Protecting VGA cards against bending and EMI for better performance, stability and strength.',3890,'2022-11-16 17:19:23','2022-11-21 05:24:21',3390,0),(517,'MSI MAG Z590 TORPEDO (LGA1200) MOTHERBOARD 4*DDR4',' Supports 10th Gen Intel Core, 11th Gen Intel Core, Pentium Gold and Celeron processors for LGA 1200 socket\n Supports DDR4 Memory, up to 5333(OC) MHz\n Premium Thermal Solution: Extended Heatsink Design and M.2 Shield Frozr are built for high performance system and non-stop works\n Latest Network Solution: Onboard 2.5G LAN plus Gigabit LAN with LAN Manager deliver the best online experience without lag\n Lightning M.2: Running at PCIe Gen4 x4 maximizes performance for NVMe based SSDs\n Lightning USB 20G: Powered by USB 3.2 Gen2x2 controller, offering never before seen USB speeds up to 20Gb/s with USB Type-C\n AUDIO BOOST 5: Reward your ears with studio grade sound quality for the most immersive gaming experience\n Multi-GPU: With Steel armor PCIe slots. Supports 2-Way AMD Crossfire',10870,'2022-11-16 17:19:47','2022-11-21 05:24:44',10370,0),(518,'MSI MEG Z590 ACE (LGA 1200) MOTHERBOARD',' MEG Z590 ACE Supports 11th and 10th Gen Intel Core / Pentium Celeron processors for LGA 1200 socket\n Supports DDR4 Memory, up to 5600(OC) MHz\n Dual Thunderbolt 4 ports: Thunderbolt USB-C at true 40 Gb/s speeds, 8K display support, Daisy-Chaining, and Multi-Port Accessory Architecture provide reliable connectivity and a better user experience.\n Quadruple M.2 Connectors: Onboard 4x M.2 connectors for the maximum storage performance with one Lightning Gen 4 solution. Shield Frozr design keeps M.2 SSDs safe while preventing throttling, making them run faster.\n Extreme Power Design: INTERSIL digital PWM, 16+2+1 phases with 90A Smart Power Stage, dual CPU power connectors, and exclusive Mirrored Power Arrangement to unleash the true power of your processors.\n Outstanding Cooling Solution: Aluminum Cover, VRM Heat-pipe, 7W/mK thermal pads, M.2 Shield Frozr and Aluminum Backplate ensure the extreme performance with low temp.\n 2.5G LAN with latest Wi-Fi 6E: Onboard 2.5G LAN with LAN manager and latest Wi-Fi 6E solution which supports 6GHz spectrum delivering the best online gaming experience.\n Smart Button: One button with multiple hardware control. Reset Computer, Safe Boot, Turbo Fan, and EZ LED control functions with just one click.\n 8 Layer PCB with 2oz Thickened Copper: Provides higher performance and long-lasting system stability without any compromise.\n Audio Boost 5 HD: Ultimate audio solution with the latest premium ALC4082 audio processor combining ESS audio DAC and amplifier delivers the breathtaking experience.',19870,'2022-11-16 17:20:06','2022-11-21 05:25:11',19300,0),(519,'MSI MEG Z590I UNIFY (LGA 1200) MOTHERBOARD',' Generation: SkyHawk Surveillance\n Standard Model: ST2000VX008\n Capacity: 2TB\n Interface: SATA 6Gb/s\n Cache: 64MB\n Form Factor: 3.5 Internal',15920,'2022-11-16 17:20:33','2022-11-21 05:25:35',15420,0),(520,'MSI MPG Z590 GAMING CARBON WIFI (LGA 1200) MOTHERBOARD',' Generation: SkyHawk Surveillance\n Standard Model: ST2000VX008\n Capacity: 2TB\n Interface: SATA 6Gb/s\n Cache: 64MB\n Form Factor: 3.5 Internal',14850,'2022-11-16 17:20:52','2022-11-21 05:25:59',14350,0),(521,'MSI MPG Z590 GAMING PLUS (LGA 1200) MOTHERBOARD',' MPG Z590 GAMING PLUS\n Supports 11th and 10th Gen Intel Core / Pentium Celeron processors for LGA 1200 socket\n Supports DDR4 Memory, up to 5333(OC) MHz\n Lightning Fast Game experience: PCIe 4.0, Lightning Gen 4 x4 M.2, USB 3.2 Gen 2x2\n Enhanced Power Design: 14+1+1 Duet Rail Power System, dual 8-pin CPU power connectors, Core Boost, DDR4 Boost\n Premium Thermal Solution: Enlarged heatsink with heat-pipe, MOSFET thermal pads rated for 7W/mK, additional choke thermal pads and 3x M.2 Shield Frozr are built for high-performance system and non-stop gaming experience\n MYSTIC LIGHT: 16.8 million colors / 29 effects controlled in one click. MYSTIC LIGHT EXTENSION supports both RGB and RAINBOW LED strip.\n 2.5G LAN with LAN Manager: Upgraded network solution for professional and multimedia use. Delivers a secure, stable and fast network connection\n AUDIO BOOST 5: Reward your ears with studio grade sound quality for the most immersive gaming experience\n High Quality PCB: 6-layer PCB made by 2oz thickened copper and server grade level material\n Pre-installed I/O Shield: Better EMI protection and more convenience for installation',10860,'2022-11-16 17:21:10','2022-11-21 05:26:25',10360,0),(523,'ASUS EX-B660M-V5 DDR4 (LGA 1700) MOTHERBOARD',' Intel B660 (LGA 1700) mATX motherboard with PCIe 4.0, 8 power stages, Realtek 1 Gb Ethernet, HDMI, D-Sub, USB 3.2 Gen 1, DDR4 5333 (OC), luminous anti-moisture coating and Lightning Boot\n Non-stop action: The best choice for iCaf, configure-to-order gaming systems and quality-driven businesses\n Non-stop durability: Unbeatable features including 8-pin ProCool connector, luminous anti-moisture coating, USBGuard, LANGuard, SafeSlot Core+, Stainless-steel back I/O and 5X Protection III\n Non-stop gaming: DDR4 5333 (OC), two M.2 slots, PCIe 4.0, ASUS Beyond VR ready and Epic audio\n Non-stop challenger: ASUS iCaf LAB-certified reboot and compatibility tested for diskless-system use, plus use with top games, 100+ peripherals, 1000+ CPUs, memory modules, graphics cards and more',6870,'2022-11-16 17:21:57','2022-11-21 05:27:00',6350,0),(531,'ASUS PRIME Z690-A (LGA 1700) MOTHERBOARD 4*DDR5',' Intel Z690 (LGA 1700) ATX motherboard with PCIe 5.0, four M.2 slots, 16+1 DrMOS power stages, DDR5, HDMI, DisplayPort, Intel 2.5 Gb Ethernet, USB 3.2 Gen 2x2 Type-C, front USB 3.2 Gen 2 Type-C, Thunderbolt 4 support, and Aura Sync RGB lighting\n Intel LGA 1700 socket: Ready for 12th Gen Intel processors\n Enhanced power solution: 16+1 DrMOS, ProCool sockets, alloy chokes and durable capacitors for stable power delivery\n AI Overclocking: Optimizes performance based on CPU and cooler loads to achieve results that are extremely close to manual tuning by experts\n AI Cooling: Manages and controls all motherboard fans, automatically optimizing settings based on current system load and temperature\n Two-Way AI Noise-Cancelation: Reduces background noise from the microphone and audio output for crystal-clear communication in games or video conferences\n Comprehensive cooling: Large VRM heatsinks, M.2 heatsinks, M.2 backplate with Q-Latch, hybrid fan headers and Fan Xpert 4\n Next-gen connectivity: DDR5 memory, PCIe 5.0, Intel 2.5 Gb Ethernet, USB 3.2 Gen2x2 Type-C, front panel USB 3.2 Gen 2 Type-C, Thunderbolt 4 header support, 4 PCIe 4.0 M.2',16670,'2022-11-16 17:23:42','2022-11-21 05:28:07',16100,0),(543,'ASUS ROG STRIX Z690 MAXIMUS HERO (LGA 1700) MOTHERBOARD 4*DDR5 WIFI 6 + BT','Order Basis\n\n ROG MAXIMUS Z690 HERO\n Intel Z690 ATX motherboard with 20+1 power stages, DDR5, Five M.2, USB 3.2 Gen 2x2 front-panel connector, Dual Thunderbolt 4, PCIe 5.0, Onboard WiFi 6E, and Aura Sync RGB lighting\n Socket LGA 1700 for 12th Gen Intel Core, Pentium Gold and Celeron processors\n Intelligent Control: ASUS-exclusive tools including AI Overclocking, AI Cooling, AI Networking, and Two-Way AI Noise-Cancelation for easy configuration\n Robust Power Solution: 20+1 teamed power stages rated for 90 A, ProCool II power connectors, MicroFine alloy chokes, and premium metallic capacitors\n Optimized Thermal Design: Large VRM heatsinks plus integrated aluminum I/O cover, high-conductivity thermal pad, triple M.2 heatsinks, and two M.2 backplates, plus ROG Water-Cooling Zone and ROG Hyper M.2 card with heatsinks.\n High-Performance Networking: Onboard WiFi 6E, Intel 2.5 Gb Ethernet, and ASUS LANGaurd.\n Fastest Gaming Connectivity: PCIe 5.0, dual Gen 4 M.2 onboard, ROG Hyper M.2 card with Gen 5 M.2 support, USB 3.2 Gen 2x2 front-panel connector, dual Thunderbolt 4 (USB Type-C ports).\n Industry-Leading Audio: ROG SupremeFX ALC4082 withESS ES9018Q2C DAC for pinpoint positioning and dynamics\n Unmatched Personalization: I/O cover with Polymo Lighting, ASUS-exclusive Aura Sync RGB lighting, including one RGB header and three addressable Gen 2 RGB headers\n DIY-Friendly Design: Pre-mounted I/O shield, PCIe Slot Q-Release, BIOSFlashBack, Q-Code, FlexKey, Q-Connector, M.2 Q-Latch, SafeSlot, ROG Hyper M.2 card, and ROG Graphics Card Holder\n Renowned Software: Bundled 1year AIDA64 Extreme subscription and intuitive UEFI BIOS dashboard with integrated MemTest86',34495,'2022-11-16 17:26:17','2022-11-21 05:29:19',33895,0),(547,'ASUS ROG STRIX Z690-G GAMING WIFI (LGA 1700) MOTHERBOARD 4*DDR5 WIFI 6 + BT',' ROG STRIX Z690-G GAMING WIFI\n Intel Z690 LGA 1700 mATX motherboard with PCIe 5.0, 14+1 DrMos, DDR5 memory support, Two-Way AI Noise Cancelation, AI Overclocking, AI Cooling, AI Networking, WiFi 6E (802.11ax), Intel 2.5 Gb Ethernet, three M.2 slots with heatsinks, PCIe 4.0 NVMe SSD support, M.2 backplates, USB 3.2 Gen 2x2 Type-C, SATA and AURA Sync RGB lighting\n Intel LGA 1700 socket: Ready for 12th Gen Intel Core, Pentium Gold and Celeron Processors\n Optimal Power Solution: 14+1 DrMos with ProCool II power connector, high-quality alloy chokes, and durable capacitors to support multi-core processors\n Optimized Thermal Design: Integrated I/O cover and VRM heatsinks with high conductivity thermal pad, three onboard M.2 heatsinks, and M.2 backplates for two M.2 slots\n High-performance Networking: On-board Intel WiFi 6E (802.11ax) and Intel 2.5 Gb Ethernet with ASUS LANGuard\n Best Gaming Connectivity: Supports HDMI 2.1 and DisplayPort 1.4 output, three M.2 slots, as well as USB 3.2 Gen 2x2 Type-C\n Intelligent Control: ASUS-exclusive AI Overclocking and Two-Way AI Noise Cancelation to simplify setup and improve performance\n DIY Friendly Design: M.2 Q-Latch, pre-mounted I/O shield, BIOS FlashBack button, and Clr CMOS button\n Unmatched Personalization: ASUS-exclusive Aura Sync RGB lighting, including a RGB header and three addressable Gen 2 headers\n Industry-leading Gaming Audio: High fidelity audio with ALC4080 with Savitech SV3H712 amplifier, along with DTS Sound Unbound and Sonic Studio III\n Renowned Software: Bundled AIDA64 Extreme 60 days free trial version and intuitive UEFI BIOS dashboard with integrated MemTest86',19480,'2022-11-16 17:27:04','2022-11-21 05:30:08',18990,0),(551,'ASUS TUF GAMING Z690 PLUS WIFI D4 (LGA 1700) MOTHERBOARD 4*DDR4, WIFI 6 + BT',' Intel Z690 (LGA 1700) ATX gaming motherboard, 15 DrMOS power stages, PCIe 5.0, DDR4 memory, four M.2 slots, WiFi 6 and Intel 2.5 Gb Ethernet, HDMI, DisplayPort, USB 3.2 Gen 2x2 Type-C, front USB 3.2 Gen 2 Type C, SATA 6 Gbps, Thunderbolt 4 support and Aura Sync RGB lighting\n Intel LGA 1700 socket: Ready for 12th Gen Intel Core processors\n Enhanced power solution: 14+1 DrMOS, six-layer PCB, ProCool sockets, alloy chokes, and durable capacitors for stable power delivery\n Next-gen connectivity: PCIe 5.0, USB 3.2 Gen2x2 Type-C, front USB 3.2 Gen 2 Type-C, Thunderbolt 4 header support\n Made for online gaming: WiFi 6, Intel 2.5 Gb Ethernet and TUF LANGuard\n Two-way AI Noise-Cancelation: Reduces background noise from the microphone and audio output for crystal-clear communication in games or video conferences\n Comprehensive cooling: Enlarged VRM heatsink, PCH fanless heatsink, M.2 heatsinks, hybrid fan headers and Fan Xpert 4 utility in Armoury Crate\n Outshine RGB Aura Effect: Stylish edge and PCH lighting design, addressable RGB headers and RGB strip header support',14525,'2022-11-16 17:27:58','2022-11-21 05:31:24',14025,0),(552,'GIGABYTE B660 AORUS MASTER (LGA 1700) DDR4 MOTHERBOARD',' Intel B660 AORUS Motherboard with 16*+1+1 Twin Hybrid Phases Digital VRM Design, Fully Covered Thermal Design , 3 x PCIe 4.0*/3.0 M.2 with Enlarged Thermal Guard, Intel 2.5GbE LAN, WIFI 6 802.11ax , 120dB Hi-Res Audio with WIMA, Rear USB 3.2 Gen 2x2 Type-C, RGB FUSION 2.0, Q-Flash Plus\n Supports 12th Gen Intel Core Series Processors\n Dual Channel Non-ECC Unbuffered DDR4, 4 DIMMs\n 16*+1+1 Twin Hybrid Digital VRM Design with 60A DrMOS\n Shielded Memory Routing for Better Memory Overclocking\n Fully Covered Thermal Design with High Coverage MOSFET Heatsinks\n WIFI 6 802.11ax 2T2R & BT5 with AORUS Antenna\n Amp-Up Audio with ALC1220 and WIMA Audio Capacitors\n Blazing Fast Intel 2.5GbE LAN with Bandwidth Management\n Triple Ultra-Fast NVMe PCIe 4.0*/3.0 x4 M.2 with Enlarged Thermal Guards\n SuperSpeed USB 3.2 Gen 2x2 Type-C delivers up to 20Gb/s transfer speeds\n RGB FUSION 2.0 with Multi-Zone Addressable LED Light Show Design, Support Addressable LED & RGB LED Strips\n Smart Fan 6 Features Multiple Temperature Sensors, Hybrid Fan Headers with FAN STOP\n Q-Flash Plus Update BIOS without Installing the CPU, Memory and Graphics Card',12680,'2022-11-16 17:29:56','2022-11-21 05:33:31',12180,0),(553,'GIGABYTE B660I AORUS PRO DDR4 (LGA1700) MOTHERBOARD',' Intel B660 Mini-ITX AORUS Motherboard with Direct 8+1+1 Phases Digital VRM Design, Advanced Thermal Solution , PCIe 4.0 M.2 with Enlarged Thermal Guard, Intel 2.5GbE LAN, WIFI 6 802.11ax , 8-ch HD Audio with Audio Caps, HDMI 2.0, RGB FUSION 2.0, Q-Flash Plus\n Supports 12th Gen Intel Core Series Processors\n Dual Channel Non-ECC Unbuffered DDR4, 2 DIMMs\n Direct 8+1+1 Phases Digital VRM Solution with 90A SPS\n Shielded Memory Routing for Better Memory Overclocking\n Extended MOSFET Heatsink and Multi-Layered PCH M.2 Heatsink, Aluminum Baseplate\n WIFI 6 802.11ax 2T2R & BT5 with AORUS Antenna\n Blazing Fast Intel 2.5GbE LAN with Bandwidth Management\n Ultra-Fast NVMe PCIe 4.0*x4 M.2 with Thermal Guard\n Rear USB 3.2 Gen 2 Type-C and Front USB 3.2 Gen 1 Type-C for Connecting devices\n Pre-installed IO Shield for easy and quick installation\n RGB FUSION 2.0 with Multi-Zone Addressable LED Light Show Design, Support Addressable LED & RGB LED Strips\n Smart Fan 6 Features Multiple Temperature Sensors, Hybrid Fan Headers with FAN STOP\n Q-Flash Plus Update BIOS without Installing the CPU, Memory and Graphics Card',11900,'2022-11-16 17:30:14','2022-11-21 05:34:36',11400,0),(557,'GIGABYTE B660M GAMING AC DDR4 (LGA1700) MOTHERBOARD',' Intel B660 GAMING Motherboard with 6+2+1 Phases Hybrid Digital VRM with MOS Heatsink, 2 x PCIe 4.0 M.2, 2.5GbE LAN, 802.11ac Wireless, Rear USB 3.2 Gen 1 Type-C, RGB FUSION 2.0, Q-Flash Plus\n Supports 12th Gen Intel Core Series Processors\n Dual Channel Non-ECC Unbuffered DDR4, 2 DIMMs\n 6+2+1 Phases Hybrid Digital VRM with MOS Heatsink\n Fast 2.5 GbE GAMING LAN with Bandwidth Management\n WIFI 802.11ac & BT with AERO Antenna\n Dual Ultra-Fast NVMe PCIe 4.0 x4 M.2\n Rear SuperSpeed USB 3.2 Gen 1 TYPE-C for Fast and Versatile Connections\n High-Quality Audio Capacitors and Audio Noise Guard\n RGB FUSION 2.0 supports Addressable LED & RGB LED Strips\n Smart Fan 6 Features Multiple Temperature Sensors, Hybrid Fan Headers with FAN STOP\n Q-Flash Plus Update BIOS without Installing the CPU, Memory, and Graphics Card',6795,'2022-11-16 17:31:14','2022-11-21 05:35:00',6295,0),(558,'GIGABYTE H610M H DDR4 (LGA1700) MOTHERBOARD',' Intel H610 Motherboard with 6+1+1 Hybrid Phases Digital VRM Design, PCIe 4.0* Design, Gen3 x4 M.2, Intel GbE with cFosSpeed, Anti-Sulfur Resistor, Smart Fan 6\n Supports 12th Gen Intel Core Series Processors\n Dual Channel Non-ECC Unbuffered DDR4, 2 DIMMs\n 6+1+1 Hybrid Digital VRM Design\n Intel GbE LAN with cFosSpeed Internet Accelerator Software\n NVMe PCIe 3.0 x4 M.2\n High-Quality Audio Capacitors and Audio Noise Guard\n Smart Fan 6 Features Multiple Temperature Sensors, Hybrid Fan Headers with FAN STOP\n GIGABYTE APP Center, Simple and Easy Use\n Anti-Sulfur Resistors Design',4750,'2022-11-16 17:31:27','2022-11-21 05:35:29',4200,0),(563,'GIGABYTE Z690 AORUS ELITE AX (LGA 1700) MOTHERBOARD 4*DDR4 WIFI 6 + BT',' Supports 12th Gen Intel Core Series Processors\n Dual Channel Non-ECC Unbuffered DDR4, 4 DIMMs\n Direct 16+1+2 Digital VRM Design with 70A Power Stage* and Tantalum Polymer Capacitor\n Shielded Memory Routing to Avoid Interference\n Fully Covered Thermal Design with High Coverage MOSFET Heatsinks\n Onboard WIFI 6 802.11ax 2T2R & BT5 with AORUS Antenna\n AMP-UP Audio with ALC1220 and WIMA Audio Capacitors\n Fast 2.5GbE LAN with Bandwidth Management\n 4x Ultra-Fast NVMe PCIe 4.0/3.0 x4 M.2 with Enlarged Thermal Guards\n SuperSpeed USB 3.2 Gen2x2 TYPE-C delivers up to 20Gb/s transfer speeds\n RGB FUSION 2.0 with Multi-Zone Addressable LED Light Show Design, Support Addressable LED & RGB LED Strips\n Smart Fan 6 Features Multiple Temperature Sensors , Hybrid Fan Headers with FAN STOP\n Q-Flash Plus Update BIOS without Installing the CPU, Memory and Graphics Card\n*Power Stage maximum current capacity is based on VCORE Phase.',14295,'2022-11-16 17:32:55','2022-11-21 05:36:08',13790,0),(566,'GIGABYTE Z690 AORUS MASTER (LGA 1700) MOTHERBOARD 4*DDR5, WIFI 6 + BT',' Intel Z690 AORUS Motherboard with Direct 19+1+2 Phases Digital VRM Design, DDR5 XTREME MEMORY Design, Fins-Array III Heatsink, Direct-Touch Heatpipe II, NanoCarbon Baseplate, M.2 Thermal Guard III, 125dB ESS Sabre Audio, Intel WIFI 6E 802.11ax, AQUANTIA 10GbE LAN\n Support 12th Gen Intel Series Processors\n Dual Channel Non-ECC Unbuffered DDR5, 4 DIMMs\n Direct 19+1+2 Phases VRM Design with 105A Power Stage* and Tantalum Polymer Capacitor\n DDR5 XTREME MEMORY Design with SMD DIMM and Shielded Memory Routing\n Advanced Thermal Solution with NanoCarbon Fins-Array III Heatsink, Direct-Touch Heatpipe II, and NanoCarbon Baseplate\n Intel WIFI 6E 802.11ax 2T2R & BT5 with AORUS Antenna\n Audio Solution with ESS Sabre ES9118 125dB on Rear Audio\n AQUANTIA 10GbE BASE-T LAN\n 5 x Ultra-Fast NVMe PCIe 4.0/3.0 x4 M.2 with Thermal Guards\n RGB FUSION 2.0 with Multi-Zone Addressable LED Light Show Design, Support Addressable LED & RGB LED Strips\n Smart Fan 6 Features Multiple Temperature Sensors, Hybrid Fan Headers with FAN STOP and Noise Detection\n Q-Flash Plus Update BIOS without Installing the CPU, Memory, and Graphics Card\n * Power Stage maximum current capacity is based on VCORE Phase.',28990,'2022-11-16 17:33:22','2022-11-21 05:37:03',28490,0),(571,'GIGABYTE Z690 GAMING X (LGA 1700) MOTHERBOARD 4*DDR4',' Intel Z690 GAMING Motherboard with Direct 16+1+2 Phases Digital VRM Design, PCIe 5.0 Design, Fully Covered Thermal Design, 4 x PCIe 4.0 M.2 with Enlarged Thermal Guard, 2.5GbE LAN, 120dB Hi-Res Audio with WIMA, Rear USB 3.2 Gen2x2 TYPE-C, RGB FUSION 2.0, Q-Flash Plus\n Supports 12th Gen Intel Core Series Processors\n Dual Channel Non-ECC Unbuffered DDR4, 4 DIMMs\n Direct 16+1+2 Digital VRM Design with 60A Power Stage* and Tantalum Polymer Capacitor\n Shielded Memory Routing to Avoid Interference\n Fully Covered Thermal Design with High Coverage MOSFET Heatsinks\n AMP-UP Audio with ALC1220 and WIMA Audio Capacitors\n Fast 2.5GbE LAN with Bandwidth Management\n 4 x Ultra-Fast NVMe PCIe 4.0/3.0 x4 M.2 with Enlarged Thermal Guards\n SuperSpeed USB 3.2 Gen2x2 TYPE-C delivers up to 20Gb/s transfer speeds\n RGB FUSION 2.0 with Multi-Zone Addressable LED Light Show Design, Support Addressable LED & RGB LED Strips\n Smart Fan 6 Features Multiple Temperature Sensors, Hybrid Fan Headers with FAN STOP\n Q-Flash Plus Update BIOS without Installing the CPU, Memory and Graphics Card',11900,'2022-11-16 17:34:17','2022-11-21 05:37:25',11400,0),(578,'MSI H610M-G PRO DDR4 (LGA 1700) MOTHERBOARD',' Supports 12th Gen Intel Core, Pentium Gold and Celeron processors for LGA 1700 socket\n Supports DDR4 Memory, up to 3200(MAX) MHz\n Core Boost : With premium layout and digital power design to support more cores and provide better performance\n Memory Boost: Advanced technology to deliver pure data signals for the best performance, stability and compatibility\n Lightning Fast Experience: PCIe 4.0\n Audio Boost: Reward your ears with studio grade sound quality\n Steel Armor: Protecting VGA cards against bending and EMI for better performance, stability and strength.',5490,'2022-11-16 17:35:57','2022-11-21 05:38:17',4990,0),(581,'MSI MAG B660M BAZOOKA DDR4 (LGA 1700) MOTHERBOARD',' Supports 12th Gen Intel Core, Pentium Gold and Celeron processors for LGA 1700 socket\n Supports DDR4 Memory, up to 4800+(OC) MHz\n Premium Thermal Solution: Extended Heatsink Design and M.2 Shield Frozr are built for high performance system and non-stop works\n Latest Network Solution: Onboard 2.5G LAN plus Gigabit LAN with LAN Manager deliver the best online experience without lag\n Lightning M.2: Running at PCIe Gen 4 maximizes performance for NVMe based SSDs\n Audio Boost: Reward your ears with studio grade sound quality\n Multi-GPU: With Steel armor PCIe slots. Supports AMD Crossfire',7990,'2022-11-16 17:36:37','2022-11-21 05:38:58',7490,0),(584,'MSI MAG B660M MORTAR WIFI DDR4 (LGA1700) MOTHERBOARD',' MAG B660M MORTAR WIFI DDR4\n Supports 12th Gen Intel Core, Pentium Gold and Celeron processors for LGA 1700 socket\n Supports DDR4 Memory, up to 4800+(OC) MHz\n Premium Thermal Solution: Extended Heatsink Design and M.2 Shield Frozr are built for high performance system and non-stop works\n 2.5G LAN and Intel Wi-Fi Solution: Upgraded network solution for professional and multimedia use. Delivers a secure, stable and fast network connection\n Lightning M.2: Running at PCIe Gen 4 maximizes performance for NVMe based SSDs\n Lightning USB 20G: Built-in USB 3.2 Gen 2x2 port, offers 20Gbps transmission speed, 4X faster than USB 3.2 Gen 1\n AUDIO BOOST: Reward your ears with studio grade sound quality\n Multi-GPU: With Steel armor PCIe slots. Supports AMD Crossfire',10600,'2022-11-16 17:37:21','2022-11-21 05:39:23',10100,0),(616,'ASROCK B450M STEEL LEGEND (AM4) MOTHERBOARD',' AMD AM4 Socket\n Supports DDR4 3533+ (OC)\n 1 PCIe 3.0 x16, 1 PCIe 2.0 x16, 1 PCIe 2.0 x1\n AMD Quad CrossFireX\n Graphics Output: DisplayPort, HDMI\n 7.1 CH HD Audio (Realtek ALC892 Audio Codec), Nichicon Fine Gold Series Audio Caps\n 4 SATA3, 1 Ultra M.2 (PCIe Gen3 x4), 1 M.2 (SATA3)\n 2 USB 3.1 Gen2 (Rear Type-A+C)\n 6 USB 3.1 Gen1 (2 Front, 4 Rear)\n Realtek Gigabit LAN',4850,'2022-11-16 17:45:26','2022-11-21 05:44:18',4350,0),(619,'ASROCK B550 PHANTOM GAMING-ITX (AM4) MOTHERBOARD',' Supports 3rd Gen AMD AM4 Ryzen / Future AMD Ryzen Processors\n 8 Power Phase Design, Digi Power, 90A Dr.MOS\n Supports DDR4 5400+ (OC)\n 1 PCIe 4.0 x16\n Graphics Output Options: HDMI, DisplayPort\n 7.1 CH HD Audio (Realtek ALC1220 Audio Codec), Nahimic Audio\n 4 SATA3, 1 Hyper M.2 (PCIe Gen4 x4), 1 Ultra M.2 (PCIe Gen3 x4 & SATA3)\n 3 USB 3.2 Gen2 (Rear Type A+C, Front Type-C), 6 USB 3.2 Gen1 (2 Front, 4 Rear)\n Intel 2.5G LAN, Wi-Fi 6 802.11ax (2.4Gbps) + BT 5.1',11950,'2022-11-16 17:45:58','2022-11-21 05:44:55',11450,0),(620,'ASROCK B550 STEEL LEGEND (AM4) MOTHERBOARD',' Supports 3rd Gen AMD AM4 Ryzen / Future AMD Ryzen Processors\n 14 Power Phase Design, Digi Power, Dr. MOS\n Supports DDR4 4733+ (OC)\n 1 PCIe 4.0 x16, 1 PCIe 3.0 x16, 2 PCIe 3.0 x1, 1 M.2 Key E for WiFi\n Graphics Output Options: HDMI, DisplayPort\n AMD CrossFireX\n 7.1 CH HD Audio (Realtek ALC1220 Audio Codec), Nahimic Audio\n 6 SATA3, 1 Hyper M.2 (PCIe Gen4 x4), 1 M.2 (PCIe Gen3 x2 & SATA3)\n 2 USB 3.2 Gen2 (Rear Type A+C), 5 USB 3.2 Gen1 (2 Front, 2 Rear, 1 Front Type-C)\n Dragon 2.5G LAN',9650,'2022-11-16 17:46:11','2022-11-21 05:45:20',9100,0),(624,'ASROCK X570 PHANTOM GAMING 4 (AM4) MOTHERBOARD',' Supports AMD AM4 Socket Ryzen 2000 and 3000 Series processors\n 10 Power Phase Design\n Supports DDR4 4066+ (OC)\n 2 PCIe 4.0 x16, 2 PCIe 4.0 x1, 1 M.2 (Key E) For WiFi\n AMD Quad CrossFireX and CrossFireX\n Graphics Output Options: HDMI, DisplayPort\n 7.1 CH HD Audio (Realtek ALC1200 Audio Codec), ELNA Audio Caps\n 8 SATA3, 1 Hyper M.2 (PCIe Gen4 x4 & SATA3), 1 Hyper M.2 (PCIe Gen4 x4)\n 2 USB 3.2 Gen2 (Rear Type-A), 10 USB 3.2 Gen1 (4 Front, 6 Rear)\n Intel Gigabit LAN\n ASRock Polychrome SYNC',9200,'2022-11-16 17:47:01','2022-11-21 05:46:33',8700,0),(627,'ASUS EX-A320M GAMING (AM4) MOTHERBOARD',' Non-stop action: The best choice for iCafs, built-to-order gaming systems and quality-driven businesses.\n Non-stop durability: Unbeatable features including anti-moisture coating, gold-plated PCIe x16 and LAN design, USB Guard, plus 5X Protection III.\n Non-stop gaming: Aura sync, ASUS Beyond VR ready, Epic audio experiences\n Non-stop challenger: ASUS iCafe LAB-certified reboot- and compatibility-tested for diskless-system use, top games and 100+ peripherals, 1000+ CPUs, memory modules, graphics cards, and more.',2880,'2022-11-16 17:48:52','2022-11-21 05:47:05',2380,0),(629,'ASUS PRIME A520M-K (AM4) MOTHERBOARD',' AMD A520 (Ryzen AM4) micro ATX motherboard with M.2 support, 1 Gb Ethernet, HDMI/D-Sub, SATA 6 Gbps, USB 3.2 Gen 1 Type-A\n AMD AM4 socket: Ready for 3rd Gen AMD Ryzen and 3rd Gen AMD Ryzen with Radeon Graphics Processors\n Comprehensive cooling: PCH heatsink and Fan Xpert\n Ultrafast connectivity: M.2 support, 1 Gb Ethernet, USB 3.2 Gen 1 Type-A\n 5X Protection III: Multiple hardware safeguards for all-around system protection',3890,'2022-11-16 17:49:20','2022-11-21 05:47:30',3390,0),(635,'ASUS ROG CROSSHAIR VIII DARK HERO (AM4) MOTHERBOARD',' AMD AM4 socket: Ready for AMD Ryzen 5000 Series/ 4000 G-Series/ 3000 Series/ 3000 G-Series/ 2000 Series/ 2000 G-Series desktop processors; also supports up to two M.2 drives and features USB 3.2 Gen 2 and AMD StoreMI to maximize connectivity and speed\n Comprehensive thermal design: Passive chipset heatsink, M.2 aluminum heatsinks and ROG Water Cooling Zone.\n Robust power delivery: Designed power solution 14+2 TI power stages rated for 90A, ProCool II power connectors, microfine alloy chokes and 10K Japanese-made black metallic capacitors\n High-performance networking: On-board Wi-Fi 6 (802.11ax) with MU-MIMO support, 2.5 Gbps Ethernet and Gigabit Ethernet, both with ASUS LANGuard protection, and support for GameFirst VI software.\n 5-Way Optimization: Automated system-wide tuning, providing overclocking and cooling profiles that are tailor made for your rig.\n DIY Friendly Design: Pre-mounted I/O shield, ASUS SafeSlot, BIOS flashback and premium components for maximum endurance.\n Unmatched personalization: ASUS-exclusive Aura Sync RGB lighting, including RGB headers and addressable Gen 2 RGB headers\n Industry-leading ROG audio: ROG SupremeFX S1220 is combined with the venerable ESS ES9023P to deliver high-fidelity audio to headsets and exotic cans.',21780,'2022-11-16 17:53:15','2022-11-21 05:47:59',21180,0),(637,'ASUS ROG CROSSHAIR VIII HERO WIFI',' AMD AM4 socket: Ready for 2nd, and 3rd Gen AMD Ryzen processors and up to two M.2 drives, USB 3.2 Gen2, and AMD StoreMI to maximize connectivity and speed.\n Comprehensive thermal design: Active chipset heatsink, M.2 aluminum heatsink and ROG Cooling Zone.\n Robust power delivery: Designed power solution with 14+2 IR3555 PowIRstages, ProCool II power connectors, microfine alloy chokes and 10K Japanese-made black metallic capacitors.\n High-performance networking: On-board Wi-Fi 6 (802.11ax) with MU-MIMO support, 2.5 Gbps Ethernet and Gigabit Ethernet, both with ASUS LANGuard protection, and support for GameFirst V software.\n 5-Way Optimization: Automated system-wide tuning, providing overclocking and cooling profiles that are tailor made for your rig.\n DIY Friendly Design: Pre-mounted I/O shield, ASUS SafeSlot, BIOS FlashBack and premium components for maximum endurance.\n Unmatched personalization: ASUS-exclusive Aura Sync RGB lighting, including RGB headers and addressable Gen 2 RGB headers.\n Industry-leading ROG audio: ROG SupremeFX S1220 is combined with the venerable ESS ES9023P to deliver high-fidelity audio to headsets and exotic cans.',22492,'2022-11-16 17:54:15','2022-11-21 05:48:51',21992,0),(639,'ASUS ROG STRIX B450-E GAMING (AM4) MOTHERBOARD',' AM4 socket: Ready for AMD Ryzen processors\n Fast memory and storage: Dual-channel DDR4 3533MHz (OC) and NVM Express RAID supported.\n Aura Sync RGB: Synchronized RGB lighting technology works with a vast portfolio of Aura Sync-capable PC gear and includes support for addressable light strips.\n Gaming connectivity: Dual M.2 and USB 3.1 Gen 2 Type-A connectors\n Gaming networking: Intel Wireless-AC 9260 Wi-Fi, Intel Gigabit Ethernet, plus ASUS LANGuard and GameFirst technologies.\n One-click Optimization: Automated system-wide tuning, providing overclocking and cooling profiles that are tailor-made for your rig.\n Gaming audio: SupremeFX S1220A teams with Sonic Studio III to create an aural landscape that draws you deeper into the action.\n Gamers Guardian: Pre-mounted I/O shield, M.2 heatsink, ASUS SafeSlot and premium components for maximum endurance.',8530,'2022-11-16 17:55:00','2022-11-21 05:49:32',8000,0),(642,'ASUS ROG STRIX B550-F GAMING WIFI II (AM4) MOTHERBOARD',' ROG STRIX B550-F GAMING WIFI II\n AMD B550Ryzen AM4Gaming ATX motherboard with PCIe 4.0, 12+2 teamed power stages, Intel 2.5 Gb Ethernet, WiFi 6E, Two-Way AI Noise Cancelation, dual M.2 slots with heatsinks, SATA 6 Gbps, USB 3.2 Gen 2, and Aura Sync RGB lighting\n AM4 socket: Ready for AMD Ryzen 3000 and 5000 series, plus 5000 and 4000 G-series desktop processors\n Best gaming connectivity: PCIe 4.0-ready, dual M.2 slots, USB 3.2 Gen 2 Type-C, plus HDMI 2.1 and DisplayPort 1.2 output\n Smooth networking: Onboard WiFi 6E (802.11ax) and Intel 2.5 Gb Ethernet with ASUS LANGuard\n Robust power solution: 12+2 teamed power stages with ProCool power connector, high-quality alloy chokes and durable capacitors\n Renowned software: Intuitive dashboards for UEFI BIOS and ASUS AI Networking for easy configuration\n DIY-friendly design: Includes pre-mounted I/O shield, BIOS FlashBack, Q-LEDs and SafeSlot\n Unmatched personalization: ASUS-exclusive Aura Sync RGB lighting, including Aura RGB and addressable Gen 2 RGB headers\n Industry-leading gaming audio: Two-Way AI Noise Cancelatio',11737,'2022-11-16 17:55:42','2022-11-21 05:50:22',11237,0),(645,'ASUS ROG STRIX X570-F GAMING (AM4) MOTHERBOARD',' AM4 socket: Ready for 2nd and 3rd Gen AMD Ryzen processors to maximize connectivity and speed with up to two M.2 Drives, USB 3.2 Gen2 and AMD StoreMI\n Aura Sync RGB: ASUS-exclusive Aura Sync RGB lighting, including RGB headers and addressable Gen 2 GRB headers\n Optimal Power Solution: 12+2 power stages with ProCool II power connector, alloy chokes and durable capacitors to support multi-core processors\n Comprehensive cooling: Active chipset heatsink, MOS heatsink with 8mm heatpipe, dual on-board M.2 heatsinks and a water pump + header\n Gaming connectivity: Supports PCIe 4.0, HDMI 2.0, DisplayPort 1.2 and features dual M.2 and USB 3.2 Type-A and Type-C connectors\n Gaming networking: Intel Gigabit Ethernet, ASUS LANGuard and GameFirst\n 5-Way Optimization: Automated system-wide tuning, providing overclocking and cooling profiles that are tailor made for your rig\n Gaming audio: High fidelity audio with SupremeFX S1220A, DTS Sound Unbound and Sonic Studio III to draw you deeper into the action\n Easy DIY: ROG-patented pre-mounted I/O shield, ASUS SafeSlot, ASUS Node connector and BIOS Flashback for a friendlier building experience',13390,'2022-11-16 17:56:16','2022-11-21 05:53:26',12890,0),(648,'ASUS TUF B550M PLUS WIFI II (AM4) MOTHERBOARD',' AMD AM4 socket: Ready for Ryzen 5000 Series/ 5000 G-Series/ 4000 G-Series/ 3000 Series Desktop Processors\n Enhanced power solution: 8+2 DrMOS power stages, ProCool connector, military-grade TUF components, and DIGI+ VRM for maximum durability\n Comprehensive cooling: VRM heatsinks, PCH fanless heatsink, M.2 heatsink, hybrid fan headers and Fan Xpert 2+ utility\n Ultrafast connectivity: PCIe 4.0 M.2, USB 3.2 Gen 2 Type-A and Type-C support\n Made for online gaming: Wi-Fi 6, Realtek 2.5Gb Ethernet, and TUF LANGuard\n Two-Way AI Noise Cancelation: Reduces background noise from the microphone and audio output for crystal-clear communication in games or video conferences',9380,'2022-11-16 17:56:47','2022-11-21 05:53:50',8880,0),(650,'ASUS TUF GAMING B450M PLUS II GAMING (AM4) MOTHERBOARD',' AMD B450 (AM4) micro ATX gaming motherboard with M.2 support, AI Noise-Canceling Microphone, HDMI, DVI-D, USB 3.2 Gen 2 Type-A, USB 3.2 Gen 1 Type-A and Type-C, Aura Sync RGB lighting support\n Comprehensive cooling: VRM heatsink, PCH heatsink, Fan Xpert 2+\n Next-gen connectivity: USB 3.2 Gen 2 Type-A support\n AI Noise-Canceling Microphone: Provides crystal-clear in-game voice communication\n Aura Sync RGB Lighting: Synchronize LED lighting with a vast portfolio of compatible PC gear',5100,'2022-11-16 17:57:16','2022-11-21 05:54:06',4600,0),(658,'COLORFUL A320M-K PRO YV14 (AM4) MOTHERBOARD',' A320M-K PRO YV14\n Supports AMD Socket AM4 and Ryzen Series CPUs\n Supports Dual Channel DDR4 2666(OC)/2400/2133MHz memory\n 4*SATA3.0 ports\n RTL8111H 1000M LAN\n Realtek ALC662 6-ch audio chipset\n VGA+HDMI ports\n 4*USB2.0 and 4*USB3.0 ports(include headers)\n Audio isolated LED light',2690,'2022-11-16 17:58:48','2022-11-21 05:54:48',2190,0),(659,'COLORFUL B450M GAMING V14 (AM4) MOTHERBOARD',' Motherboard Series AMD chipset,CVN series\n Chipset AMD B450\n Processor Supports AMD Socket AM4 and Ryzen Series CPUs\n Memory 4 DIMM slotssupport dual channel DDR4 3200OC/3000OC/2800OC/2666/2400/2133MHz memory\n Graphics Support 1*PCI Express3.0X16 slot\n SATA Ports 4*SATA3.0 6Gb/s ports\n Board I/O 1*PS2 ports,1*DVI port,1*HDMI port,1*RJ45 lan3*audio ports,6*USB2.0,4*USB3.0 and 2*USB3.1(including headers)\n Expansion Slots 1*PCI Express 3.0x4 slot,1*M.2 slot(Only SATA SSD is supported when using AMD 7th generation Athlon processor);\n BIOS 128M UEFI\n Power Management support 95W processors\n Hardware Monitor CPU Fan speed ControlledSYSTEM Fan speed Monitoring,CPU Temperature MonitoringSystem Temperature Monitoringand Voltage monitoring\n LAN Onboard 1000M LANProvides 10/100/1000Mb Ethernet\n Audio 6-Channel audio chipset\n Configuration 245 x 245 mm mATX',4200,'2022-11-16 17:59:07','2022-11-21 05:55:31',3700,0),(669,'GIGABYTE A520M DS3H (AM4) MOTHERBOARD','AMD A520 Motherboard with Pure Digital VRM Solution, High Quality Audio, GIGABYTE Gaming LAN with Bandwidth Management, PCIe 3.0 x4 M.2, RGB FUSION 2.0, Smart Fan 5, Q-Flash Plus\n\n Supports 3rd Gen AMD Ryzen Processors\n Dual Channel ECC/ Non-ECC Unbuffered DDR4, 4 DIMMs\n 5+3 Phases Pure Digital VRM Solution with Low RDS(on) MOSFETs\n Ultra-Fast NVMe PCIe 3.0 x4 M.2 Connector\n GIGABYTE Exclusive 8118 Gaming LAN with Bandwidth Management\n HDMI, DVI-D, Display Ports for Multiple Display\n RGB FUSION 2.0 Supports Addressable LED & RGB LED Strips\n Smart Fan 5 Features Multiple Temperature Sensors, Hybrid Fan Headers with FAN STOP\n Q-Flash Plus Update BIOS without Installing the CPU, Memory and Graphics Card',3800,'2022-11-16 18:03:26','2022-11-21 05:56:02',3300,0),(674,'GIGABYTE B450M DS3H V2 (AM4) MOTHERBOARD','Cash Price: 4,480  /  Regular Price: 5,000  \n Supports AMD 3rd Gen Ryzen/ 2nd Gen Ryzen/ 1st Gen Ryzen/ 2nd Gen Ryzen with Radeon Vega Graphics/ 1st Gen Ryzen with Radeon Vega Graphics/ Athlon with Radeon Vega Graphics Processors\n Dual Channel Non-ECC Unbuffered DDR4, 4 DIMMs\n Feature Digital VRM Solution with Low RDS(on) MOSFETs\n HDMI, DVI-D Ports for Multiple Display\n Ultra-Fast PCIe Gen3 x4 M.2 with PCIe NVMe & SATA mode support\n High Quality Audio Capacitors and Audio Noise Guard with LED Trace Path Lighting\n GIGABYTE Exclusive 8118 Gaming LAN with Bandwidth Management\n RGB Fusion supports RGB LED Strips in 7-Colors\n Smart Fan 5 Features 5 Temperature Sensors and 2 Hybrid Fan Headers with FAN STOP\n APP Center Including EasyTune and Cloud Station Utilities\n CEC 2019 Ready, Save Power with a Simple Click',4480,'2022-11-16 18:04:17','2022-11-21 05:56:36',3990,0),(679,'GIGABYTE B550 AORUS PRO AC (AM4) MOTHERBOARD',' Supports 3rd Gen AMD Ryzen Processors\n Dual Channel ECC/ Non-ECC Unbuffered DDR4, 4 DIMMs\n True 12+2 Phases Digital VRM Solution with 50A DrMOS\n Advanced Thermal Design with Fins-Array Heatsink and Direct Touch Heatpipe\n Ultra Durable PCIe 4.0 Ready x16 Slot\n Dual Ultra-Fast NVMe PCIe 4.0/3.0 x4 M.2 with Thermal Guards\n Onboard Intel Dual Band 802.11ac & BT 4.2 Wireless with AORUS Antenna\n AMP-UP Audio with ALC1220-VB and WIMA Capacitors for Rear 120dB SNR\n Blazing Fast 2.5GbE LAN with Bandwidth Management\n USB 3.2 Gen2 Type-C & HDMI Support\n RGB FUSION 2.0 Supports Addressable LED & RGB LED Strips\n Smart Fan 5 Features Multiple Temperature Sensors , Hybrid Fan Headers with FAN STOP\n Q-Flash Plus Update BIOS without Installing the CPU, Memory and Graphics Card\n Pre-installed IO Shield for Easy and Quick Installation',10700,'2022-11-16 18:05:08','2022-11-21 05:57:08',10200,0),(698,'GIGABYTE X570S AORUS ELITE AX (AM4) MOTHERBOARD',' Supports AMD Ryzen 5000 Series/ Ryzen 5000 G-Series/ Ryzen 4000 G-Series/ Ryzen 3000 Series/ Ryzen 3000 G-Series/ Ryzen 2000 Series/ Ryzen 2000 G-Series Processors\n Dual Channel ECC/ Non-ECC Unbuffered DDR4, 4 DIMMs\n Twin 12+2 Phases Digital VRM Solution with 60A DrMOS\n Fully Covered Thermal Design with High Coverage MOSFET Heatsinks\n AMD WiFi 6E 802.11ax & BT 5.2\n Triple Ultra-Fast NVMe PCIe 4.0/3.0 x4 M.2 with Thermal Guards\n Fast 2.5GbE LAN with Bandwidth Management\n SuperSpeed USB 3.2 Gen 2x2 TYPE-C delivers up to 20Gb/s transfer speeds\n AMP-UP Audio with ALC1220-VB and WIMA Audio Capacitors\n Smart Fan 6 Features Multiple Temperature Sensors, Hybrid Fan Headers with FAN STOP\n RGB FUSION 2.0 with Multi-Zone Addressable LED Light Show Design, Support Addressable LED & RGB LED Strips\n Q-Flash Plus Update BIOS without Installing the CPU, Memory and Graphics Card',13995,'2022-11-16 18:10:03','2022-11-21 05:57:50',13495,0),(700,'GIGABYTE X570S AORUS PRO AX (AM4) MOTHERBOARD',' Supports AMD Ryzen 5000 Series/ Ryzen 5000 G Series/ Ryzen 4000 G Series/ Ryzen 3000 Series/ Ryzen 3000 G Series/ Ryzen 2000 Series/ Ryzen 2000 G Series Processors\n Dual Channel ECC/ Non-ECC Unbuffered DDR4, 4 DIMMs\n Active OC Tuner features Dynamic Change Between P.B.O. and Manual OC Settings\n Twin 12+2 Phases Digital VRM Solution with 60A DrMOS\n Advanced Thermal Solution with Fins-Array II, Direct Touch Heatpipe II and M.2 Thermal Guard III\n Intel WiFi 6 802.11ax & BT 5.2\n Triple Ultra-Fast NVMe PCIe 4.0/3.0 x4 M.2 with Thermal Guards\n Blazing Fast Intel 2.5GbE LAN with cFosSpeed\n SuperSpeed USB 3.2 Gen2x2 TYPE-C delivers up to 20Gb/s transfer speeds\n AMP-UP Audio with ALC1220-VB and WIMA Audio Capacitors\n Smart Fan 6 Features Multiple Temperature Sensors , Hybrid Fan Headers with FAN STOP\n RGB FUSION 2.0 with Multi-Zone Addressable LED Light Show Design, Support Addressable LED & RGB LED Strips\n Q-Flash Plus Update BIOS without Installing the CPU, Memory and Graphics Card',16990,'2022-11-16 18:11:00','2022-11-21 05:58:09',16490,0),(720,'MSI A320M PRO-VH (AM4) MOTHERBOARD',' Supports 1st, 2nd and 3rd Gen AMD Ryzen / Ryzen with Radeon Vega Graphics and 2nd Gen AMD Ryzen with Radeon Graphics / Athlon with Radeon Vega Graphics and A-series / Athlon X4 Desktop Processors for Socket AM4\n Supports DDR4 Memory, up to 3200(OC) MHz\n Turbo M.2: Running at PCI-E Gen3 x4 maximizes performance for NVMe based SSDs\n Core Boost: With premium layout and digital power design to support more cores and provide better performance\n DDR4 Boost: Advanced technology to deliver pure data signals for the best performance and stability\n Audio Boost: Reward your ears with studio grade sound quality\n Dragon Center: A brand new software which integrates all MSI exclusive tools with user friendly user interface',2750,'2022-11-16 18:16:05','2022-11-21 05:58:44',2250,0),(723,'MSI A520M PRO VH (AM4) MOTHERBOARD',' Supports AMD Ryzen 5000 & 3000 Series desktop processors and AMD Ryzen 4000 G-Series desktop processors\n Supports DDR4 Memory, up to 4600(OC) MHz\n Turbo M.2: Running at PCI-E Gen3 x4 maximizes performance for NVMe based SSDs\n Core Boost: With premium layout and digital power design to support more cores and provide better performance.\n DDR4 Boost: Advanced technology to deliver pure data signals for the best performance and stability.\n 2oz Thickened Copper PCB: An enhanced PCB design improves heat dissipation and performance reliability.\n Audio Boost: Reward your ears with studio grade sound quality\n Dragon Center: A brand new software which integrates all MSI exclusive tools with user friendly user interface.',3760,'2022-11-16 18:17:01','2022-11-21 05:59:48',3260,0),(725,'MSI A520M-A PRO (AM4) MOTHERBOARD',' Support 3rd Gen AMD Ryzen Desktop Processors and AMD Ryzen 4000 G-Series Desktop Processors\n Supports DDR4 Memory, up to 4600(OC) MHz\n Turbo M.2: Running at PCI-E Gen3 x4 maximizes performance for NVMe based SSDs\n Core Boost: With premium layout and digital power design to support more cores and provide better performance.\n DDR4 Boost: Advanced technology to deliver pure data signals for the best performance and stability.\n 2oz Thickened Copper PCB: An enhanced PCB design improves heat dissipation and performance reliability.\n Audio Boost: Reward your ears with studio grade sound quality\n Dragon Center: A brand new software which integrates all MSI exclusive tools with user friendly user interface.',3650,'2022-11-16 18:17:14','2022-11-21 06:00:16',3150,0),(727,'MSI B450 GAMING PLUS MAX (AM4) MOTHERBOARD','Cash Price: 5,250 /  Regular Price: 6,000 \n\n Supports 1st, 2nd and 3rd Gen AMD Ryzen / Ryzen with Radeon Vega Graphics and 2nd Gen AMD Ryzen with Radeon Graphics / Athlon with Radeon Vega Graphics Desktop Processors for Socket AM4\n Supports DDR4 Memory, up to 4133(OC) MHz\n Lightning Fast Game experience: TURBO M.2, AMD Turbo USB 3.2 GEN2, StoreMI Technology\n Core Boost: With premium layout and fully digital power design to support more cores and provide better performance\n DDR4 Boost: Advanced technology to deliver pure data signals for the best gaming performance and stability\n Audio Boost: Reward your ears with studio grade sound quality for the most immersive gaming experience\n Flash BIOS Button: Simply use a USB key to flash any BIOS within seconds, without installing a CPU, memory or graphics card',5250,'2022-11-16 18:17:47','2022-11-21 06:00:47',4850,0),(730,'MSI B550M PRO (AM4) MOTHERBOARD',' B550M PRO\n Supports AMD Ryzen 5000 & 3000 Series desktop processors (not compatible with AMD Ryzen 5 3400G & Ryzen 3 3200G) and AMD Ryzen 4000 G-Series desktop processors\n Supports DDR4 Memory, up to 4600(OC) MHz\n Lightning Fast Experience: PCIe 4.0, Lightning Gen4 x4 M.2 with M.2 Shield Frozr\n M.2 Shield Frozr: Strengthened built-in M.2 thermal solution. Keeps M.2 SSDs safe while preventing throttling, making them run faster\n Core Boost: With premium layout and digital power design to support more cores and provide better performance\n DDR4 Boost: Advanced technology to deliver pure data signals for the best performance and stability\n 2oz Thickened Copper PCB: An enhanced PCB design improves heat dissipation and performance reliability\n Audio Boost: Reward your ears with studio grade sound quality\n Dragon Center: A brand new software which integrates all MSI exclusive tools with user-friendly user interface',4950,'2022-11-16 18:18:29','2022-11-21 06:03:56',4450,0),(733,'MSI B550M-A PRO (AM4) 911-7C96-015 MOTHERBOARD',' B550M-A PRO\n Supports AMD Ryzen 5000 & 3000 Series desktop processors (not compatible with AMD Ryzen 5 3400G & Ryzen 3 3200G) and AMD Ryzen 4000 G-Series desktop processors\n Supports DDR4 Memory, up to 4600(OC) MHz\n Lightning Fast Experience: PCIe 4.0, Lightning Gen4 x4 M.2\n Core Boost: With premium layout and digital power design to support more cores and provide better performance\n DDR4 Boost: Advanced technology to deliver pure data signals for the best performance and stability\n 2oz Thickened Copper PCB: An enhanced PCB design improves heat dissipation and performance reliability\n Audio Boost: Reward your ears with studio grade sound quality\n Dragon Center: A brand new software which integrates all MSI exclusive tools with user friendly user interface.',4890,'2022-11-16 18:19:04','2022-11-21 05:59:16',4390,0),(735,'MSI MAG B550 TOMAHAWK (AM4) MOTHERBOARD','Cash Price: 9,280  /  Regular Price: 11,600\n Support for 3rd Gen AMD Ryzen Processors and future AMD Ryzen processors with BIOS update\n Supports DDR4 Memory, up to 5100+(OC) MHz\n Lightning Fast Game experience: PCIe 4.0, Lightning Gen 4 x4 M.2 with M.2 Shield Frozr, AMD Turbo USB 3.2 Gen 2\n Premium Thermal Solution: Extended Heatsink Design with additional choke thermal pad rated for 7W/mk and PCB with 2oz thickened copper are built for high performance system and non-stop gaming experience.\n Enhanced Power Design: 10+2+1 Duet Rail Power System, Digital PWM, Core Boost, DDR4 Boost.\n Latest Network Solution: Onboard 2.5G LAN plus Gigabit LAN with LAN Manager deliver the best online experience without lag.\n Mystic Light: 16.8 million colors / 29 effects controlled in one click. Mystic Light Extension supports RGB and RAINBOW LED strip.\n Pre-installed I/O Shielding: Better EMI protection and more convenience for installation.\n Audio Boost: Reward your ears with studio grade sound quality for the most immersive gaming experience.\n Multi-GPU: With Steel Armor PCI-E slots. Supports 2-Way AMD Crossfire',9280,'2022-11-16 18:19:18','2022-11-21 06:04:23',8880,0),(737,'MSI MAG B550M MORTAR (AM4) MOTHERBOARD','Cash Price: 8,050  /  Regular Price: 9,700\n Support for 3rd Gen AMD Ryzen Processors and future AMD Ryzen processors with BIOS update\n Supports DDR4 Memory, up to 4400+(OC) MHz\n Lightning Fast Game experience: PCIe 4.0, Lightning Gen 4 x4 M.2 with M.2 Shield Frozr, AMD Turbo USB 3.2 Gen 2\n Premium Thermal Solution: Extended Heatsink Design with additional choke thermal pad rated for 7W/mk and PCB with 2oz thickened copper are built for high performance system and non-stop gaming experience.\n Enhanced Power Design: 8+2+1 Duet Rail Power System, Digital PWM, Core Boost, DDR4 Boost.\n 2.5G LAN with LAN Manager: Upgraded network solution for professional and multimedia use. Delivers a secure, stable and fast network connection.\n Pre-installed I/O Shielding: Better EMI protection and more convenience for installation.\n Audio Boost: Reward your ears with studio grade sound quality for the most immersive gaming experience.\n Multi-GPU: With Steel Armor PCI-E slots. Supports 2-Way AMD Crossfire',8050,'2022-11-16 18:19:47','2022-11-21 06:04:45',7550,0),(740,'MSI MAG X570S CARBON MAX WIFI (AM4) MOTHERBOARD',' Supports AMD Ryzen 5000 series, 5000 G-series, 4000 G-series, 3000 series, 3000 G-series, 2000 series and 2000 G-series desktop processors\n Supports DDR4 Memory, up to 5300+(OC) MHz\n Lightning Fast Game experience: PCIe 4.0, Lightning Gen 4 x4 M.2, USB 3.2 Gen 2\n Enhanced Power Design: 14+2 Duet Rail Power System, 8-pin plus 4-pin CPU power connectors, Core Boost, DDR4 Boost\n Premium Thermal Solution: Aluminum cover, heat-pipe, MOSFET thermal pads rated for 7W/mK, additional choke thermal pads and M.2 Shield Frozr are built for high performance system and non-stop gaming experience\n MYSTIC LIGHT: 16.8 million colors / 29 effects controlled in one click. MYSTIC LIGHT EXTENSION supports both RGB and RAINBOW LED strip.\n 2.5G LAN with LAN Manager and Intel Wi-Fi 6E Solution: Upgraded network solution for professional and multimedia use. Delivers a secure, stable and fast network connection\n AUDIO BOOST 5: Reward your ears with studio grade sound quality for the most immersive gaming experience\n High Quality PCB: 6-layer PCB made by 2oz thickened copper and server grade level material\n Pre-installed I/O Shield: Better EMI protection and more convenience for installation',14260,'2022-11-16 18:20:24','2022-11-21 06:05:08',13760,0),(751,'MSI MPG X570 GAMING PLUS (AM4) MOTHERBOARD)',' Supports 2nd and 3rd Gen AMD Ryzen / Ryzen with Radeon Vega Graphics and 2nd Gen AMD Ryzen with Radeon Graphics Desktop Processors for Socket AM4\n Supports DDR4 Memory, up to 4400+(OC) MHz\n Lightning Fast Game experience: PCIe 4.0, Lightning Gen4 x4 M.2 with M.2 Shield Frozr accessory, StoreMI, AMD Turbo USB 3.2 GEN2\n Frozr Heatsink Design: Designed with the patented fan and double ball bearings to provide the best performance for enthusiast gamers and prosumers.\n Set Core Power Free: Extended Heatsink Design, Core Boost, Digital PWM IC, 8+4 pin CPU power connector, Game Boost, DDR4 Boost\n MYSTIC LIGHT: 16.8 million colors / 29 effects controlled in one click. MYSTIC LIGHT EXTENSION supports both RGB and RAINBOW LED strip.\n AUDIO BOOST 4: Reward your ears with studio grade sound quality for the most immersive gaming experience\n Dragon Center: A brand new software which integrates all MSI tools like GAME MODE, VOICE BOOST, LIVE UPDATE with user friendly user interface.',8995,'2022-11-16 18:22:38','2022-11-21 06:05:23',8495,0),(759,'AMD ATHLON 3000G 3.5 GHZ DUAL-CORE AM4 PROCESSOR > (MUST BE PURCHASED WITH A COMPATIBLE MOTHERBOARD)',' # of CPU Cores 2\n # of Threads 4\n # of GPU Cores 3\n Base Clock 3.5GHz\n Total L1 Cache 192KB\n Total L2 Cache 1MB\n Total L3 Cache 4MB\n Unlocked Yes\n CMOS 14nm\n Package AM4\n PCI Express Version PCIe 3.0\n Default TDP / TDP 35W\n Max Temps 95C\n *OS Support\n Windows 10 - 64-Bit Edition\n RHEL x86 64-Bit\n Ubuntu x86 64-Bit\n *Operating System (OS) support will vary by manufacturer.\n System Memory Specification Up to 2667MHz\n Memory Channels 2\n Graphics Frequency 1100 MHz\n Graphics Model Radeon Vega 3 Graphics\n Graphics Core Count 3',4490,'2022-11-16 18:26:34','2022-11-21 06:15:43',3990,0),(760,'TECWARE VXC BLACK DUAL CHAMBER ATX TG CASE','I/O\nSuper Speed USB 3.0 x 01\nHD Audio + USB 2.0 x 02\nBAYS\n2 x 3.5 HDD\n3 x 2.5 SSD\n7 x PCI Expansion Slots\nFANS\nTop: 2 x 120 / 140mm\nBottom: 2 x 120 / 140mm\nRear: 1 x 120mm\nSUPPORT AND CLEARANCE\n320mm Max GPU Length\n160mm Max CPU Cooler Height\n200mm Max PSU Length\nATX, mATX, ITX\nOTHERS\nHinged Tempered Glass Side Window\nTop, Bottom & Side Magnetic Dust Filters\nRubber Grommets Included\nSIZE\nDimensions: L348*W285*H430mm',2850,'2022-11-16 18:26:42','2022-11-21 06:14:43',2300,0),(761,'AMD RYZEN 3 3100 4-CORE 8-THREAD 3.60-3.90GHZ PROCESSOR > (MUST BE PURCHASED WITH A COMPATIBLE MOTHERBOARD)','NOTE: Must be purchased with a compatible motherboard.\n\n # of CPU Cores 4\n # of Threads 8\n Base Clock 3.6GHz\n Max Boost Clock Up to 3.9GHz\n Total L1 Cache 256KB\n Total L2 Cache 2MB\n Total L3 Cache 16MB\n Unlocked Yes\n CMOS TSMC 7nm FinFET\n Package AM4\n PCI Express Version PCIe 4.0\n Thermal Solution (PIB) Wraith Stealth\n Default TDP / TDP 65W\n System Memory Specification 3200MHz\n System Memory Type DDR4',6350,'2022-11-16 18:26:53','2022-11-21 06:14:31',5800,0),(762,'AMD RYZEN 3 PRO 4350G 3.8GHZ 4CORES 8THREADS 65W TRAY TYPE > MUST BE BOUGHT WITH A COMPATIBLE MOTHERBOARD','NOTE: Must be purchased with a compatible motherboard.\n\n # of CPU Cores: 4\n # of Threads: 8\n Max. Boost Clock: Up to 4.0GHz\n Base Clock: 3.8GHz\n L1 Cache: 256KB\n L2 Cache: 2MB\n L3 Cache: 4MB\n Default TDP: 65W\n Thermal Solution (MPK): Wraith Stealth\n System Memory Specification: Up to 3200MHz\n Graphics Model: Radeon Graphics\n Graphics Core Count: 6\n Graphics Frequency: 1700 MHz',8350,'2022-11-16 18:27:09','2022-11-21 06:14:16',7900,0),(763,'TECWARE VXR BLACK DUAL CHAMBER ATX TG CASE','I/O\nI/O Super speed USB 3.0 x 2\nHD Audio + USB 2.0 x2\n\nBAYS\n2x 3.5 bay\n2x 2.5 bay + 2x 2.5\" variable\n8x PCI Expansion Slots\n\nFANS (not included)\nTop 3x 120mm\nBottom 3x 120mm\nM/B Side 3x120mm\n\nSUPPORT AND CLEARANCE\n385mm Max GPU Card\n140mm Max CPU Cooler\n230mm Max PSU length\nCable Management\nITX, mATX, ATX motherboard',3300,'2022-11-16 18:27:10','2022-11-21 06:14:07',2900,0),(764,'AMD RYZEN 5 2400G PROCESSOR AM4 3.6GHZ WITH RADEON RX VEGA 11 > (MUST BE PURCHASED WITH B450 OR HIGHER COMPATIBLE MOTHERBOARD)',' # of CPU Cores 4\n # of Threads 8\n # of GPU Cores 11\n Base Clock 3.6GHz\n Max Boost Clock Up to 3.9GHz\n Total L1 Cache 384KB\n Total L2 Cache 2MB\n Total L3 Cache 4MB\n Unlocked Yes\n CMOS 14nm FinFET\n Package AM4\n PCI Express Version PCIe 3.0 x8\n Thermal Solution (PIB) Wraith Stealth\n Default TDP / TDP 65W\n cTDP 46-65W\n Max Temps 95C\n System Memory Specification Up to 2933MHz\n System Memory Type DDR4\n Memory Channels 2\n Graphics Frequency 1250 MHz\n Graphics Model Radeon RX Vega 11 Graphics\n Graphics Core Count 11',8990,'2022-11-16 18:27:22','2022-11-21 06:13:56',8400,0),(765,'AMD RYZEN 5 3500X 6-CORE 6-THREAD 3.6-4.10GHZ 32MB 65W > (MUST BE PURCHASED WITH B450 OR HIGHER MOTHERBOARD)','GCash price:  8,250  /  Regular Price: 9,000\nNOTE: Must be purchased with B450 or higher motherboard.\n\n # of CPU Cores: 6\n # of Threads: 6\n Base Clock: 3.6GHz\n Max Boost Clock: Up to 4.1GHz\n Total L1 Cache: 384KB\n Total L2 Cache: 3MB\n Total L3 Cache: 32MB\n Thermal Solution (PIB): Wraith Stealth\n Thermal Solution (MPK): Wraith Stealth\n Default TDP / TDP: 65W',8250,'2022-11-16 18:27:42','2022-11-21 06:13:36',7800,0),(767,'AMD RYZEN 5 3600 6-CORE 12-THREAD 3.6-4.20GHZ 35MB 65W > (MUST BE PURCHASED WITH B450 OR HIGHER MOTHERBOARD)','NOTE: Must be purchased with B450 or higher motherboard.\n # of CPU Cores: 6\n # of Threads: 12\n Base Clock: 3.6GHz\n Max Boost Clock: Up to 4.2GHz\n Total L1 Cache: 384KB\n Total L2 Cache: 3MB\n Total L3 Cache: 32MB\n Thermal Solution (PIB): Wraith Stealth\n Thermal Solution (MPK): Wraith Stealth\n Default TDP / TDP: 65W',9950,'2022-11-16 18:27:56','2022-11-21 06:13:25',9400,0),(768,'AMD RYZEN 5 3600 PROCESSOR TRAY TYPE > MUST BE PURCHASED WITH B450 OR HIGHER MOTHERBOARD','NOTE: Must be purchased with B450 or higher motherboard.\n # of CPU Cores: 6\n # of Threads: 12\n Base Clock: 3.6GHz\n Max Boost Clock: Up to 4.2GHz\n Total L1 Cache: 384KB\n Total L2 Cache: 3MB\n Total L3 Cache: 32MB\n Thermal Solution (PIB): Wraith Stealth\n Thermal Solution (MPK): Wraith Stealth\n Default TDP / TDP: 65W',10950,'2022-11-16 18:28:12','2022-11-21 06:13:15',10400,0),(770,'AMD RYZEN 5 3600X 6-CORE 12-THREAD 3.80-4.40GHZ 35MB 95W > (MUST BE PURCHASED WITH B450 OR HIGHER MOTHERBOARD)','NOTE: Must be purchased with B450 or higher motherboard.\n\n # of CPU Cores: 6\n # of Threads: 12\n Base Clock: 3.8GHz\n Max Boost Clock: Up to 4.4GHz\n Total L1 Cache: 384KB\n Total L2 Cache: 3MB\n Total L3 Cache: 32MB\n Thermal Solution (PIB): Wraith Stealth\n Thermal Solution (MPK): Wraith Stealth\n Default TDP / TDP: 95W',12500,'2022-11-16 18:28:29','2022-11-21 06:13:05',12000,0),(771,'AMD RYZEN 5 4500 6 CORE 12 THREADS 4.10GHZ TRAY W/ COOLER PROCESSOR > (MUST BE BOUGHT WITH COMPATIBLE MOTHERBOARD)','Must be bought with compatible motherboard\n\n # of CPU Cores: 6\n # of Threads: 12\n Max. Boost Clock: Up to 4.1GHz\n Base Clock: 3.6GHz\n L1 Cache: 384KB\n L2 Cache: 3MB\n L3 Cache: 8MB\n Default TDP: 65W\n Processor Technology for CPU Cores: TSMC 7nm FinFET\n Unlocked for Overclocking : Yes\n CPU Socket: AM4\n Socket Count: 1P\n Thermal Solution (PIB): AMD Wraith Stealth\n Max. Operating Temperature (Tjmax): 95C',6550,'2022-11-16 18:28:44','2022-11-21 06:12:56',6000,0),(773,'AMD RYZEN 5 5500 4.6 GHZ 6 CORE 12 THREADS PROCESSOR > (MUST BE BOUGHT WITH COMPATIBLE MOTHERBOARD)','(Must Be Bought With Compatible Motherboard)\n\n # of CPU Cores: 6\n Multithreading (SMT): Yes\n # of Threads: 12\n Max. Boost Clock: Up to 4.2GHz\n Base Clock: 3.6GHz\n L1 Cache: 384KB\n L2 Cache: 3MB\n L3 Cache: 16MB\n Default TDP: 65W\n Package Die Count: 1\n Unlocked for Overclocking: Yes\n CPU Socket: AM4',8350,'2022-11-16 18:29:05','2022-11-21 06:12:45',7900,0),(774,'AMD RYZEN 5 5600 4.4GHZ 6 CORE PROCESSOR > (MUST BE BOUGHT WITH COMPATIBLE MOTHERBOARD)',' Must be bought with compatible motherboard\n\n # of CPU Cores: 6\n Multithreading (SMT): Yes\n # of Threads: 12\n Max. Boost Clock: Up to 4.4GHz\n Base Clock: 3.5GHz\n L1 Cache: 384KB\n L2 Cache: 3MB\n L3 Cache: 32MB\n Default TDP: 65W\n Processor Technology for CPU Cores: TSMC 7nm FinFET\n Processor Technology for I/O Die: 12nm (Globalfoundries)\n CPU Compute Die (CCD) Size: 74mm\n I/O Die (IOD) Size: 125mm\n Package Die Count: 2\n Unlocked for Overclocking: Yes\n CPU Socket: AM4\n Integrated Graphics: No\n Graphics Model: Discrete Graphics Card Required',11300,'2022-11-16 18:29:27','2022-11-21 06:12:36',10800,0),(776,'AMD RYZEN 5 5600G 3.9-4.4GHZ 6-CORE PROCESSOR > MUST BE PURCHASED WITH B550 OR HIGHER MOTHERBOARD',' # of CPU Cores: 6\n Base Clock: 3.9GHz\n Package: AM4\n # of Threads: 12\n Max Boost Clock: Up to 4.4GHz\n PCI Express Version: PCIe 3.0\n # of GPU Cores: 7\n System Memory Specification: Up to 3200MHz\n System Memory Type: DDR4\n Memory Channels: 2',10850,'2022-11-16 18:29:43','2022-11-21 06:12:24',10300,0),(777,'AMD RYZEN 5 5600X 6-CORE 12-THREAD 3.70-4.60GHZ PROCESSOR > (MUST BE BOUGHT WITH B550 OR HIGHER MOTHERBOARD)',' # of CPU Cores 6\n # of Threads 12\n Base Clock 3.7GHz\n Max Boost Clock Up to 4.6GHz\n Total L2 Cache 3MB\n Total L3 Cache 32MB\n Unlocked Yes\n CMOS TSMC 7nm FinFET\n Package AM4\n PCI Express Version PCIe 4.0\n Thermal Solution (PIB) Wraith Stealth\n Default TDP / TDP 65W\n System Memory Specification Up to 3200MHz\n System Memory Type DDR4',12500,'2022-11-16 18:29:59','2022-11-21 06:12:15',12000,0),(778,'AMD RYZEN 5 PRO 2400GE VEGA 11 3.8GHZ 4 CORES 8 THREADS (AM4) > (MUST BE PURCHASED WITH B450 OR HIGHER COMPATIBLE MOTHERBOARD)',' processor# of CPU Cores 4\n # of Threads 8\n # of GPU Cores 11\n Base Clock 3.2GHz\n Max Boost Clock Up to 3.8GHz\n Total L1 Cache 384KB\n Total L2 Cache 2MB\n Total L3 Cache 4MB\n CMOS 14nm FinFET\n Package AM4\n PCI Express Version PCIe 3.0 x8\n Thermal Solution (PIB) Wraith Stealth\n Default TDP / TDP 65W\n cTDP 46-65W\n Max Temps 95C\n System Memory Specification Up to 2933MHz\n System Memory Type DDR4\n Memory Channels 2\n Graphics Frequency 1250 MHz\n Graphics Model Radeon RX Vega 11 Graphics\n Graphics Core Count 11',10800,'2022-11-16 18:30:12','2022-11-21 06:12:05',10300,0),(780,'AMD RYZEN 7 3700X 8-CORE 16-THREAD 3.80-4.40GHZ 36MB 65W > ( MUST BE PURCHASED WITH B450 OR HIGHER MOTHERBOARD )','Cash Price: 17,200   /   Regular Price: 19,500 \n # of CPU Cores: 8\n # of Threads: 16\n Base Clock: 3.6GHz\n Max Boost Clock: Up to 4.4GHz\n Total L1 Cache: 512KB\n Total L2 Cache: 4MB\n Total L3 Cache: 32MB\n Thermal Solution (PIB): Wraith Prism with RGB LED\n Thermal Solution (MPK): Wraith Prism\n Default TDP / TDP: 65W',17200,'2022-11-16 18:32:44','2022-11-21 06:11:54',16800,0),(782,'AMD RYZEN 7 5700G 3.8-4.6GHZ 8-CORE PROCESSOR > MUST BE PURCHASED WITH B550 OR HIGHER MOTHERBOARD',' # of CPU Cores: 8\n Base Clock: 3.8GHz\n Package: AM4\n # of Threads: 16\n Max Boost Clock: Up to 4.6GHz\n PCI Express Version: PCIe 3.0\n # of GPU Cores: 8\n System Memory Specification: Up to 3200MHz\n System Memory Type: DDR4\n Memory Channels: 2',15990,'2022-11-16 18:33:04','2022-11-21 06:11:42',15400,0),(783,'AMD RYZEN 7 5700X 3.4-4.6GHZ 8-CORE AM4 >(MUST BE BOUGHT WITH COMPATIBLE MOTHERBOARD)','(Must be bought with compatible motherboard)\n\n # of CPU Cores: 8\n Multithreading (SMT): Yes\n # of Threads:16\n Max. Boost Clock: Up to 4.6GHz\n Base Clock: 3.4GHz\n L1 Cache: 512KB\n L2 Cache: 4MB\n L3 Cache: 32MB\n Default TDP: 65W\n Processor Technology for CPU Cores: TSMC 7nm FinFET\n Processor Technology for I/O Die: 12nm (Globalfoundries)\n CPU Compute Die (CCD) Size: 74mm\n I/O Die (IOD) Size: 125mm\n Package Die Count: 2\n Unlocked for Overclocking: Yes\n CPU Socket: AM4\n Socket Count: 1P',16670,'2022-11-16 18:33:28','2022-11-21 06:24:53',16170,0),(784,'AMD RYZEN 7 5800X 8-CORE 16-THREAD 3.80-4.70GHZ PROCESSOR (MUST BE PURCHASED WITH B550 OR HIGHER MOTHERBOARD)',' # of CPU Cores 8\n # of Threads 16\n Base Clock 3.8GHz\n Max Boost Clock Up to 4.7GHz\n Total L2 Cache 4MB\n Total L3 Cache 32MB\n Unlocked Yes\n CMOS TSMC 7nm FinFET\n Package AM4\n PCI Express Version PCIe 4.0\n Thermal Solution (PIB) Not included\n Default TDP / TDP 105W\n System Memory Specification Up to 3200MHz\n System Memory Type DDR4',17985,'2022-11-16 18:33:46','2022-11-21 06:24:35',17485,0),(785,'AMD RYZEN 7 5800X3D 4.5GHZ 8-CORE PROCESSOR >(MUST BE BOUGHT WITH COMPATIBLE MOTHERBOARD)','(Must Be Bought with Compatible Motherboard)\n\n # of CPU Cores: 8\n # of Threads: 16\n Max. Boost Clock: Up to 4.5GHz\n Base Clock: 3.4GHz\n L1 Cache: 512KB\n L2 Cache: 4MB\n L3 Cache: 96MB\n Default TDP: 105W\n Processor Technology for CPU Cores: TSMC 7nm FinFET\n CPU Socket: AM4\n Socket Count: 1P\n Thermal Solution (PIB): Not included\n Max. Operating Temperature (Tjmax): 90C',27800,'2022-11-16 18:34:10','2022-11-21 06:23:47',27300,0),(786,'AMD RYZEN 9 5900X 12-CORE 24-THREAD 3.70-4.80GHZ PROCESSOR > ( MUST BE PURCHASED WITH B550 OR HIGHER MOTHERBOARD )',' # of CPU Cores 12\n # of Threads 24\n Base Clock 3.7GHz\n Max Boost Clock Up to 4.8GHz\n Total L2 Cache 6MB\n Total L3 Cache 64MB\n Unlocked Yes\n CMOS TSMC 7nm FinFET\n Package AM4\n PCI Express Version PCIe 4.0\n Thermal Solution (PIB) Not included\n Default TDP / TDP 105W\n System Memory Specification Up to 3200MHz\n System Memory Type DDR4',22995,'2022-11-16 18:34:30','2022-11-21 06:23:31',22495,0),(787,'AMD RYZEN 9 5950X 16-CORE 32-THREAD 3.40-4.90GHZ PROCESSOR > ( MUST BE PURCHASED WITH B550 OR HIGHER MOTHERBOARD )',' # of CPU Cores 16\n # of Threads 32\n Base Clock 3.4GHz\n Max Boost Clock Up to 4.9GHz\n Total L2 Cache 8MB\n Total L3 Cache 64MB\n Unlocked Yes\n CMOS TSMC 7nm FinFET\n Package AM4\n PCI Express Version PCIe 4.0\n Thermal Solution (PIB) Not included\n Default TDP / TDP 105W\n System Memory Specification Up to 3200MHz\n System Memory Type DDR4',35900,'2022-11-16 18:34:53','2022-11-21 06:23:19',35400,0),(788,'INTEL CORE I3 12100 4C/8T 12MB UHD730 125W LGA1700 PROCESSOR > (MUST BE PURCHASED WITH A COMPATIBLE MOTHERBOARD)','(Must be purchased with a compatible motherboard)\n\n Total Cores: 4\n # of Performance-cores: 4\n # of Efficient-cores: 0\n Total Threads: 8\n Max Turbo Frequency: 4.30 GHz\n Performance-core Max Turbo Frequency: 4.30 GHz\n Performance-core Base Frequency: 3.30 GHz\n Cache: 12 MB Intel Smart Cache\n Total L2 Cache: 5 MB\n Processor Base Power: 60 W\n Maximum Turbo Power: 89 W\n Embedded Options Available: Yes\n Max Memory Size (dependent on memory type): 128 GB\n Max # of Memory Channels: 2\n Max Memory Bandwidth: 76.8 GB/s\n Processor Graphics : Intel UHD Graphics 730\n Graphics Base Frequency: 300 MHz',7980,'2022-11-16 18:36:00','2022-11-21 06:23:06',7480,0),(791,'INTEL CORE I3-10100F PROCESSOR 6M CACHE, UP TO 4.30 GHZ > (MUST BE PURCHASED WITH A COMPATIBLE MOTHERBOARD)',' # of Cores 4\n # of Threads 8\n Processor Base Frequency 3.60 GHz\n Max Turbo Frequency 4.30 GHz\n Cache 6 MB Intel Smart Cache\n Bus Speed 8 GT/s\n Intel Turbo Boost Technology 2.0 Frequency 4.30 GHz\n TDP 65 W\n Max Memory Size (dependent on memory type) 128 GB\n Memory Types DDR4-2666\n Max # of Memory Channels 2\n Max Memory Bandwidth 41.6 GB/s\n ECC Memory Supported No',4800,'2022-11-16 18:37:23','2022-11-21 06:22:56',4300,0),(794,'INTEL CORE I3-12100 PROCESSOR + GIGABYTE H610M H MOTHERBOARD','Motherboard: \n\n Supports 12th Gen Intel Core Series Processors\n Dual Channel Non-ECC Unbuffered DDR4, 2 DIMMs\n 6+1+1 Hybrid Digital VRM Design\n Intel GbE LAN with cFosSpeed Internet Accelerator Software\n NVMe PCIe 3.0 x4 M.2\n High Quality Audio Capacitors and Audio Noise Guard\n Smart Fan 6 Features Multiple Temperature Sensors , Hybrid Fan Headers with FAN STOP\n GIGABYTE APP Center, Simple and Easy Use\n Anti-Sulfur Resistors Design\n\nProcessor: \n\n Total Cores: 4\n # of Performance-cores: 4\n # of Efficient-cores: 0\n Total Threads: 8\n Max Turbo Frequency: 4.30 GHz\n Performance-core Max Turbo Frequency: 4.30 GHz\n Performance-core Base Frequency: 3.30 GHz\n Cache: 12 MB Intel Smart Cache\n Total L2 Cache: 5 MB\n Processor Base Power: 60 W\n Maximum Turbo Power: 89 W\n Embedded Options Available: Yes\n Max Memory Size (dependent on memory type): 128 GB\n Max # of Memory Channels: 2\n Max Memory Bandwidth: 76.8 GB/s\n Processor Graphics : Intel UHD Graphics 730\n Graphics Base Frequency: 300 MHz',12730,'2022-11-16 18:38:24','2022-11-21 06:22:45',12230,0),(796,'INTEL CORE I5-10400 2.90-4.30 GHZ 6-CORE (LGA1200) PROCESSOR > (MUST BE PURCHASED WITH A COMPATIBLE MOTHERBOARD)','NOTE: Must be purchased with compatible motherboard.\n\n Processor Number i5-10400\n # of Cores 6\n # of Threads 12\n Processor Base Frequency 2.90 GHz\n Max Turbo Frequency 4.30 GHz\n Cache 12 MB Intel Smart Cache\n Bus Speed 8 GT/s\n TDP 65 W\n Max Memory Size (dependent on memory type) 128 GB\n Memory Types DDR4-2666\n Max # of Memory Channels 2\n Max Memory Bandwidth 41.6 GB/s\n ECC Memory Supported No\n Processor Graphics Intel UHD Graphics 630',9280,'2022-11-16 18:38:52','2022-11-21 06:22:23',8780,0),(797,'INTEL CORE I5-10400 PROCESSOR TRAY TYPE + FREE CPU COOLER > (MUST BE PURCHASED WITH COMPATIBLE MOTHERBOARD)','NOTE: Must be purchased with compatible motherboard. \n\n Processor Number i5-10400\n # of Cores 6\n # of Threads 12\n Processor Base Frequency 2.90 GHz\n Max Turbo Frequency 4.30 GHz\n Cache 12 MB Intel Smart Cache\n Bus Speed 8 GT/s\n TDP 65 W\n Max Memory Size (dependent on memory type) 128 GB\n Memory Types DDR4-2666\n Max # of Memory Channels 2\n Max Memory Bandwidth 41.6 GB/s\n ECC Memory Supported No\n Processor Graphics Intel UHD Graphics 630',8990,'2022-11-16 18:39:05','2022-11-21 06:22:00',8490,0),(800,'INTEL CORE I5-10600K PROCESSOR 12M CACHE, UP TO 4.80 GHZ . (MUST BE BOUGHT WIITH B460 OR HIGHER MOTHERBOARD)',' Vertical Segment Desktop\n Processor Number i5-10600K\n # of Cores 6\n # of Threads 12\n Processor Base Frequency4.10 GHz\n Max Turbo Frequency4.80 GHz\n Cache 12 MB Intel Smart Cache\n Bus Speed 8 GT/s\n Intel Turbo Boost Technology 2.0 Frequency 4.80 GHz\n TDP 125 W\n Configurable TDP-down Frequency 3.80 GHz\n Configurable TDP-down 95 W\n Max Memory Size (dependent on memory type) 128 GB\n Memory Types DDR4-2666\n Max # of Memory Channels 2\n Max Memory Bandwidth 41.6 GB/s\n Processor Graphics Intel UHD Graphics 630\n Graphics Base Frequency 350 MHz\n Graphics Max Dynamic Frequency 1.20 GHz\n Graphics Video Max Memory 64 GB',12500,'2022-11-16 18:41:40','2022-11-21 06:21:49',12000,0),(802,'INTEL CORE I5-11400F 12M CACHE, 2.60-4.4GHZ 6-CORE 12-THREAD PROCESSOR > (MUST BE PURCHASED WITH COMPATIBLE MOTHERBOARD)',' # of Cores 6\n # of Threads 12\n Processor Base Frequency 2.60 GHz\n Max Turbo Frequency 4.40 GHz\n Cache 12 MB Intel Smart Cache\n Bus Speed 8 GT/s\n Intel Turbo Boost Technology 2.0 Frequency 4.40 GHz\n TDP 65 W\n Max Memory Size (dependent on memory type) 128 GB\n Memory Types DDR4-3200\n Max # of Memory Channels 2\n Max Memory Bandwidth 50 GB/s\n ECC Memory Supported No',8995,'2022-11-16 18:42:12','2022-11-21 06:21:41',8495,0),(807,'INTEL CORE I5-12600 PROCESSOR 18M CACHE, UP TO 4.80 GHZ > (MUST BE PURCHASED WITH COMPATIBLE MOTHERBOARD)','*Must be purchased with a compatible motherboard\n Total Cores 6\n # of Performance-cores 6\n # of Efficient-cores 0\n Total Threads 12\n Max Turbo Frequency 4.80 GHz\n Performance-core Max Turbo Frequency 4.80 GHz\n Performance-core Base Frequency 3.30 GHz\n Cache 18 MB Intel Smart Cache\n Total L2 Cache 7.5 MB\n Processor Base Power 65 W\n Maximum Turbo Power 117 W\n Max Memory Size (dependent on memory type) 128 GB\n Memory Types\n Up to DDR5 4800 MT/s\n Up to DDR4 3200 MT/s\n Max # of Memory Channels 2\n Max Memory Bandwidth 76.8 GB/s\n Processor Graphics Intel UHD Graphics 770\n Graphics Base Frequency 300 MHz\n Graphics Max Dynamic Frequency 1.45 GHz\n Graphics Output eDP 1.4b, DP 1.4a, HDMI 2.1\n Execution Units 32\n Max Resolution (HDMI) 4096 x 2160 @ 60Hz\n Max Resolution (DP) 7680 x 4320 @ 60Hz\n Max Resolution (eDP - Integrated Flat Panel) 5120 x 3200 @ 120Hz\n DirectX* Support 12\n OpenGL* Support 4.5\n Multi-Format Codec Engines 2\n Intel Quick Sync Video Yes\n Intel Clear Video HD Technology Yes\n # of Displays Supported 4\n Device ID 0x4680\n OpenCL* Support 2.1',13990,'2022-11-16 18:43:46','2022-11-21 06:21:30',13490,0),(815,'INTEL CORE I7-12700F PROCESSOR 25M CACHE, 3.60-4.90GHZ 12-CORE 20-THREAD > (MUST BE BOUGHT WITH COMPATIBLE MOTHERBOARD)','*Must be bought with a compatible motherboard\n # of Cores 12\n # of Threads 20\n Processor Base Frequency 3.60 GHz\n Max Turbo Frequency 4.90 GHz\n Cache 25 MB Intel Smart Cache\n Bus Speed 8 GT/s\n Intel Turbo Boost Technology 2.0 Frequency 5.0 GHz\n TDP 65-180 W\n Max Memory Size (dependent on memory type) 128 GB\n Memory Types: DDR5-4800\n Memory Types: DDR4-3200\n Max # of Memory Channels 2\n Max Memory Bandwidth 76.8 GB/s',18995,'2022-11-16 18:46:15','2022-11-21 06:21:21',18495,0),(816,'INTEL CORE I7-12700K PROCESSOR 25M CACHE, UP TO 5.00 GHZ > (MUST BE PURCHASED WITH COMPATIBLE MOTHERBOARD)','*Must be purchased with compatible Motherboard\n Total Cores 12\n # of Performance-cores 8\n # of Efficient-cores 4\n Total Threads 20\n Max Turbo Frequency 5.00 GHz\n Intel Turbo Boost Max Technology 3.0 Frequency 5.00 GHz\n Performance-core Max Turbo Frequency 4.90 GHz\n Efficient-core Max Turbo Frequency 3.80 GHz\n Performance-core Base Frequency 3.60 GHz\n Efficient-core Base Frequency 2.70 GHz\n Cache 25 MB Intel Smart Cache\n Total L2 Cache 12 MB\n Processor Base Power 125 W\n Maximum Turbo Power 190 W\n Max Memory Size (dependent on memory type) 128 GB\n Memory Types\n Up to DDR5 4800 MT/s\n Up to DDR4 3200 MT/s\n Max # of Memory Channels 2\n Max Memory Bandwidth 76.8 GB/s\n Processor Graphics Intel UHD Graphics 770\n Graphics Base Frequency 300 MHz\n Graphics Max Dynamic Frequency 1.50 GHz\n Graphics Output eDP 1.4b, DP 1.4a, HDMI 2.1\n Execution Units 32\n Max Resolution (HDMI) 4096 x 2160 @ 60Hz\n Max Resolution (DP) 7680 x 4320 @ 60Hz\n Max Resolution (eDP - Integrated Flat Panel) 5120 x 3200 @ 120Hz\n DirectX* Support 12\n OpenGL* Support 4.5\n Multi-Format Codec Engines 2\n Intel Quick Sync Video Yes\n Intel Clear Video HD Technology Yes\n # of Displays Supported 4\n Device ID 0x4680\n OpenCL* Support 2.1',24970,'2022-11-16 18:46:40','2022-11-21 06:20:13',24470,0),(821,'INTEL CORE I9-12900 PROCESSOR 30M CACHE, 3.80-5.10GHZ > (MUST BE BOUGHT WITH COMPATIBLE MOTHERBOARD)','(Must Be Bought with Compatible Motherboard)\n\n Total Cores: 16\n # of Performance-cores: 8\n # of Efficient-cores: 8\n Total Threads: 24\n Max Turbo Frequency: 5.10 GHz\n Intel Turbo Boost Max Technology 3.0 Frequency : 5.10 GHz\n Performance-core Max Turbo Frequency: 5.00 GHz\n Efficient-core Max Turbo Frequency: 3.80 GHz\n Performance-core Base Frequency: 2.40 GHz\n Efficient-core Base Frequency: 1.80 GHz\n Cache: 30 MB Intel Smart Cache\n Total L2 Cache: 14 MB\n Processor Base Power: 65 W\n Maximum Turbo Power: 202 W\n Processor Graphics : Intel UHD Graphics 770\n Graphics Base Frequency: 300 MHz\n Graphics Max Dynamic Frequency: 1.55 GHz',30700,'2022-11-16 18:48:14','2022-11-21 06:20:02',30200,0),(826,'INTEL PENTIUM G6400 PROCESSOR 4M CACHE, 4.00 GHZ > (MUST BE PURCHASED WITH COMPATIBLE MOTHERBOARD)',' Processor Number G6400\n # of Cores 2\n # of Threads 4\n Processor Base Frequency 4.00 GHz\n Cache 4 MB Intel Smart Cache\n Bus Speed 8 GT/s\n TDP 58 W\n Max Memory Size (dependent on memory type) 128 GB\n Memory Types DDR4-2666\n Max # of Memory Channels 2\n Max Memory Bandwidth 41.6 GB/s\n Processor Graphics Intel UHD Graphics 610\n Graphics Base Frequency 350 MHz\n Graphics Max Dynamic Frequency 1.05 GHz\n Graphics Video Max Memory 64 GB',3650,'2022-11-16 18:49:55','2022-11-21 06:19:54',3150,0),(827,'INTEL PENTIUM G7400 2C/2T 4MB UHD710 46W LGA1700 PROCESSOR > (MUST BE PURCHASED WITH COMPATIBLE MOTHERBOARD)','(Must be purchased with compatible motherboard)\n\n Total Cores: 2\n # of Performance-cores: 2\n # of Efficient-cores: 0\n Total Threads: 4\n Performance-core Base Frequency: 3.70 GHz\n Cache: 6 MB Intel Smart Cache\n Total L2 Cache: 2.5 MB\n Processor Base Power: 46 W\n Max Memory Size (dependent on memory type): 128 GB\n Max # of Memory Channels: 2\n Max Memory Bandwidth: 76.8 GB/s\n Processor Graphics : Intel UHD Graphics 710\n Graphics Base Frequency: 300 MHz\n Graphics Max Dynamic Frequency: 1.35 GHz\n Graphics Output: eDP 1.4b, DP 1.4a, HDMI 2.1',4560,'2022-11-16 18:50:10','2022-11-21 06:19:46',4160,0),(828,'INTEL PENTIUM GOLD G6405 PROCESSOR 4M CACHE, 4.10 GHZ > MUST BE PURCHASED WITH COMPATIBLE MOTHERBOARD',' # of Cores 2\n # of Threads 4\n Processor Base Frequency 4.10 GHz\n Cache 4 MB Intel Smart Cache\n Bus Speed 8 GT/s\n TDP 58 W\n Max Memory Size (dependent on memory type) 128 GB\n Memory Types DDR4-2666\n Max # of Memory Channels 2\n Max Memory Bandwidth 41.6 GB/s\n Processor Graphics Intel UHD Graphics 610',3750,'2022-11-16 18:50:24','2022-11-21 06:19:36',3250,0),(851,'ASUS GT 730 2GB GDDR5 LOW PROFILE GRAPHICS CARD GT730-SL-2GD5-BRK','Graphic Engine NVIDIA GeForce GT 730\nOpenGL4.4\nVideo Memory 2GB GDDR5\nEngine Clock 902 MHz\nCUDA Core 384\nMemory Speed 5010 MHz\nMemory Interface 64-bit\nResolution Digital Max Resolution 3840 x 2160\nInterface\nYes x 1 (Native DVI-D)\nYes x 1 (D-Sub)\nYes x 1 (Native HDMI 1.4a)\nHDCP Support Yes (2.2)\nMaximum Display Support 3\nNVlink/ Crossfire Support No\nAccessories Yes x 1\nSoftware ASUS GPU Tweak II & Drivers: please download all software from the support site.\nDimensions\n6.5 \" x 2.72 \" x 1.54 \" Inch\n16.5 x 6.9 x3.9 Centimeter\nRecommended PSU 300W\nSlot 2 Slot',3970,'2022-11-17 02:53:39','2022-11-21 06:27:28',3400,0),(854,'ASUS GTX 1650 PHOENIX PH-GTX1650-O4GD6 GRAPHICS CARD','ASUS Phoenix GeForce GTX 1650 OC edition 4GB GDDR6 is your ticket into PC gaming.\nOC Edition: Boost Clock 1665 MHz (OC Mode)/ 1635 MHz (Gaming Mode)\nThe ASUS Phoenix GeForce GTX 1650 is built with the breakthrough graphics performance of the award-winning NVIDIA Turing architecture to supercharge your favorite games.\nUltra-fast GDDR6 with over 50% more memory bandwidth for high-speed gaming.\nGeForce Experience lets you capture and share videos, screenshots, and livestreams with friends, keep GeForce drivers up to date, and easily optimize your in-game settings.\nAxial-tech fan design features a smaller fan hub that facilitates longer blades and a barrier ring that increases downward air pressure.\nDual ball fan bearings can last up to twice as long as sleeve bearing designs.\nAuto-Extreme Technology uses automation to enhance reliability.\nA compact design maximizes compatibility.\nA stainless steel bracket is harder and more resistant to corrosion.\nGPU Tweak II provides intuitive performance tweaking, thermal controls, and system monitoring.',13600,'2022-11-17 02:58:58','2022-11-21 06:27:17',13000,0),(855,'ASUS PHOENIX GTX 1050 TI 4GB GDDR5 GRAPHICS CARD PH-GTX1050TI-4G','Graphics Engine NVIDIA GeForce GTX 1050 TI\nBus Standard PCI Express 3.0\nOpenGL OpenGL4.5\nVideo Memory GDDR5 4GB\nEngine Clock\nGPU Boost Clock : 1392 MHz\nGPU Base Clock : 1290 MHz\nCUDA Core 768\nMemory Clock 7008 MHz\nMemory Interface 128-bit\nResolution Digital Max Resolution:7680x4320\nInterface\nDVI Output : Yes x 1 (Native) (DVI-D)\nHDMI Output : Yes x 1 (Native) (HDMI 2.0b)\nDisplay Port : Yes x 1 (DisplayPort 1.4)\nHDCP Support : Yes (2.2)\nSoftware ASUS GPU Tweak II & Driver\nDimensions\n7.6 \" x 4.4 \" x 1.5 \" Inch\n19.2 x 11.1 x3.7 Centimeter',10650,'2022-11-17 03:00:07','2022-11-21 06:27:08',10000,0),(857,'ASUS ROG STRIX RTX 3080 V2 OC 10GB LHR ROG-STRIX-RTX3080-O10G-V2-GAMING','Graphic Engine NVIDIA GeForce RTX 3080\nBus Standard PCI Express 4.0\nOpenGL OpenGL4.6\nVideo Memory 10GB GDDR6X\nEngine Clock\nOC Mode - 1935 MHz (Boost Clock)\nGaming Mode (Default) - GPU Boost Clock : 1905 MHz , GPU Base Clock : 1440 MHz\nCUDA Core 8704\nMemory Speed 19 Gbps\nMemory Interface 320-bit\nResolution Digital Max Resolution 7680 x 4320\nInterface\nYes x 2 (Native HDMI 2.1)\nYes x 3 (Native DisplayPort 1.4a)\nHDCP Support Yes (2.3)\nMaximum Display Support 4\nNVlink/ Crossfire Support No\nAccessories\n1 x ROG Velcro Hook & Loop\n1 x ROG ruler\n1 x Collection card\n1 x Speedsetup manual\nSoftware ASUS GPU Tweak II & GeForce Game Ready Driver & Studio Driver: please download all software from the support site.\nDimensions\n12.53 \" x 5.51 \" x 2.27 \" Inch\n31.85 x 14.01 x 5.78 Centimeter\nRecommended PSU 850W\nPower Connectors 3 x 8-pin\nSlot 2.9 Slot',59500,'2022-11-17 03:01:38','2022-11-21 06:27:00',59000,0),(858,'ASUS ROG STRIX RTX 3090 OC 24G ROG-STRIX-RTX3090-O24G-GAMING','Graphic Engine NVIDIA GeForce RTX 3090\nBus Standard PCI Express 4.0\nOpenGL OpenGL4.6\nVideo Memory 24GB GDDR6X\nCUDA Core 10496\nMemory Speed 19.5 Gbps\nMemory Interface 384-bit\nResolution Digital Max Resolution 7680 x 4320\nInterface\nYes x 2 (Native HDMI 2.1)\nYes x 3 (Native DisplayPort 1.4a)\nHDCP Support Yes (2.3)\nMaximum Display Support 4\nNVlink/ Crossfire Support Yes\nAccessories\n1 x ROG Velcro Hook & Loop\n1 x ROG ruler\n1 x Collection card\n1 x Speedsetup manual\nSoftware ASUS GPU Tweak II & GeForce Game Ready Driver & Studio Driver: please download all software from the support site.\nDimensions\n12.53 \" x 5.51 \" x 2.27 \" Inch\n31.85 x 14.01 x 5.78 Centimeter\nRecommended PSU 850W\nPower Connectors 3 x 8-pin\nSlot 2.9 Slot',119740,'2022-11-17 03:03:18','2022-11-21 06:26:50',119200,0),(871,'ASUS TUF RTX 3080 TI OC 12GB LHR TUF-RTX3080TI-O12G-GAMING','Graphic Engine NVIDIA GeForce RTX 3080 Ti\nBus Standard PCI Express 4.0\nOpenGL OpenGL4.6\nVideo Memory 12GB GDDR6X\nEngine Clock\nOC mode : 1785 MHz (Boost Clock)\nGaming mode : 1755 MHz (Boost Clock)\nCUDA Core 10240\nMemory Speed 19 Gbps\nMemory Interface 384-bit\nResolution Digital Max Resolution 7680 x 4320\nInterface\nYes x 2 (Native HDMI 2.1)\nYes x 3 (Native DisplayPort 1.4a)\nHDCP Support Yes (2.3)\nMaximum Display Support 4\nNVlink/ Crossfire Support No\nAccessories\n1 x TUF certificate of Reliability\n1 x Collection card\n1 x Speedsetup Manual\nSoftware ASUS GPU Tweak II & GeForce Game Ready Driver & Studio Driver: please download all software from the support site.\nDimensions\n299.9 x 126.9 x 51.7 mm\n11.81 x 5 x 2.04 inch\nPower Connectors 2 x 8-pin\nSlot 2.7 Slot',83220,'2022-11-17 03:17:24','2022-11-21 06:26:38',82800,0),(872,'ASUS TUF RTX 3090 TI GAMING OC TUF-RTX3090TI-O24G-GAMING','Graphic Engine: NVIDIA GeForce RTX 3090 Ti\nBus Standard: PCI Express 4.0\nOpenGL: OpenGL4.6\nVideo Memory: 24GB GDDR6X\nEngine Clock: OC mode: 1950 MHz(Boost Clock)\nGaming mode: 1920 MHz(Boost Clock)\nCUDA Core: 10752\nMemory Speed: 21 Gbps\nMemory Interface: 384-bit\nResolution: Digital Max Resolution 7680 x 4320\nInterface:\nYes x 2 (Native HDMI 2.1)\nYes x 3 (Native DisplayPort 1.4a)\nHDCP Support Yes (2.3)\nMaximum Display Support: 4\nNVlink/ Crossfire Support: Yes\nAccessories:\n1 x Collection card\n1 x Speedsetup Manual\n1 x 16-pin to 8-pin Adapter Cable\nSoftware: ASUS GPU Tweak II & GeForce Game Ready Driver & Studio Driver: please download all software from the support site.\nDimensions:\n325.9 x 140.2 x 62.8 mm\n12.83 x 5.52 x 2.47 inches\nRecommended PSU: 1000W\nPower Connectors: 1 x 16-pin\nSlot: 3.2 Slot\nAURA SYNC: ARGB',135641,'2022-11-17 03:20:28','2022-11-21 06:26:27',135100,0),(874,'GIGABYTE GT 1030 OC 2GB 64BIT DDR5 GV-N1030OC-2GI','Features\nPowered by GeForce GT 1030\nIntegrated with 2GB GDDR5 64bit memory\nSupports HDMI 4K@60Hz\nSmooth 4K video playback and HTML5 web browsing\nOne-click overclocking via AORUS Graphics Engine\n\nCore Clock\nBoost: 1544 MHz/ Base: 1290 MHz in OC Mode\nBoost: 1518 MHz/ Base: 1265 MHz in Gaming Mode',5490,'2022-11-17 03:24:00','2022-11-21 06:26:12',5000,0),(880,'GIGABYTE GTX 1650 OC LOW PROFILE 4GB GV-N1650OC-4GL','Graphics Processing: GeForce GTX 1650\nCore Clock: 1695 MHz (Reference Card: 1665 MHz)\nCUDA Cores: 896\nMemory Clock: 8002 MHz\nMemory Size: 4 GB\nMemory Type: GDDR6\nMemory Bus: 128 bit\nMemory Bandwidth (GB/sec): 128 GB/s\nCard Bus: PCI-E 3.0 x 16\nDigital max resolution: 7680x4320 @ 60Hz\nMulti-view: 3\nCard size: L=166.9 W=69 H=39 mm\nPCB Form: Low Profile\nDirectX: 12\nOpenGL: 4.6\nRecommended PSU: 300W\nPower Connectors: N/A\nOutput\nDisplayPort 1.4 *1\nHDMI 2.0b *1\nDual-link DVI-D *1',11895,'2022-11-17 03:31:41','2022-11-21 06:26:04',11300,0),(883,'GIGABYTE RTX 3060 GAMING OC 12GB LHR GV-N3060GAMING-OC-12GD-2.0','Graphics Processing: GeForce RTX 3060\nCore Clock: 1837 MHz (Reference Card: 1777 MHz)\nCUDA Cores: 3584\nMemory Clock: 15000 MHz\nMemory Size: 12 GB\nMemory Type: GDDR6\nMemory Bus: 192 bit\nMemory Bandwidth (GB/sec): 360 GB/s\nCard Bus: PCI-E 4.0 x 16\nDigital Max Resolution: 7680x4320\nMulti-view: 4\nCard size: L=282 W=117 H=41 mm\nPCB Form: ATX\nDirectX: 12 Ultimate\nOpenGL: 4.6\nRecommended PSU: 550W\nPower Connectors: 8 Pin*1\nOutput\nDisplayPort 1.4a *2\nHDMI 2.1 *2',27300,'2022-11-17 03:33:44','2022-11-21 06:25:53',26900,0),(890,'GIGABYTE RTX 3080 TI GAMING OC 12G GV-N308TGAMING-OC-12GD','Graphics Processing GeForce RTX 3080 Ti\nCore Clock 1710 MHz (Reference Card: 1665 MHz)\nCUDA Cores 10240\nMemory Clock 19000 MHz\nMemory Size 12 GB\nMemory Type GDDR6X\nMemory Bus 384 bit\nMemory Bandwidth (GB/sec) 912 GB/s\nCard Bus PCI-E 4.0 x 16\nDigital max resolution 7680x4320\nMulti-view 4\nCard size L=320 W=129 H=55 mm (2.7 slot)\nPCB Form ATX\nDirectX 12 Ultimate\nOpenGL 4.6\nRecommended PSU 750W\nPower Connectors 8 pin*2\nOutput\nDisplayPort 1.4a *3\nHDMI 2.1 *2\nSLI Support N/A',84750,'2022-11-17 03:39:14','2022-11-21 06:25:43',84200,0),(891,'GIGABYTE RTX 3080 TI MASTER 12G LHR GV-N308TAORUS-M-12GD','Graphics Processing: GeForce RTX 3080 TI\nCore Clock: 1770 MHz (Reference Card: 1665 MHz)\nCUDA Cores: 10240\nMemory Clock: 19000 MHz\nMemory Size: 12 GB\nMemory Type: GDDR6X\nMemory Bus: 384 bit\nMemory Bandwidth (GB/sec): 912 GB/s\nCard Bus: PCI-E 4.0 x 16\nDigital Max Resolution: 7680x4320\nMulti-view: 4\nCard size: L=310 W=140 H=70 mm (3.5 slot)\nPCB Form: ATX\nDirectX: 12 Ultimate\nOpenGL: 4.6\nRecommended PSU: 850W\nPower Connectors: 8 Pin*3\nOutput\nDisplayPort 1.4a *3\nHDMI 2.1*2\nHDMI 2.0*1 (The middle HDMI output supports up to HDMI 2.0)',97800,'2022-11-17 03:39:55','2022-11-21 06:25:31',97300,0),(904,'MSI GT 730 2GB DDR3 N730K-2GD3H/LP','Core/Memory\n902 MHz Core\n2048MB DDR3 1600 MHz Memory\nVideo Output Function\nHDMI x 1\nDual-link DVI-D x 1\nD-Sub x 1',3695,'2022-11-17 03:54:05','2022-11-21 06:25:21',3100,0),(908,'MSI RTX 3060 GAMING X LHR 912-V397-019','The GeForce RTX 3060 lets you take on the latest games using the power of AmpereNVIDIA\'s 2nd generation RTX architecture. Get incredible performance with enhanced Ray Tracing Cores and Tensor Cores, new streaming multiprocessors, and high-speed G6 memory.\nBOOST CLOCK / MEMORY SPEED\n1837 MHz / 15 Gbps\n12GB GDDR6\nDisplayPort x 3\nHDMI x 1 (Supports 4K@120Hz as specified in HDMI 2.1)\nTWIN FROZR 8 THERMAL DESIGN\nTORX Fan 4.0: A masterpiece of teamwork, fan blades work in pairs to create unprecedented levels of focused air pressure.\nCore Pipe: Precision-crafted heat pipes ensure max contact to the GPU and spread heat along the full length of the heatsink.\nAirflow Control: Don\'t sweat it, Airflow Control guides the air to exactly where it needs to be for maximum cooling.\nRGB MYSTIC LIGHT\nMystic Light gives you complete control of the RGB lighting for MSI devices and compatible RGB products.\nMSI CENTER\nThe exclusive MSI Center software lets you monitor, tweak, and optimize MSI products in real-time.',27995,'2022-11-17 03:56:19','2022-11-21 06:25:10',27400,0),(912,'MSI RTX 3060 VENTUS 2X 12G OC LHR (912-V397-050)','GeForce RTX 3060 VENTUS 2X 12G OC LHR\nThe GeForce RTX 3060 lets you take on the latest games using the power of AmpereNVIDIA\'s 2nd generation RTX architecture. Get incredible performance with enhanced Ray Tracing Cores and Tensor Cores, new streaming multiprocessors, and high-speed G6 memory.\nBoost Clock / Memory Speed\n1807 MHz / 15 Gbps\n12GB GDDR6\nDisplayPort x 3\nHDMI x 1 (Supports 4K@120Hz as specified in HDMI 2.1)\nDual Fan Thermal Design\nTORX Fan 3.0: The award-winning MSI TORX Fan 3.0 design creates high static pressure and pushes the limits of thermal performance.\nAfterburner Overclocking Utility\nSupports multi-GPU setups.\nOC Scanner: An automated function finds the highest stable overclock settings.\nOn-Screen Display: Provides real-time information of your system\'s performance.\nPredator: In-game video recording.\nMSI Center\nThe exclusive MSI Center software lets you monitor, tweak and optimize MSI products in real-time.',24750,'2022-11-17 03:58:56','2022-11-21 06:24:57',24200,0),(913,'MSI RTX 3070 TI GAMING X TRIO 8G LHR 912-V505-009','GeForce RTX 3070 Ti GAMING X TRIO 8G\nThe GeForce RTX 3070 Ti graphics card is powered by AmpereNVIDIAs 2nd gen RTX architecture. Built with enhanced RT Cores and Tensor Cores, new streaming multiprocessors, and superfast G6X memory, it gives you the power you need to rip through the most demanding games.\n\nBOOST CLOCK / MEMORY SPEED\n1830 MHz / 19 Gbps\n8GB GDDR6X\nDisplayPort x 3 (v1.4a)\nHDMI x 1 (Supports 4K@120Hz as specified in HDMI 2.1)\nTRI FROZR 2 THERMAL DESIGN\nTORX Fan 4.0: A masterpiece of teamwork, fan blades work in pairs to create unprecedented levels of focused air pressure.\nCore Pipe: Precision-crafted heat pipes ensure max contact to the GPU and spread heat along the full length of the heatsink.\nAirflow Control: Don\'t sweat it, Airflow Control guides the air to exactly where it needs to be for maximum cooling.\nRGB MYSTIC LIGHT\nMystic Light gives you complete control of the RGB lighting for MSI devices and compatible RGB products.\nMSI CENTER\nThe exclusive MSI Center software lets you monitor, tweak and optimize MSI products in real-time.',44995,'2022-11-17 04:01:17','2022-11-21 06:24:46',44400,0),(916,'MSI RTX 3080 SUPRIM X 10G','GeForce RTX 3080 SUPRIM 10G\nThe GeForce RTX 3080 delivers the ultra performance that gamers crave, powered by AmpereNVIDIA\'s 2nd gen RTX architecture. It\'s built with enhanced RT Cores and Tensor Cores, new streaming multiprocessors, and superfast G6X memory for an amazing gaming experience.\n\nBoost Clock / Memory Speed\n1815 MHz (GAMING & SILENT Mode) / 19 Gbps\n10GB GDDR6X\nDisplayPort x 3 (v1.4a)\nHDMI x 1 (Supports 4K@120Hz as specified in HDMI 2.1)\nTRI FROZR 2S THERMAL DESIGN\nTORX Fan 4.0: A masterpiece of teamwork, fan blades work in pairs to create unprecedented levels of focused air pressure.\nCore Pipe: Precision-machined heat pipes ensure max contact to the GPU and spread heat along the full length of the heatsink.\nAirflow Control: Don\'t sweat it, Airflow Control guides the air to exactly where it needs to be for maximum cooling.\nClose Quarters Heatpipe & Heatsink: Memory modules have their own close quarters heatpipe and heatsink for dedicated cooling.\nCopper Baseplate: A solid nickel-plated copper baseplate transfers heat from the GPU to all the heatpipes.\nDUAL BIOS\nDual BIOS gives you the choice to prioritize for full performance in GAMING mode or low noise in SILENT mode.\nMSI CENTER\nThe exclusive MSI Center software lets you monitor, tweak and optimize MSI products in real-time.\nMYSTIC LIGHT\nControls lighting for both MSI and compatible third-party RGB products.',99200,'2022-11-17 04:04:27','2022-11-21 06:24:33',88800,0),(917,'MSI RTX 3080 TI VENTUS 3X 12G OC 912-V389-059','MODEL NAME: GeForce RTX 3080 Ti VENTUS 3X 12G OC\nGRAPHICS PROCESSING UNIT: NVIDIA GeForce RTX 3080 Ti\nINTERFACE: PCI Express Gen 4\nCUDA CORES: 10240 Units\nCORE CLOCKS: Boost: 1695 MHz\nMEMORY SPEED: 19 Gbps\nMEMORY: 12GB GDDR6X\nMEMORY BUS: 384-bit\nOUTPUT: DisplayPort x 3 (v1.4a), HDMI x 1 (Supports 4K@120Hz as specified in HDMI 2.1)\nHDCP SUPPORT: Y\nPOWER CONSUMPTION: 350 W\nPOWER CONNECTORS: 8-pin x 2\nRECOMMENDED PSU: 750 W\nCARD DIMENSION (MM): 305 x 120 x 57 mm\nWEIGHT (CARD / PACKAGE): 1379 g / 1991 g\nDIRECTX VERSION SUPPORT: 12 API\nOPENGL VERSION SUPPORT: 4.6\nMAXIMUM DISPLAYS: 4\nVR READY: Y\nG-SYNC TECHNOLOGY: Y\nADAPTIVE VERTICAL SYNC: Y\nDIGITAL MAXIMUM RESOLUTION: 7680 x 4320',83600,'2022-11-17 04:05:12','2022-11-21 06:24:10',83100,0),(918,'MSI RTX 3080 VENTUS 3X PLUS 10G OC LHR 912-V389-263','MODEL NAME: GeForce RTX 3080 VENTUS 3X PLUS 10G OC LHR\nGRAPHICS PROCESSING UNIT: NVIDIA GeForce RTX 3080\nINTERFACE: PCI Express Gen 4\nCORE CLOCKS: Boost: 1740 MHz\nCUDA CORES: 8704 Units\nMEMORY SPEED: 19 Gbps\nMEMORY: 10GB GDDR6X\nMEMORY BUS: 320-bIt\nOUTPUT: DisplayPort x 3 (v1.4a), HDMI x 1 (Supports 4K@120Hz as specified in HDMI 2.1)\nHDCP SUPPORT: Y\nPOWER CONSUMPTION: 320W\nPOWER CONNECTORS: 8-pin x 2\nRECOMMENDED PSU: 750W\nCARD DIMENSION (MM): 305 x 120 x 57 mm\nWEIGHT (CARD / PACKAGE): 1370g / 1986g\nDIRECTX VERSION SUPPORT: 12 API\nOPENGL VERSION SUPPORT: 4.6\nMAXIMUM DISPLAYS: 4\nVR READY: Y\nG-SYNC TECHNOLOGY: Y\nADAPTIVE VERTICAL SYNC: Y\nDIGITAL MAXIMUM RESOLUTION: 7680x4320',49870,'2022-11-17 04:05:56','2022-11-21 06:23:59',49300,0),(919,'PALIT RTX 3070 GAMING PRO 8G LHR NE63070019P2-1041A-V1','Memory Amount 8G\nMemory Interface 256bit\nDRAM Type GDDR6\nGraphics Clock 1500 MHz\nBoost Clock 1725 MHz\nMemory Clock 14 Gbps\nCUDA Cores 5888\nMemory Bandwidth (GB/sec) 448\nMicrosoft DirectX Microsoft DirectX 12 Ultimate\nOpenGL 4.6\nBus Support PCI-E 4.0\nHDMI HDMI 2.1\nDisplayPort DP1.4a x 3\nMaximum Digital Resolution 7680x4320\nHeight 2.7 slot\nBoard Size 294 x 112 x 60 mm\nGraphics Card Power 220W\nMinimum Recommended System Power 650W\nSupplementary Power Connectors 8-pin X2\nAccessory Manual, Power Cable',44670,'2022-11-17 04:07:30','2022-11-21 06:22:52',44100,0),(920,'NVIDIA QUADRO K620 2GB 128BIT DDR3','GPU Memory 2 GB DDR3\nMemory Interface 128-bit\nMemory Bandwidth 29.0 GB/s\nNVIDIA CUDA Cores 384\nSystem Interface PCI Express 2.0 x16\nMax Power Consumption 45 W\nThermal Solution\nUltra-Quiet Active\nFansink\nForm Factor\n2.713 H  6.3 L, Single\nSlot, Low Profile\nDisplay Connectors DVI-I DL + DP 1.2\nMax Simultaneous Displays\n2 direct, 4 DP 1.2\nMulti-Stream\nMax DP 1.2 Resolution 3840 x 2160 at 60 Hz\nMax DVI-I DL Resolution 2560  1600 at 60 Hz\nMax DVI-I SL Resolution 1920  1200 at 60 Hz\nMax VGA Resolution 2048  1536 at 85 Hz\nGraphics APIs\nShader Model 5.0,\nOpenGL 4.53,\nDirectX 11.24,\nVulkan 1.03\nCompute APIs\nCUDA, DirectCompute,\nOpenCL',10500,'2022-11-17 04:08:41','2022-11-21 06:22:39',10000,0),(922,'NVIDIA QUADRO P600 2GB 128BIT GDDR5','CUDA Cores 384\nPeak Single Precision FP32 Performance 1.195 TFLOPS\nGPU Memory 2 GB GDDR5\nMemory Interface 128-bit\nMemory Bandwidth 64 GB/s\nSystem Interface PCI Express 3.0 x16\nDisplay Connectors mDP 1.4 (4)',10590,'2022-11-17 04:11:33','2022-11-21 06:22:27',10000,0),(925,'NVIDIA QUADRO P2200 5GB 160BIT GDDR5','CUDA Cores 1280\nPeak Single Precision FP32 Performance Up to 3.8 TFLOPs\nGPU Memory 5 GB GDDR5X\nMemory Interface 160-bit\nMemory Bandwidth Up to 200 GB/s\nSystem Interface PCI Express 3.0 x16\nMaximum Power Consumption 75 W\nQuadro Power Guidelines\nEnergy Star Enabling Yes\nThermal Solution Ultra-quiet active fansink\nForm Factor 4.40 H x 7.90 L, Single Slot\nDisplay Connectors DP 1.4 (4)\nDisplayPort with Audio Yes\nDVI-D Single-Link Connector Via included adapter\nHDMI Support Via optional adapters\nVGA Support Via optional adapters\nNumber of Displays Supported 4\nMaximum DP 1.4 Resolution HDR 5120 x 2880 at 60Hz (30-bit color)\n5K Display Support HDR 5120 x 2880 at 60Hz (30-bit color)\n4K Display Support HDR 4096 x 2160 at 60Hz or 3840 x 2160 at 60Hz\nMaximum DVI-D DL Resolution 2560 x 1600 at 60Hz via 3rd party adapter\nMaximum DVI-D SL Resolution 1920 x 1200 at 60Hz via included adapter\nQuadro and NVS Display Resolution Support\nHDCP Support Yes\nGraphics APIs Shader Model 5.1, OpenGL 4.5, DirectX 12.0, Vulkan 1.0\nCompute APIs CUDA, DirectCompute, OpenCL\nNVIEW Yes',29400,'2022-11-17 04:13:55','2022-11-21 06:22:16',29000,0),(928,'ZOTAC GAMING GEFORCE RTX 3050 TWIN EDGE OC 8GB 128BT DDR6 ZT-A30500H-10M','GPU: GeForce RTX 3050\nCUDA: cores2560\nVideo: Memory8GB GDDR6\nMemory Bus128-bit\nEngine ClockBoost: 1807 MHz\nMemory Clock14 Gbps\nPCI Express: 4.0 8x\nDisplay: Outputs3 x DisplayPort 1.4a (up to 7680x4320@60Hz) 1 x HDMI Connector*\nHDCP Support2.3\nMulti Display Capability Quad Display\nRecommended Power Supply 450W\nPower Consumption: 130W\nPower Input: 8-pin\nDirectX: 12 Ultimate\nOpenGL: 4.6\nCooling: IceStorm 2.0\nSlot Size: Dual Slot\nSLI: Not Supported\nSupported OSWindows 11 / 10 (64-bit, April 2018 update or later)\nCard Length224.1mm x 116.3mm x 39.2mm / 8.8\" x 4.6\" x 1.5\"',19995,'2022-11-17 04:16:31','2022-11-21 06:22:06',19400,0),(929,'ZOTAC GTX 1050 TI 4GB GDDR5 ZT-P10510A-10L','GPUGeForce GTX 1050 Ti\nCUDA cores: 768\nVideo Memory: 4GB GDDR5\nMemory Bus: 128-bit\nEngine ClockBase: 1303 MHz\nBoost: 1417 MHz\nMemory Clock: 7 GHz\nPCI Express: 3.0\nDisplay Outputs:\nDisplayPort 1.4\nHDMI 2.0b\nDL-DVI\nHDCP Support: Yes\nMulti Display Capability: Triple Display\nRecommended Power Supply: 300W\nPower Consumption: 75W\nPower Input: N/A\nDirectX 12 API feature level 12_1\nOpenGL 4.5\nCooling Single Fan\nSlot Size Dual Slot\nSLI No\nSupported OS Windows 10 / 8 / 7\nCard Length 144.78mm x 111.15mm',10400,'2022-11-17 04:17:19','2022-11-21 06:21:51',10000,0),(930,'ZOTAC RTX 3060 AMP WHITE 12GB ZT-A30600F-10P GRAPHICS CARD','GPUGeForce RTX 3060\nCUDA Cores: 3584\nVideo Memory: 12GB GDDR6\nMemory Bus: 192-bit\nEngine ClockBoost: 1867 MHz\nMemory Clock: 15 Gbps\nPCI Express: 4.0 16x\nDisplay Outputs:\n3 x DisplayPort 1.4a (up to 7680x4320@60Hz)\n1 x HDMI 2.1 (up to 7680x4320@60Hz)\n*Ultra High Speed HDMI Cable is required to support 8K/60FPS or 4K/120FPS\nHDCP Support: 2.3\nMulti Display Capability: Quad Display\nRecommended Power Supply: 600W\nPower Consumption: 170W\nPower Input: 2 x 8-pin\nDirectX: 12 Ultimate\nOpenGL: 4.6\nCooling IceStorm 2.0\nSlot Size: Dual Slot\nSLI: Not Supported\nSupported OS: Windows 10 64-bit (build 2004 or later)\nCard Length: 231.9mm x 141.3mm x 41.5mm / 9.1\" x 5.6\" x 1.6\"',30940,'2022-11-17 04:17:52','2022-11-21 06:21:36',30400,0),(931,'ZOTAC RTX 3070 TI AMP HOLO 8GB ZT-A30710F-10P','GPUGeForce: RTX 3070 Ti\nCUDA Cores: 6144\nVideo Memory: 8GB GDDR6X\nMemory Bus: 256-bit\nEngine Clock Boost: 1830 MHz\nMemory Clock: 19 Gbps\nPCI Express: 4.0 16x\nDisplay Outputs:\n3x DisplayPort 1.4a (up to 7680x4320@60Hz)\n1x HDMI 2.1* (up to 7680x4320@60Hz)\n*Ultra High Speed HDMI Cable is required to support 8K/60FPS or 4K/120FPS\nHDCP Support: 2.3\nMulti Display Capability: Quad Display\nRecommended Power Supply: 750W\nPower Consumption: 310W\nPower Input: 2 x 8-pin\nDirectX: 12 Ultimate\nOpenGL: 4.6\nCooling: IceStorm 2.0\nSlot Size: 2.5 slot\nSLI: Not Supported\nSupported OS: Windows 10 64-bit (build 2004 or later)\nCard Length: 316.8mm x 122.7mm x 58.6mm / 12.5\" x 4.8\" x 2.3\"\nAccessories: 2 x Dual 6-pin to 8-pin cable',48920,'2022-11-17 04:18:37','2022-11-21 06:21:23',48400,0),(932,'ZOTAC RTX 3070 TI TRINITY OC 8GB ZT-A30710J-10P GRAPHICS CARD','GPU GeForce GeForce RTX 3070 Ti\nCUDA Cores: 6144\nVideo Memory: 8GB GDDR6X\nMemory Bus: 256-bit\nEngine Clock Boost: 1800 MHz\nMemory Clock: 19 Gbps\nPCI Express: 4.0 16x\nDisplay Outputs:\n3 x DisplayPort 1.4a (up to 7680x4320@60Hz)\n1 x HDMI 2.1* (up to 7680x4320@60Hz)\n*Ultra High Speed HDMI Cable is required to support 8K/60FPS or 4K/120FPS\nHDCP Support: 2.3\nMulti Display Capability: Quad Display\nRecommended Power Supply: 750W\nPower Consumption: 310W\nPower Input: 2 x 8-pin\nDirectX: 12 Ultimate\nOpenGL: 4.6\nCooling IceStorm 2.0\nSlot Size: 2.5 Slot\nSLI: Not Supported\nSupported OS: Windows 10 64-bit (build 2004 or later)\nCard Length: 317.6mm x 117.6mm x 58.8mm / 12.5\" x 4.6\" x 2.3\"',45960,'2022-11-17 04:19:27','2022-11-21 06:21:13',45400,0),(933,'ZOTAC RTX 3070 TWIN EDGE OC 8G ZT-A30700H-10P LHR GRAPHICS CARD','GPU GeForce GeForce RTX 3070 Ti\nCUDA Cores: 6144\nVideo Memory: 8GB GDDR6X\nMemory Bus: 256-bit\nEngine Clock Boost: 1800 MHz\nMemory Clock: 19 Gbps\nPCI Express: 4.0 16x\nDisplay Outputs:\n3 x DisplayPort 1.4a (up to 7680x4320@60Hz)\n1 x HDMI 2.1* (up to 7680x4320@60Hz)\n*Ultra High Speed HDMI Cable is required to support 8K/60FPS or 4K/120FPS\nHDCP Support: 2.3\nMulti Display Capability: Quad Display\nRecommended Power Supply: 750W\nPower Consumption: 310W\nPower Input: 2 x 8-pin\nDirectX: 12 Ultimate\nOpenGL: 4.6\nCooling IceStorm 2.0\nSlot Size: 2.5 Slot\nSLI: Not Supported\nSupported OS: Windows 10 64-bit (build 2004 or later)\nCard Length: 317.6mm x 117.6mm x 58.8mm / 12.5\" x 4.6\" x 2.3\"',41960,'2022-11-17 04:20:01','2022-11-21 06:20:58',41400,0),(934,'ASUS RX 6500 XT DUAL OC 4GB DUAL-RX6500XT-O4G GRAPHICS CARD','ASUS TUF Gaming Radeon RX 6500 XT OC Edition 4GB GDDR6 is a supreme stalwart of cooling and durability\nAxial-tech fan design features a smaller fan hub that facilitates longer blades and a slimmed down barrier ring that provides better airflow through the cooling array.\nDual ball fan bearings can last up to twice as long as a sleeve bearing designs.\nA 2.7-slot design expands cooling surface area to make the most of the powerful Axial-tech fans.\nAn all-aluminum shroud and metal backplate enhance durability.\nA 144-hour validation program puts cards through a series of stringent tests to ensure compatibility with the latest games.\nA vented backplate prevents hot air from recirculating through the cooling array.',16980,'2022-11-17 11:15:24','2022-11-21 06:20:04',16400,0),(935,'ASUS RX 6500 XT TUF OC 4GB TUF-RX6500XT-O4G GRAPHICS CARD','ASUS TUF Gaming Radeon RX 6500 XT OC Edition 4GB GDDR6 is a supreme stalwart of cooling and durability\nAxial-tech fan design features a smaller fan hub that facilitates longer blades and a slimmed down barrier ring that provides better airflow through the cooling array.\nDual ball fan bearings can last up to twice as long as a sleeve bearing designs.\nA 2.7-slot design expands cooling surface area to make the most of the powerful Axial-tech fans.\nAn all-aluminum shroud and metal backplate enhance durability.\nA 144-hour validation program puts cards through a series of stringent tests to ensure compatibility with the latest games.\nA vented backplate prevents hot air from recirculating through the cooling array.',18950,'2022-11-17 11:16:13','2022-11-21 06:19:52',18500,0),(936,'ASUS RX 6600 DUAL 8G DUAL-RX6600-8G 128-BIT PCI-E 4.0 DESKTOP GRAPHICS CARD','GPU Radeon\nChipset Manufacturer AMD\nInterface PCI-E 4.0\nCompute Units 28\nRay Accelerators 28\nROPs 64\nBase Clock Up to 1626 MHz\nGame Clock Up to 2044 MHz (Gaming Mode)\nUp to 2064 MHz (OC Mode)\nBoost Clock Up to 2491 MHz\nStream Processors 1792\nTexture Units 128\nGPU Architecture AMD RDNA 2 Architecture\nMemory\nInfinity Cache 32 MB\nEffective Memory Clock 14 Gbps\nMemory Size 8GB\nMemory Interface 128-bit\nMemory Type GDDR6\nMemory Bandwidth Up to 224 GB/s\n3D API\nDirectX 12 Ultimate\nOpenGL 4.6\nConnectivity\nPorts 3x DisplayPort 1.4a\n1x HDMI 2.1\nMax. Digital Resolution 7680 x 4320\nVR Ready Yes, Radeon VR Ready Premium\nMinimum Recommended Power Supply 500W\nPower Connector 1x 8-Pin\nPhysical Aspects\nForm Factor ATX\nSlot Width 2.5 Slot\nDimensions 243 x 134 x 49 mm (LxWxH)',24300,'2022-11-17 11:17:05','2022-11-21 06:34:39',23800,0),(937,'ASUS TUF GAMING RX 6800 TUF-RX6800-O16G-GAMING','TUF GAMING Radeon RX 6800 is a truly tenacious performer\nAxial-tech fan design has been enhanced with more fan blades and a new rotation scheme.\nDual ball fan bearings can last up to twice as long as sleeve bearing designs.\nAn all-aluminum shroud, reinforced frame, and metal backplate enhance durability.\nMaxContact heat spreader features a super flat surface for improved thermal transfer.\nA 144-hour validation program puts cards through a series of stringent tests to ensure compatibility with the latest games.\nA vented backplate prevents hot air from recirculating through the cooling array.\nGPU Tweak II provides intuitive performance tweaking, thermal controls, and system monitoring.',24998,'2022-11-17 11:18:26','2022-11-21 06:34:28',24400,0),(940,'GIGABYTE RADEON RX 6800 GAMING OC 16G GV-R68GAMING-OC-16GD','FEATURES\nPowered by RDNA2 Radeon RX 6800\nIntegrated with 16GB GDDR6 256-bit memory interface\nWINDFORCE 3X Cooling System with alternate spinning fans\nScreen cooling\nGraphene nano lubricant\nRGB Fusion 2.0\nDual BIOS\nProtection metal back plate\n\nCORE CLOCK\nBoost Clock : up to 2155 MHz (Reference card: 2105 MHz)\nGame Clock* : 1925 MHz (Reference card: 1815 MHz)',52400,'2022-11-17 11:21:20','2022-11-21 06:34:13',52000,0),(942,'GIGABYTE RX 6600 EAGLE 8G GV-R66EAGLE-8GD','Graphics Processing Radeon RX 6600\nCore Clock\nBoost Clock* : up to 2491 MHz\nGame Clock* : up to 2044 MHz\nStream Processors 1792\nMemory Clock 14000 MHz\nMemory Size 8 GB\nMemory Type GDDR6\nMemory Bus 128 bit\nMemory Bandwidth (GB/sec) 224 GB/s\nCard Bus PCI-E 4.0 x 8\nDigital max resolution 7680x4320\nMulti-view 4\nCard size L=282 W=113 H=41 mm\nPCB Form ATX\nDirectX 12 Ultimate\nOpenGL 4.6\nRecommended PSU 500W\nPower Connectors 8 pin*1\nOutput\nDisplayPort 1.4a *2\nHDMI 2.1 *2\nAccessories Quick guide',22500,'2022-11-17 11:23:35','2022-11-21 06:34:04',22000,0),(944,'GIGABYTE RX 6650 XT EAGLE 8GB GV-R665XTEAGLE-8GD','Graphics Processing: Radeon RX 6650 XT\nCore Clock: Boost Clock* : up to 2635 MHz, Game Clock* : up to 2410 MHz\nStream Processors: 2048\nMemory Clock: 17500 MHz\nMemory Size: 8 GB\nMemory Type: GDDR6\nMemory Bus:128 bit\nMemory Bandwidth (GB/sec): 280 GB/s\nCard Bus: PCI-E 4.0\nDigital max resolution: 7680x4320\nMulti-view: 4\nCard size: L=282 W=113 H=41 mm\nPCB Form: ATX\nDirectX: 12 Ultimate\nOpenGL: 4.6\nRecommended PSU: 500W\nPower Connectors: 8 pin*1\nOutput: DisplayPort 1.4a *2, HDMI 2.1 *2',24800,'2022-11-17 11:25:38','2022-11-21 06:33:53',24300,0),(945,'GIGABYTE RX 6700 XT EAGLE 12GB GV-R67XTEAGLE-12GD','Graphics Processing: Radeon RX 6700 XT\nCore Clock\nBoost Clock: up to 2581 MHz\nGame Clock*: up to 2424 MHz\nStream Processors: 2560\nProcess Technology: 7 nm\nMemory Clock: 16000 MHz\nMemory Size: 12 GB\nMemory Type: GDDR6\nMemory Bus: 192 bit\nMemory Bandwidth (GB/sec): 384 GB/s\nCard Bus: PCI-E 4.0 x 16\nDigital Max Resolution: 7680x4320\nMulti-view: 4\nCard size: L=282 W=113 H=40 mm\nPCB Form: ATX\nDirectX: 12 Ultimate\nOpenGL: 4.6\nRecommended PSU: 650W\nPower Connectors: 8 pin*1 + 6 pin*1\nOutput\nDisplayPort 1.4a *2\nHDMI 2.1 *2\nNote*: Game Clock is the expected GPU clock when running typical gaming applications, set to typical TGP (Total Graphics Power). Actual individual game clock results may vary.',33400,'2022-11-17 11:26:33','2022-11-21 06:33:39',33000,0),(946,'GIGABYTE RX 6700 XT GAMING OC 12GB GV-R67XTGAMING-OC-12GD','Powered by AMD RDNA 2 Radeon RX 6700 XT\nIntegrated with 12GB GDDR6 192-bit memory interface\nWINDFORCE 3X Cooling System with alternate spinning fans\nScreen cooling\nGraphene nano lubricant\nRGB Fusion 2.0\nProtection metal back plate\nCORE CLOCK\nBoost Clock : up to 2622 MHz\nGame Clock* : up to 2514 MHz',37600,'2022-11-17 11:27:28','2022-11-21 06:33:18',37000,0),(948,'GIGABYTE RX 6900 XT GAMING OC 16GB GV-R69XTGAMING-OC-16GD','Graphics Processing: Radeon RX 6900 XT\nCore Clock\nBoost Clock: up to 2285 MHz (Reference card: 2250 MHz)\nGame Clock*: up to 2050 MHz (Reference card: 2015 MHz)\nStream Processors: 5120\nProcess Technology: 7 nm\nMemory Clock: 16000 MHz\nMemory Size: 16 GB\nMemory Type: GDDR6\nMemory Bus: 256 bit\nMemory Bandwidth (GB/sec): 512 GB/s\nCard Bus: PCI-E 4.0 x 16\nDigital max resolution: 7680x4320\nMulti-view: 4\nCard size: L=286 W=118 H=58 mm\nPCB Form: ATX\nDirectX: 12 Ultimate\nOpenGL: 4.6\nRecommended PSU: 850W\nPower Connectors: 8 pin*3\nOutput\nDisplayPort 1.4a *2\nHDMI 2.1 *2\nNote*: Game Clock is the expected GPU clock when running typical gaming applications, set to typical TGP (Total Graphics Power). Actual individual game clock results may vary.',79220,'2022-11-17 11:28:37','2022-11-21 06:33:04',78800,0),(949,'MSI RX 6600 ARMOR 8GB 912-V502-043 GRAPHICS CARD','Prices and specifications may change without prior notice.\n\nMODEL NAME Radeon RX 6600 ARMOR 8G V1\nGRAPHICS PROCESSING UNIT AMD Radeon RX 6600\nINTERFACE PCI Express 4.0 x8\nCORES 1792 Units\nCORE CLOCKS Boost: Up to 2491 MHz\nGame: Up to 2044 MHz\nMEMORY SPEED 14 Gbps\nMEMORY 8GB GDDR6\nMEMORY BUS 128-bit\nOUTPUT DisplayPort x 3 (v1.4)\nHDMI x 1 (Supports 4K@120Hz/8K@60Hz and VRR as specified in HDMI 2.1)\nHDCP SUPPORT Y\nPOWER CONSUMPTION 132 W\nPOWER CONNECTORS 8-pin x 1\nRECOMMENDED PSU 500 W or greater\nCARD DIMENSION (MM) 238 x 128 x 39 mm\nWEIGHT (CARD / PACKAGE) 621 g / 1105 g\nDIRECTX VERSION SUPPORT 12 API\nOPENGL VERSION SUPPORT 4.6\nMULTI-GPU TECHNOLOGY Y\nAFTERBURNER OC Y\nMAXIMUM DISPLAYS 4\nVR READY Y\nDIGITAL MAXIMUM RESOLUTION 7680 x 4320',24300,'2022-11-17 11:29:11','2022-11-21 06:32:53',23700,0),(950,'MSI RX 6600 MECH 2X 8GB DUAL FAN 8G 912-V502-026 GRAPHICS CARD','Graphics chipset AMD Radeon RX 6600\nGPU brand AMD\nChipset frequency 2044 MHz\nBoosted frequency 2491 MHz\nOverclocked No\nBus PCI Express 4.0 x8\nVideo memory size 8 GB\nMemory interface 128 bit(s)\nVideo memory frequency 14000 MHz\nMemory type GDDR6\nStream processors 1792\nDirect X support (version) 12',24000,'2022-11-17 11:29:40','2022-11-21 06:32:42',23500,0),(959,'SAPPHIRE RADEON NITRO+ RX 6800 16GB SPR-11305-01-20G','GPU\nRadeon RX 6800 Graphics\n7nm GPU\nRDNA 2 Architecture\nEngine Clock\nBoost Clock: Up to 2190 MHz\nGame Clock: Up to 1980 MHz\nGame Clock is the expected GPU clock when running typical gaming applications, set to typical TGP(Total Graphics Power). Actual individual game clock results may vary.\nStream Processors 3840\nInfinity Cache 128MB\nRay Accelerators 60\nMemory Size/Bus 16GB GDDR6\nMemory Clock 16 Gbps Effective\nDisplays Maximum 4 Displays\nResolution\nHDMI: 76804320\nDisplayPort1.4: 76804320\nInterface PCI-Express 4.0\nOutput\n1x HDMI\n3x DisplayPort\nBIOS Support Dual UEFI\nGame Index 4K\nCooling 3 Fans\nForm Factor\n2.7 slot, ATX\nDimension: 310.5(L)X 134.2(W)X 55.2 (H)mm\nPower Consumption 290W\nOS\nLinux, Windows 7*, Windows 10, and Windows 8.1. 64-bit operating system required\n*Does not support all features including but not limited to Hardware Raytracing\nSystem Requirement\nMinimum 750 Watt Power Supply\n2 x 8-pin Power Connector.\nPCI Express based PC is required with one X16 lane graphics slot available on the motherboard.\nMinimum 8GB of system memory. 16GB recommended.',52500,'2022-11-17 11:41:53','2022-11-21 06:32:30',52000,0),(960,'COOLER MASTER MASTERBOX NR200 BLACK ITX MCB-NR200-KNNN-S00','Model Number:  MCB-NR200-KNNN-S00\nSERIES: MASTERBOX SERIES\nSIZE: MINI ITX\nAVAILABLE COLOR(S): BLACK\nMATERIALS: STEEL, PLASTIC, MESH\nDIMENSIONS (L X W X H): 376 X 185 X 292MM INCL. PROTRUSIONS, 360 X 185 X 274MM EXCL. PROTRUSIONS\nVOLUME 18.25L (EXLC. PROTRUSIONS)\nMOTHERBOARD SUPPORT: MINI DTX, MINI ITX, MAX MB SIZE: 244 X 226MM (L X H)\nEXPANSION SLOTS: 3\n5.25\" DRIVE BAYS: 0\n3.5\" DRIVE BAYS: 1 (MAX. 2)\n2.5\" / 3.5\" DRIVE BAYS (COMBO): 1\n2.5\" DRIVE BAYS: 2 (MAX. 3)\nI/O PANEL: 2X USB 3.2 GEN 1 TYPE-A, 1X 3.5MM HEADSET JACK (AUDIO+MIC)\nPRE-INSTALLED FANS - TOP 1X 120MM 650-1800RPM PWM (SICKLEFLOW)\nPRE-INSTALLED FANS - REAR 1X 92MM 650-2300RPM PWM (SICKLEFLOW)\nFAN SUPPORT - TOP 2X 120MM\nFAN SUPPORT - REAR 1X 92MM\nFAN SUPPORT - BOTTOM 2X 120MM (RECOMMENDED SLIM FANS FOR GPUS WIDER THAN 2.5 PCI SLOTS)\nFAN SUPPORT - SIDE 2X 120/140MM\nRADIATOR SUPPORT - REAR 92MM (NOT COMPATIBLE WITH VERTICAL GPU INSTALLATION)\nRADIATOR SUPPORT - BOTTOM 120MM, 240MM, (RECOMMENDED FOR CUSTOM LOOPS ONLY)\nRADIATOR SUPPORT - SIDE 120MM, 140MM, 240MM, 280MM, (NOT COMPATIBLE WITH VERTICAL GPU INSTALLATION)\nCLEARANCE - CPU COOLER 155MM, 76MM (GPU IN VERTICAL POSITION)\nCLEARANCE - PSU 130MM\nCLEARANCE - GFX L: 330MM (INCL. POWER CONNECTOR), H: 156MM (INCL. POWER CONNECTOR), W: 60MM (TRIPLE SLOT)\nDUST FILTERS TOP, BOTTOM, LEFT SIDE, RIGHT SIDE\nPOWER SUPPLY SUPPORT SFX, SFX-L\nWEIGHT 4.8 KG\nNOTE: SINGLE SLOT WATER-COOLER GPUS OR VERTICALLY MOUNTED GPUS ARE RECOMMENDED WHEN USING BOTTOM RADIATOR POSITION',3480,'2022-11-20 13:28:05','2022-11-21 06:32:21',3000,0),(961,'ANTEC NX290 MESH TG ATX 3*120MM RGB + 120MM CASE','Dimensions: 404 x 206 x 450mm (DWH)\nForm Factor: Mid Tower\nMaterials: Steel+Plastic\nMainboard Support: E-ATX, ATX, Micro-ATX, ITX\nFront Access & Controls: Power, Reset, USB 2.0 x2, USB 3.0 x 1, Headphone/Mic Combo Jack\nSide Panel: Tempered glass\nExpansion Slots: 7\n3.5 /2.5: 2/1\n2.5: 2\nFront: 3 x 120 / 2 x140mm\nTop: 2 x 120 / 2 x140mm\nPower Supply Shroud: 2 x 120mm\nRear: 1 x 120mm\nIncluded Fan(s): 3 x 120mm fixed mode RGB fans in front & 1 x 120mm regular fan in rear\nRadiator Support\nFront: 120/140/240/280/360mm\nRear: 120mm (Length  156mm)\nMax GPU Length:  320mm\nMax CPU Cooler Height:  155mm\nMax PSU Length:\n 165mm(with HDD)\n 300mm(without HDD)\nDust Filter: Top / Bottom\nNet Weight: 4.25KG\nGross Weight: 5.05KG',2320,'2022-11-20 13:54:59','2022-11-21 06:32:06',1800,0),(962,'ANTEC NX410 BLACK MESH ARGB TG ATX MID TOWER CASING (2*140MM+1*120MM) 2580','Dimensions: 397 x 219 x 482mm (DWH)\nWeight: 5.1 kg\nForm Factor: Mid Tower\nMaterials: SPCC + Plastic\nMainboard Support: ATX, Micro-ATX, ITX\nFront Access & Controls: Power, Reset, ARGB Control Button, 1 x USB3.0, 2 x USB2.0 , HD-AUDIO\nSide Panel: Tempered Glass Side Panel\nExpansion Slots: 7\n3.5\" / 2.5\" : 2 / 1\n2.5\": 3\nFan Support:\nFront: 3 x 120mm / 3 x 140mm\nTop: 2 x 120mm / 2 x 140mm\nRear: 1 x 120mm\nIncluded Fan(s): 2 x 140mm ARGB Led fan in front, 1 x 120mm ARGB Led fan in rear\nRadiator Support:\nFront: 120 / 140 / 240 / 280 / 360\nTop: 120 / 240 / 280\nRear: 120mm\nClearance:\nMax GPU Length:  335mm\nMax CPU Cooler Height:  168mm\nMax PSU Length:  165mm\nDust Filter: Top/Bottom',2790,'2022-11-20 13:57:25','2022-11-21 06:31:57',2200,0),(963,'ANTEC NX410 WHITE MESH ARGB TG ATX MID TOWER CASING (2*140MM+1*120MM)','Dimensions: 397 x 219 x 482mm (DWH)\nWeight: 5.1 kg\nForm Factor: Mid Tower\nMaterials: SPCC + Plastic\nMainboard Support: ATX, Micro-ATX, ITX\nFront Access & Controls: Power, Reset, ARGB Control Button, 1 x USB3.0, 2 x USB2.0 , HD-AUDIO\nSide Panel: Tempered Glass Side Panel\nExpansion Slots: 7\n3.5\" / 2.5\" : 2 / 1\n2.5\": 3\nFan Support:\nFront: 3 x 120mm / 3 x 140mm\nTop: 2 x 120mm / 2 x 140mm\nRear: 1 x 120mm\nIncluded Fan(s): 2 x 140mm ARGB Led fan in front, 1 x 120mm ARGB Led fan in rear\nRadiator Support:\nFront: 120 / 140 / 240 / 280 / 360\nTop: 120 / 240 / 280\nRear: 120mm\nClearance:\nMax GPU Length:  335mm\nMax CPU Cooler Height:  168mm\nMax PSU Length:  165mm\nDust Filter: Top/Bottom',2890,'2022-11-20 14:20:47','2022-11-21 06:31:47',2300,0),(964,'ANTEC NX700 BLACK ARGB TG ATX CASE (2*185MM + 1*120MM)','Dimensions: 440 x 220 x 492 mm (DWH)\nForm Factor: Mid Tower\nMaterials: SPCC + Plastic\nMainboard Support: ATX, Micro-ATX, ITX\nFront Access & Controls: Power,LED control button, USB3.0 x 2, MIC/HD-AUDIO\nSide Panel: 4MM Tempered Glass\nExpansion Slots: 7\n3.5\" /2.5\": 2/2\n2.5\": 4\nFront: 3 x 120mm / 3 X 140mm / 2 x 185mm\nTop: 2 x 120mm /2 x 140mm\nPower Supply Shroud: 2 x 120mm\nRear: 1 x 120mm\nIncluded Fan(s): 2 x 185mm ARGB fans in front & 1 x 120mm ARGB fan in rear\nFront: 120 / 140 / 240 / 280 / 360mm\nTop: 120 / 140 / 240 / 280mm\nRear: 120mm\nMax GPU Length:  340mm\nMax CPU Cooler Height:  170mm\nMax PSU Length:  200mm(with HDD),  365mm(without HDD)\nDust Filter: Top / Bottom\nNet Weight: 6.7kg\nGross Weight: 7.9kg',3995,'2022-11-20 14:21:53','2022-11-21 06:31:39',3400,0),(965,'WD BLUE WD10SPZX 1TB PC MOBILE HARD DRIVE','Capacity: 1TB\nInterface: SATA\nDimensions (L x W x H): 100.2mm x 69.85mm x 7mm\nForm Factor: 2.5 Inch\nDisk Speed (RPM): 5400rpm\nRecording Technology: SMR\nData Transfer Rate (max)\nInterface Speed: 6 Gb/s\nCache (MB): 128',2495,'2022-11-20 14:21:57','2022-11-21 06:31:24',2000,0),(966,'WD BLUE WD20SPZX 2TB PC MOBILE HARD DRIVE','Capacity: 2TB\nInterface: SATA\nDimensions (L x W x H): 100.2mm x 69.85mm x 7mm\nForm Factor: 2.5 Inch\nDisk Speed (RPM): 5400rpm\nRecording Technology: SMR\nData Transfer Rate (max)\nInterface Speed: 6 Gb/s\nCache (MB): 128',4650,'2022-11-20 14:22:39','2022-11-21 06:31:14',4100,0),(967,'ANTEC NX800 PINK TG ATX MID TOWER CASING (2*200MM+1*140MM)','Dimensions: 470 x 230 x 500mm (DWH)\nWeight: 7.87 kg\nForm Factor: Mid Tower\nMaterials: SPCC + Plastic\nMainboard Support: E-ATX, ATX, Micro-ATX, ITX\nFront Access & Controls: Power, Reset, LED Control Button, 1 x USB3.0, 2 x USB2.0 , HD-AUDIO\nSide Panel: Tempered Glass Side Panel\nExpansion Slots: 7+3\n3.5\" / 2.5\" : 3 / 1\n2.5\": 4\nFan Support:\nFront: 3 x 120mm / 3 x 140mm\nTop: 2 x 120mm / 2 x 140mm\nRear: 1 x 120mm\nIncluded Fan(s): 2 x 200mm ARGB Led fan in front, 1 x 140mm ARGB Led fan in rear\nRadiator Support:\nFront: 120 / 140 / 240 / 280 / 360\nTop: 120 / 240 / 280\nRear: 140mm\nClearance:\nMax GPU Length:  350mm\nMax CPU Cooler Height:  180mm\nMax PSU Length:  200mm\nDust Filter: Top/Bottom',4490,'2022-11-20 14:22:45','2022-11-21 06:31:00',4000,0),(968,'ASUS ROG STRIX HELIOS GX601 WHITE RGB ATX MID TOWER CASE (W/ 3*140MM RGB+1*140MM)','Dimensions 250 x 565 x 591 mm (WxDxH)\nCase Size ATX Mid Tower\nForm Factor ATX/micro ATX/Mini ITX/EATX (12x10.9)\nDrive Bays\n2 x Int x 2.5/3.5 Combo Bay\n4 x Int x 2.5 Bay\nSystem Fan Support\nPre-installed Fans\nFront: 3 x 140mm\nRear: 1 x 140mm\nExpansion Slots 8+2 (additional vertical)\nWeight N.W. 18 kg\nColor White Edition\nFront I/O Ports\n1 x USB 3.1 Gen 2 (Type-C)\n4 x USB 3.1 Gen 1\n1 x Headphone\n1 x Microphone\nLED & Fan Control Buttons\nPower Supply ATX',15990,'2022-11-20 14:26:04','2022-11-21 06:30:26',15400,0),(969,'ASUS STRIX HELIOS GX601 BLACK RGB ATX MID TOWER CASE (W/ 3*140MM RGB+1*140MM)','Dimensions: 250 x 565 x 591 (WxDxH)\nCase Size: ATX Mid Tower\nForm Factor: ATX/micro ATX/Mini ITX/EATX (12x10.9)\nDrive Bays:\n2 x Int x 2.5/3.5 Combo Bay\n4 x Int x 2.5 Bay\nSystem Fan Support:\nPre-installed Fans\nFront: 3 x 140mm\nRear: 1 x 140mm\nExpansion Slots: 8+2 (additional vertical)\nWeight: N.W. 18 kg\nColor: Black\nFront I/O Ports:\n1 x USB 3.1 Gen 2 (Type-C)\n4 x USB 3.1 Gen 1\n1 x Headphone\n1 x Microphone\nLED & Fan Control Buttons\nPower Supply: ATX',14900,'2022-11-20 14:26:51','2022-11-21 06:30:16',14400,0),(971,'ASUS PRIME B660M-A WIFI D4 4*DDR4 WIFI + BT (LGA1700) MOTHERBOARD',' Intel B660 (LGA 1700) mATX motherboard with PCIe 4.0, two M.2 slots, Intel 1Gb Ethernet, Intel Wi-Fi 6 , DP,2 x HDMI , rear USB 3.2 Gen 2, front USB 3.2 Gen 1 Type-C, Aura Sync\n Intel LGA 1700 socket: Ready for 12th Gen Intel processors\n Ultrafast connectivity : Intel Wi-Fi 6, PCIe 4.0, Intel 1 Gb Ethernet ,rear USB 3.2 Gen 2 Type-A and front USB 3.2 Gen 1 Type-A and Type-C\n ASUS OptiMem II: Careful routing of traces and vias, plus ground layer optimizations to preserve signal integrity for improved memory overclocking\n Comprehensive cooling: VRM heatsink, M.2 heatsink, PCH heatsink, hybrid fan headers and Fan Xpert 2+',8270,'2022-11-20 14:48:51','2022-11-21 05:27:43',7770,0),(972,'ASUS ROG STRIX B660-I GAMING WIFI (LGA1700) ITX MOTHERBOARD 2 X DDR5 WIFI6 + BT',' Intel B660 LGA 1700 ITX motherboard with PCIe 5.0, 8+1 power stages, DDR5 memory support, ASUS Enhanced Memory Profile, Two-Way AI Noise Cancelation, AI Cooling, AI Networking, WiFi 6 (802.11ax), Intel 2.5 Gb Ethernet, two PCIe 4.0 M.2 slots, USB 3.2 Gen 2x2 Type-C, SATA and Aura Sync RGB lighting\n IntelLGA 1700 Socket: Ready for 12th Gen Intel Core, Pentium Gold and Celeron processors\n Optimal Power Solution: 8+1 power stages with ProCool power connectors, high-quality alloy chokes and durable capacitors to support multi-core processors\n Optimized Thermal Design: Integrated I/O cover and VRM heatsinks with high conductivity thermal pad, one onboard M.2 heatsink, and one M.2 backplate\n High-performance Networking: On-board Intel WiFi 6 (802.11ax) and Intel 2.5 Gb Ethernet with ASUS LANGuard\n Best Gaming Connectivity:Supports HDMI 2.1 and DisplayPort 1.4 output, two M.2 slots, as well as USB 3.2 Gen 2x2 Type-C\n Intelligent Control: ASUS-exclusive AI Cooling, AI Networking and Two-Way AI Noise Cancelation to simplify setup and improve performance\n DIY Friendly Design: M.2 Q-Latch, pre-mounted I/O shield, and Q-LED\n Unmatched Personalization: ASUS-exclusive Aura Sync RGB lighting, including an RGB header and an addressable Gen 2 RGB header\n Industry-leading Gaming Audio: SupremeFX S1220A codec with Savitech SV3H712 amplifier, along with Two-Way AI Noise Cancelation, DTS Sound Unbound and Sonic Studio III\n Renowned Software: Bundled AIDA64 Extreme 60-day free trial, and an intuitive UEFI BIOS dashboard',11995,'2022-11-20 14:51:31','2022-11-21 05:28:32',11495,0),(973,'ASUS PRIME B660M-K DDR4 (LGA 1700) MOTHERBOARD',' Intel B660 (LGA 1700) mATX motherboard with PCIe 4.0, two M.2 slots, DDR4, HDMI, D-Sub, Realtek 1Gb Ethernet, front USB 3.2 Gen 1, ASUS Lighting Control\n Intel LGA 1700 socket: Ready for 12th gen Intel processors\n Enhanced power solution: 8-pin ProCool connector, alloy chokes, and durable capacitors for stable power delivery\n Comprehensive cooling: VRM heatsink, PCH heatsink, hybrid fan headers, and Fan Xpert\n Ultrafast connectivity: PCIe 4.0, two M.2 slots and front USB 3.2 Gen 1',6895,'2022-11-20 14:58:31','2022-11-21 05:33:06',6395,0),(974,'CORSAIR VENGEANCE 32GB (2X16GB) 4800MHZ DDR5 CMK32GX5M2A4800C40','Memory Series VENGEANCE DDR5\nMemory Type DDR5\nPMIC Type Overclock PMIC\nMemory Size 32GB (2 x 16GB)\nTested Latency 40-40-40-77\nTested Voltage 1.10\nTested Speed 4800\nMemory Color BLACK\nSPD Latency 40-40-40-77\nSPD Speed 4800MHz\nSPD Voltage 1.1V\nSpeed Rating PC5-38400 (DDR5-4800)\nCompatibility Intel 600 Series\nHeat Spreader Aluminum\nPackage Memory Format DIMM\nPerformance Profile XMP 3.0\nPackage Memory Pin 288',15490,'2022-11-20 15:14:42','2022-11-21 06:30:49',15000,0),(975,'KINGSTON FURY BEAST 32GB (2X16GB) DDR5 4800 CL38 1.1V KF548C38BBK2/32 > (MUST BE PURCHASED WITH COMPATIBLE MOTHERBOARD AND PROCESSOR)','Total Capacity: 32GB (2x16GB)\nMemory Profile: 4800MHz 38-38-38 1.1V\nPart Number: KF548C38BBK2-32\nOperating Temperature: 0C to 85C\nDimensions: 133.35 mm x 34.9 mm x 6.62 mm',15600,'2022-11-20 15:15:36','2022-11-21 06:30:39',15000,0),(976,'CORSAIR VENGEANCE LPX 8GB SINGLE DDR4 3200MHZ C16 DESKTOP MEMORY CMK8GX4M1Z3200C16','Memory Series VENGEANCE LPX\nMemory Type DDR4\nMemory Size 8GB Kit (1 x 8GB)\nTested Latency 16-20-20-38\nTested Voltage 1.35V\nTested Speed 3200MHz\nSPD Latency 15-15-15-36\nSPD Speed 2133MHz\nSPD Voltage 1.2V\nSpeed Rating PC4-25600 (3200MHz)\nCompatibility Intel 200 Series,Intel 300 Series,Intel 400 Series,Intel X299,AMD 300 Series,AMD 400 Series,AMD X570\nHeat Spreader Anodized Aluminum\nPackage Memory Format DIMM\nPerformance Profile XMP 2.0\nPackage Memory Pin 288',1995,'2022-11-20 15:18:50','2022-11-21 06:30:03',1400,0),(977,'CORSAIR VENGEANCE LPX 16GB 2X8GB DDR4 3600MHZ CL18 CMK16GX4M2Z3600C18','Heat Spreader Vengeance LPX\nMemory Configuration Dual / Quad Channel\nMemory Series Vengeance\nMemory Type DDR4\nPackage Memory Format DIMM',3880,'2022-11-20 15:19:36','2022-11-21 06:29:52',3300,0),(978,'CORSAIR CV450 BRONZE 450WATTS 80+ POWER SUPPLY CS-CP-9020209-NA',' ATX Connector: 1\n Adjustable Single/Multi 12V Rail: No\n ATX12V Version: v2.31\n Continuous output rated temperature C: 30C\n Continuous power W: 450 Watts\n Fan bearing technology: Sleeve\n Fan size mm: 120mm\n MTBF hours: 100,000 hours\n Multi-GPU ready: No\n 80 PLUS Efficiency: Bronze\n PSU Form Factor: ATX\n Zero RPM Mode: No\n iCUE Compatibility: No\n Cable Type: Sleeved\n Dimensions: 150mm x 125mm x 86mm\n EPS12V Connector: 1\n EPS12V Version: v2.92\n Floppy Connector: 1\n Intel C6C7 sleep state compatible: No\n Modular: No\n PCIe Connector: 2\n SATA Connector: 7\n Modern Standby Compatible: No',2095,'2022-11-20 15:20:26','2022-11-21 06:29:44',1500,0),(979,'GIGABYTE AORUS RGB 16GB (2X8GB) DDR4 3200MHZ GP-ARS16G32','Memory Size : 16GB Kit (2 x 8GB)\nFrequency : DDR4-3200 MHz\nTiming : 16-18-18-38 (XMP 3200MHz)\nSupport AORUS MEMORY BOOST*\nPerformance Profile : XMP 2.0\nRGB Fusion 2.0 Supported\nHigh Efficient Heat Spreaders to Keep Performance\nUser Friendly Design for Easier Installation\n100% Sorted & Tested',6600,'2022-11-20 15:20:34','2022-11-21 06:29:33',6000,0),(980,'GSKILL TRIDENT Z NEO RGB 16GB DUAL DDR4 3600MHZ CL18 F4-3600C18D-16GTZN','Series Trident Z Neo RGB \nMemory Type DDR4 \nCapacity 16GB (8GBx2) \nMulti-Channel Kit Dual Channel Kit \nTested Speed 3600MHz \nTested Latency 18-22-22-42\nTested Voltage 1.35v',5530,'2022-11-20 15:21:21','2022-11-21 06:29:23',5000,0),(981,'CORSAIR SF450 PLATINUM 450W 80+ FULL MODULAR CP-9020181-NA',' Adjustable Single/Multi 12V Rail No\n ATX Connector 1\n ATX12V Version v2.4\n Continuous output rated temperature C 50C\n Continuous power W 450 Watts\n Fan bearing technology Rifle Bearing\n Fan size mm 92mm\n MTBF hours 100,000 hours\n Multi-GPU ready Yes\n Warranty Seven Years\n 80 PLUS Efficiency Platinum\n PSU Form Factor SFX\n iCUE Compatibility No\n Zero RPM Mode Yes\n Cable Type\n Premium Individually Sleeved,\n All Black\n Dimensions 100mm x 63mm x 125mm\n EPS12V Connector 1\n EPS12V Version v2.92\n Floppy Connector 0\n Intel C6C7 sleep state compatible Yes\n Modular Fully\n PCIe Connector 2\n SATA Connector 4\n PATA Connector 3\n Modern Standby Compatible No',5950,'2022-11-20 15:21:42','2022-11-21 06:29:13',5400,0),(982,'GSKILL TRIDENT Z NEO RGB 32GB DUAL DDR4 3200MHZ CL16 F4-3200C16D-32GTZN','Memory Type DDR4\nCapacity 32GB (16GBx2)\nMulti-Channel Kit Dual Channel Kit\nTested Speed 3200MHz\nTested Latency 16-18-18-38\nTested Voltage 1.35V\nRegistered/Unbuffered Unbuffered\nError Checking Non-ECC\nSPD Speed 2133MHz\nSPD Voltage 1.20V',8350,'2022-11-20 15:22:18','2022-11-21 06:29:05',7800,0),(983,'GSKILL TRIDENT Z RGB 32GB 16GBX2 DDR4 3200MHZ F4-3200C16D-32GTZRX','Memory Type: DDR4\nCapacity: 32GB (16GBx2)\nMulti-Channel Kit: Dual Channel Kit\nTested Speed: 3200MHz\nTested Latency: 16-18-18-38\nTested Voltage: 1.35V\nRegistered/Unbuffered: Unbuffered\nError Checking: Non-ECC\nSPD Speed: 2133MHz\nSPD Voltage: 1.20V\nFan Included: No\nFeatures: Intel XMP 2.0 (Extreme Memory Profile) Ready\nAdditional Notes: Rated XMP frequency & stability depends on MB & CPU capability',7900,'2022-11-20 15:23:09','2022-11-21 06:28:55',7400,0),(984,'FSP SFX PRO BRONZE 450W 80+ NON-MODULAR PSU FSP450-50SAC',' Compliance with the newest SFX12V V3.3\n Efficiency  85% at typical load\n Intelligent fan speed control\n 80Plus bronze certified\n PS2 bracket for easy fitting into ATX case\n Black ribbon cables\n 80mm intelligent fan control\n Intel latest CPU ready\n Full protections OCP, OVP, SCP, OPP, OTP',2990,'2022-11-20 15:24:14','2022-11-21 06:28:45',2400,0),(985,'KINGSTON FURY BEAST 16GB DDR4 3200 CL16 KF432C16BB/16','Total Capacity: 16GB (1x16GB)\nMemory Profile: 3200MT/s 16-20-20 1.35V\nPart Number: KF432C16BB/16',3530,'2022-11-20 15:24:26','2022-11-21 06:28:34',3000,0),(986,'KINGSTON FURY BEAST RGB 16GB 2X8GB DDR4 3200MHZ CL16 KF432C16BBAK2/16','Capacity: 16GB (2x8GB)\nFrequencies: 3200MHz\nLatencies: 16-18-18\nVoltage: 1.35V\nOperating temperature: 0C to 70C\nDimensions: 133.35mm x 41.24mm x 7mm',4390,'2022-11-20 15:25:10','2022-11-21 06:28:25',3700,0),(987,'GIGABYTE P450B BRONZE 450W 80+ POWER SUPPLY GP-P450B',' 80 PLUS Bronze certified\n 120mm Silent Hydraulic Bearing (HYB) Fan\n Reliable flat cable\n Single +12V rail\n OVP/OPP/SCP/UVP/OCP/OTP protection',2050,'2022-11-20 15:26:00','2022-11-21 06:28:15',1500,0),(988,'SEASONIC FOCUS GX-550 GOLD 550WATTS 80+ FULL MODULAR PSU SSR-550FX',' ATX 12 V\n Full Modular\n 80 PLUS Gold Certified\n Dimensions: 140 mm (L) x 150 mm (W) x 86 mm (H)',4750,'2022-11-20 15:26:51','2022-11-21 06:28:01',4200,0),(989,'FSP HYPER K 500W 80+ WHITE POWER SUPPLY HP500S',' Complies with ATX 12V v2.4 & EPS 12V v2.92\n Meets 85% Efficiency\n Active PFC, Power Factor  99%\n +12V Single Rail Design\n PCI-Express 6+2 Pin Graphic Card Connectors\n SATA Array Cable\n 120mm Quiet Fan',1995,'2022-11-20 15:34:37','2022-11-21 02:48:29',1900,10),(999,'INTEL PENTIUM G6400 DUAL CORE | 8GB RAM | 1TB HDD | KEYBOARD | MOUSE | SPEAKER CPU PACKAGE','GUARANTEED ALL BRAND NEW OPTIONAL ADD-ONS:Php 2,950 Microsoft Office 365 Personal (Regular Price @ Php3,200)Php 6,200 Microsoft Windows HOME 10 64-bit oemPhp 5,400 Microsoft Office Home and Student 2019Monitor:PHP 4,550 - AOC 18.5-inch LED...',13495,'2022-11-21 03:51:30','2022-11-21 03:51:30',13000,0),(1000,'AMD RYZEN 3 3200G VEGA 8 GRAPHICS 4 CORE 8GB | 1TB | 18.5-IN MONITOR | KB | MOUSE | SPKR PACKAGE DESKTOP','GUARANTEED ALL BRAND NEW OPTIONAL ADD-ONS:Php 2,950 Microsoft Office 365 Personal (Regular Price @ Php3,200)Php 6,200 Microsoft Windows HOME 10 64-bit oem ANY OTHER SPECIFICATIONS, PLEASE CONTACT US FOR QUOTATION...',19645,'2022-11-21 03:52:16','2022-11-21 03:52:16',19000,0),(1002,'ASUS ROG STRIX XG17AHP 17.3\" PORTABLE IPS 240HZ FHD 1080P ADAPTIVE SYNC GAMING MONITOR','ROG Strix XG17AHP Portable USB Type-C Gaming Monitor  17.3-inch, IPS, FHD (FullHD, 1920x1080), 240Hz(Above 144Hz), Adaptive-sync, Non-Glare, USB-C, Micro-HDMI, Built-in battery for laptop, camera, console, ROG Tripod, ROG Bag, Smart cover, Eye care\n17.3-inch Full HD portable IPS gaming monitor with 240 Hz refresh rate and adaptive-sync for smooth, tear-free gameplay experiences\nPowerful built-in 7800 mAh battery for up to 3hrs of on-the-go use at 240 Hz, plus quick-charge technology for 120 minutes usage at 240Hz in just one hour\nUSB-C and micro-HDMI ports provide versatile connectivity with smartphones, laptops, game consoles, cameras, tablets and more\nSlim, lightweight design thats comfortably portable, at just 1060g and only 1cm thin\nFoldable ROG Tripod and ROG Smart Cover make it easy to optimize viewing positions for work or play, in all scenarios\nDisplay\nPanel Size: Wide Screen 17.3\" (43.8cm) 16:9\nColor Saturation : 100% sRGB\nPanel Type : IPS\nTrue Resolution : 1920x1080\nDisplay Viewing Area(HxV) : 381.888 x 214.812 mm\nDisplay Surface : Non-glare\nBrightness(Max) : 300 cd/\nContrast Ratio (Max) : 1000:1\nResponse Time : 3ms(Gray to Gray)\nFlicker free : Yes\nRefresh Rate(max) : 240Hz\nVideo Feature\nGamePlus(modes) : Yes (Crosshair/Timer/FPS Counter/Display Alignment)\nLow Blue Light : Yes\nHDCP support : Yes\nGameVisual :8 Modes(Scenery/Racing/Cinema/RTS/RPG/FPS/sRGB Modes/MOBA Mode/User Mode)\nAdaptive-Sync supported :Yes\nGameFast Input technology\nShadow Boost\nAudio Features\nStereo Speakers : 1W x 2 Stereo RMS\nESS Sabre HiFi DAC\nI/O Ports\nSignal Input : USB Type-C x1, Micro HDMI(v2.0) x1',35660,'2022-11-21 05:04:20','2022-11-21 05:04:20',35000,0),(1003,'VIEWSONIC VX2468-PC-MHD 24\" CURVED MVA 165HZ FHD 1920X1080 FREESYNC GAMING MONITOR','* Prices and specifications may change without prior notice.\nDISPLAY SIZE (IN.): 24\nVIEWABLE AREA (IN.): 23.6\nPANEL TYPE: MVA\nRESOLUTION: 1920 x 1080\nRESOLUTION TYPE: Full HD (1920x1080)\nSTATIC CONTRAST RATIO: 3,000:1\nDYNAMIC CONTRAST RATIO: 80,000,000:1\nLIGHT SOURCE: LED\nBRIGHTNESS: 250 cd/m2\nCOLORS: 16.7M\nCOLOR SPACE SUPPORT: 6 bit+FRC\nASPECT RATIO: 16:9\nRESPONSE TIME (TYPICAL GTG): 2ms\nRESPONSE TIME (MPRT): 1ms\nVIEWING ANGLES: 178 horizontal, 178 vertical\nBACKLIGHT LIFE (HOURS): 30,000\nCURVATURE: 1500R\nREFRESH RATE (HZ): 165\nADAPTIVE SYNC: AMD FreeSync Premium\nRESOLUTION: 1920x1080\nI/O:\n3.5MM AUDIO OUT: x1\nHDMI 2.0 IN: x2\nDISPLAYPORT: x1\nAudio:\nINTERNAL SPEAKERS: 2W (x2)\nPOWER VOLTAGE: AC 100-240V (universal), 50-60Hz\nSTAND-BY: 0.5W\nVESA COMPATIBLE: 100 x 100 mm\nFREQUENCY HORIZONTAL: 30 ~ 184 KHz\nFREQUENCY VERTICAL: 48 ~ 165 Hz\nTILT (FORWARD/BACK): 3 / 21\nDimension: 536.0 x 408.0 x 188.0mm\nWeight: 4.0 kg',9995,'2022-11-21 05:06:25','2022-11-21 05:06:25',9500,0),(1004,'MSI MAG ARTYMIS 273CQR 27\" CURVED VA 165HZ 2560X1440 1MS FREESYNC GAMING MONITOR','PANEL SIZE: 27\"\nPANEL RESOLUTION: 2560 x 1440 (WQHD)\nFRAMELESS DESIGN: YES\nREFRESH RATE: 165Hz\nRESPONSE TIME: 1ms (MPRT)\nPANEL TYPE: VA\nBRIGHTNESS (NITS): 550 (Typ.)\nVIEWING ANGLE: 178(H) / 178(V)\nASPECT RATIO: 16:9\nCURVATURE: 1000R\nCONTRAST RATIO: 3000:1 (Typ.)\nACTIVE DISPLAY AREA (MM): 596.736(H) x 335.664(V)\nPIXEL PITCH (H X V): 0.2331 (H) X 0.2331 (V)\nSURFACE TREATMENT: Anti-glare\nDISPLAY COLORS: 1.07B\nDCI-P3 / SRGB: 88.71% / 111.49%\nVIDEO PORTS:\n1x DP(1.4a)\n2x HDMI (2.0b)\n1x USB Type-C Port (DP Alternate Mode)\nUSB PORTS:\n2x USB 2.0 Type A\n1x USB 2.0 Type B\nAUDIO PORTS: 1 x Earphone out\nKENSINGTON LOCK: YES\nVESA MOUNTING: 100 x 100mm\nPOWER TYPE: External Adaptor 20V 4.5A\nPOWER INPUT: 100~240V, 50/60Hz\nDYNAMIC REFRESH RATE TECHNOLOGY: FreeSync Premium\nACTIVATED RANGE: 48Hz-165Hz\nDCR: 100000000:1\nPOWER CONSUMPTION: 26W\nSIGNAL FREQUENCY: 69.8~212.4 KHz(H) / 48~165 Hz(V)\nADJUSTMENT (TILT): -5 ~ 20\nADJUSTMENT (SWIVEL): -30 ~ 30\nADJUSTMENT (HEIGHT): 0 ~ 100mm\nDIMENSION (W X H X D): 607.1 x 527.8 x 260.9mm / 23.9 x 20.8 x 10.3 inch\nWEIGHT: 6kg\nCOMPATIBILITY: PC, Mac, PS5, PS4, Xbox, Mobile, Notebook\n* All trademarks and the registered trademarks are the property of their respective owners.\nNOTE: Display Port: 2560 x 1440 (Up to 165Hz)\nHDMI1.4: 2560 x 1440 (Up to 165Hz)\nType C. 2560 x 1440 (Up to 165Hz)\n*sRGB and DCI-P3 follow CIE1976 standrard',25950,'2022-11-21 05:09:03','2022-11-21 05:09:03',25000,0),(1005,'ASUS TUF GAMING VG28UQL1A 28\" IPS HDR400 144HZ 4K UHD 3840 X 2160 1MS G-SYNC GAMING MONITOR 2XHDMI DP VESA SPEAKER','Display\nPanel Size (inch) : 28\nAspect Ratio : 16:9\nDisplay Viewing Area (H x V) : 620.93 x 341.28 mm\nDisplay Surface : Non-Glare\nBacklight Type : LED\nPanel Type : IPS\nViewing Angle (CR10, H/V) : 178/ 178\nPixel Pitch : 0.160mm\nResolution : 3840x2160\nColor Space (DCI-P3) : 90%\nBrightness (HDR, Peak) : 450 cd/\nBrightness (Typ.) : 300cd/\nContrast Ratio (HDR, Max) : 1,000,000:1\nContrast Ratio (Typ.) : 1000:1\nASUS Smart Contrast Ratio (ASCR) : 100000000:1\nDisplay Colors : 1073.7M (10 bit)\nResponse Time : 1ms(GTG)\nRefresh Rate (Max) : 144Hz\nHDR (High Dynamic Range) Support : HDR10\nFlicker-free : Yes\nVideo Feature\nTrace Free Technology : Yes\nGameVisual : Yes\nColor Temp. Selection : Yes(4 modes)\nGamePlus : Yes\nPIP / PBP Technology : Yes\nHDCP : Yes, 2.2\nExtreme Low Motion Blur : Yes\nELMB Sync: Yes\nVRR Technology : FreeSync Premium & G-SYNC Compatible\nGameFast Input technology : Yes\nShadow Boost : Yes\nDisplayWidget : Yes, DisplayWidget Lite\nLow Blue Light : Yes (Hardware Solution)\nMultiple HDR Mode : Yes\nAudio Feature\nSpeaker : Yes(2Wx2)\nI/O Ports\nDisplayPort 1.4 DSC x 1\nHDMI(v2.1) x 2\nHDMI(v2.0) x 2\nUSB Hub : Yes(2 ports USB 3.1)\nEarphone Jack : Yes\nUSB 3.0 (Signal) : x 1\nMechanical Design\nTilt : Yes (+20 ~ -5)\nSwivel : Yes (+15 ~ -15)\nPivot : Yes (+90 ~ -90)\nHeight Adjustment : 0~120mm\nVESA Wall Mounting : 100x100mm\nKensington Lock : Yes',53500,'2022-11-21 05:10:49','2022-11-21 05:10:49',50000,0),(1006,'SAMSUNG LC49G95TSSEXXP 49IN ULTRA-WIDE 240HZ WQHD 5120X1440 VA SUPER SCREEN GAMING MONITOR','Order Basis\nScreen Size (Class): 49\nCurved\nScreen Curvature: 1000R\nActive Display Size (HxV) (mm): 1191.936x335.232 mm\nAspect Ratio: 32:9\nPanel Type: VA\nBrightness (Typical): 420 cd/\nBrightness (Min): 300 cd/\nPeak Brightness (Typical): 1000cd/m2 cd/\nContrast Ratio Static: 2500:1(Typ)\nDynamic Contrast Ratio: Mega DCR\nHDR(High Dynamic Range): Yes\nResolution: 5120 x 1440\nResponse Time: 1 (GTG\nViewing Angle (H/V): 178/178\nColor Support: Max 1.07B\nColor Gamut (NTSC 1976): 88% (Typ.)\nColor Gamut (DCI Coverage): 0.95\nAdobe RGB Coverage: 92% (Typ.)\nsRGB Coverage: 125% (Typ.)\nRefresh Rate: 240Hz\nFreeSync Premium Pro: Yes\nG-Sync: Yes\nI/O: DisplayPort x2 v1.4, HDMI x1 v2.0\nHeadphone: Yes\nUSB Ports: USB 3.0 x2\nHAS (Height Adjustable Stand): 120.0  5.0 mm\nSwivel: -15.0 (2.0) ~ +15.0 (2.0)\nTilt: -3.0 (2.0) ~ +13.0 (2.0)\nWall Mount Vesa: 100x100mm\nPower Supply Adaptor: AC 100~240V\nPower Consumption (Off Mode): 0.2W\nPower Consumption (DPMS): 0.1W\nDimension: 1147.6 x 537.2 x 416.4 mm\nWeight: 16.7 kg',67790,'2022-11-21 05:12:32','2022-11-21 05:12:32',65500,0),(1007,'AOPEN 20CH1Q 19.5\" TN 60HZ 1366X768 5MS VGA HDMI','Screen Size: 19.5\"\nMaximum Resolution: (HD)1366 x 768@60 Hz\nAspect Ratio: 16:9\nResponse Time: 5 ms\nColour Supported: 16.7 Million\nBrightness: 200 cd/m\nBacklight: LCD\nViewing Angles: 90 Horizontal; 65 Vertical\nPanel Type: TN (Twisted Nematic Film)\nStand: Tilt (-4~ 14)\nPorts & Connectors: VGA; HDMI\nPower: 14 W (Power On)\nEnvironmental Certification: MPR II\nColours: Black\nDimensions (W x H x D): 18.2\" x 13.0\" x 7.7\" (with stand)\nVESA Compatible: 75 x 75mm\nWeight (Approximate): 3.5 lbs.',3995,'2022-11-21 05:19:36','2022-11-21 05:19:36',3000,0),(1008,'AOC 22B2HN 21.5IN VA 75HZ FHD 1920X1080 VGA/HDMI MONITOR','Model: 22B2HN\nPanel: 21.5\" (VA)\nPixel Pitch (mm): 0.24825 (H)  0.24285 (V)\nEffective Viewing Area (mm): 476.64 (H)  268.11 (V)\nBrightness (typical): 250 cd/m\nContrast Ratio: 3000 : 1 (Typical) 20 Million : 1 (DCR)\nResponse Time: 7ms (GtG) (BW)\nViewing Angle: 178 (H) / 178 (V) (CR > 10)\nColor Gamut: NTSC 87% (CIE1976) / sRGB 101% (CIE1931)\nColor Accuracy: -\nOptimum Resolution: 1920  1080 @ 75Hz  HDMI 1920  1080 @ 60Hz  VGA\nDisplay Colors: 16.7 Million\nSignal Input: VGA  1, HDMI 1.4  1\nHDCP Version: -\nPower Supply: 19V DC, 1.31A\nPower Consumption (Typical): 18W\nLine in & Earphone: Earphone\nWall-Mount: 100mm  100mm\nAdjustable Stand: Tilt: -5 ~ 20\nDimension (mm): 387.7 (H) 491.8 (W)  162.9 (D)\nWeight(kg)L 2.29\nCabinet Color: Black',5195,'2022-11-21 05:21:04','2022-11-21 05:21:04',4800,0),(1009,'Test Product Group 1','Test',150,'2022-11-21 09:48:32','2022-11-21 09:48:32',100,0);
/*!40000 ALTER TABLE `products` ENABLE KEYS */;
UNLOCK TABLES;

--
-- Table structure for table `recommendations`
--

DROP TABLE IF EXISTS `recommendations`;
/*!40101 SET @saved_cs_client     = @@character_set_client */;
/*!50503 SET character_set_client = utf8mb4 */;
CREATE TABLE `recommendations` (
  `id` bigint unsigned NOT NULL AUTO_INCREMENT,
  `recommendation` longtext CHARACTER SET utf8mb4 COLLATE utf8mb4_unicode_ci NOT NULL,
  `status` tinyint(1) NOT NULL DEFAULT '0',
  `customer_id` int NOT NULL,
  `created_at` timestamp NULL DEFAULT NULL,
  `updated_at` timestamp NULL DEFAULT NULL,
  PRIMARY KEY (`id`)
) ENGINE=InnoDB AUTO_INCREMENT=5 DEFAULT CHARSET=utf8mb4 COLLATE=utf8mb4_unicode_ci;
/*!40101 SET character_set_client = @saved_cs_client */;

--
-- Dumping data for table `recommendations`
--

LOCK TABLES `recommendations` WRITE;
/*!40000 ALTER TABLE `recommendations` DISABLE KEYS */;
INSERT INTO `recommendations` VALUES (1,'Hello! Can i order here?',0,13,'2022-12-13 09:09:58','2022-12-13 09:09:58'),(2,'How to process for refund?',0,20,'2022-12-21 09:23:36','2022-12-21 09:23:36'),(3,'test',0,23,'2023-02-27 20:49:17','2023-02-27 20:49:17'),(4,'asd',0,23,'2023-02-27 20:49:22','2023-02-27 20:49:22');
/*!40000 ALTER TABLE `recommendations` ENABLE KEYS */;
UNLOCK TABLES;

--
-- Table structure for table `sales`
--

DROP TABLE IF EXISTS `sales`;
/*!40101 SET @saved_cs_client     = @@character_set_client */;
/*!50503 SET character_set_client = utf8mb4 */;
CREATE TABLE `sales` (
  `id` bigint unsigned NOT NULL AUTO_INCREMENT,
  `date` varchar(255) CHARACTER SET utf8mb4 COLLATE utf8mb4_unicode_ci NOT NULL,
  `order_count` int NOT NULL,
  `sales` int NOT NULL,
  `created_at` timestamp NULL DEFAULT NULL,
  `updated_at` timestamp NULL DEFAULT NULL,
  PRIMARY KEY (`id`)
) ENGINE=InnoDB AUTO_INCREMENT=3 DEFAULT CHARSET=utf8mb4 COLLATE=utf8mb4_unicode_ci;
/*!40101 SET character_set_client = @saved_cs_client */;

--
-- Dumping data for table `sales`
--

LOCK TABLES `sales` WRITE;
/*!40000 ALTER TABLE `sales` DISABLE KEYS */;
INSERT INTO `sales` VALUES (1,'2022-11-20',3,21340,'2022-11-21 01:00:10','2022-11-21 01:00:10'),(2,'2022-11-21',7,209845,'2022-11-22 00:46:02','2022-11-22 00:46:02');
/*!40000 ALTER TABLE `sales` ENABLE KEYS */;
UNLOCK TABLES;

--
-- Table structure for table `sets`
--

DROP TABLE IF EXISTS `sets`;
/*!40101 SET @saved_cs_client     = @@character_set_client */;
/*!50503 SET character_set_client = utf8mb4 */;
CREATE TABLE `sets` (
  `id` bigint unsigned NOT NULL AUTO_INCREMENT,
  `name` varchar(255) CHARACTER SET utf8mb4 COLLATE utf8mb4_unicode_ci NOT NULL,
  `description` text CHARACTER SET utf8mb4 COLLATE utf8mb4_unicode_ci,
  `status` tinyint(1) NOT NULL DEFAULT '1',
  `created_at` timestamp NULL DEFAULT NULL,
  `updated_at` timestamp NULL DEFAULT NULL,
  PRIMARY KEY (`id`)
) ENGINE=InnoDB AUTO_INCREMENT=10 DEFAULT CHARSET=utf8mb4 COLLATE=utf8mb4_unicode_ci;
/*!40101 SET character_set_client = @saved_cs_client */;

--
-- Dumping data for table `sets`
--

LOCK TABLES `sets` WRITE;
/*!40000 ALTER TABLE `sets` DISABLE KEYS */;
INSERT INTO `sets` VALUES (1,'set a','123',1,'2022-11-16 08:48:55','2022-11-16 08:48:55'),(2,'Set A','Set',1,'2022-11-16 08:49:14','2022-11-16 08:49:14'),(3,'LGA 1700',NULL,1,'2022-11-16 15:02:03','2022-11-16 15:02:03'),(4,'B450','B450 Set',1,'2022-11-20 13:40:09','2022-11-20 13:40:09'),(5,'intel11test','123',1,'2022-11-20 18:34:15','2022-11-20 18:34:15'),(6,'ryzen11test','123',1,'2022-11-20 18:35:14','2022-11-20 18:35:14'),(7,'RyzenB450Chipset','RyzenB450Chipset',1,'2022-11-20 18:44:32','2022-11-20 18:44:32'),(8,'Ryzen3rdGen','Ryzen3rdGen',1,'2022-11-20 18:46:28','2022-11-20 18:46:28'),(9,'Set Sir Rod','This is Sir Rod\'s Example Set',1,'2022-12-08 10:40:07','2022-12-08 10:40:07');
/*!40000 ALTER TABLE `sets` ENABLE KEYS */;
UNLOCK TABLES;

--
-- Table structure for table `settables`
--

DROP TABLE IF EXISTS `settables`;
/*!40101 SET @saved_cs_client     = @@character_set_client */;
/*!50503 SET character_set_client = utf8mb4 */;
CREATE TABLE `settables` (
  `id` bigint unsigned NOT NULL AUTO_INCREMENT,
  `settable_id` int NOT NULL,
  `settable_type` varchar(255) CHARACTER SET utf8mb4 COLLATE utf8mb4_unicode_ci NOT NULL,
  `settable_part` varchar(255) CHARACTER SET utf8mb4 COLLATE utf8mb4_unicode_ci NOT NULL,
  `set_id` int NOT NULL,
  `created_at` timestamp NULL DEFAULT NULL,
  `updated_at` timestamp NULL DEFAULT NULL,
  PRIMARY KEY (`id`)
) ENGINE=InnoDB AUTO_INCREMENT=99 DEFAULT CHARSET=utf8mb4 COLLATE=utf8mb4_unicode_ci;
/*!40101 SET character_set_client = @saved_cs_client */;

--
-- Dumping data for table `settables`
--

LOCK TABLES `settables` WRITE;
/*!40000 ALTER TABLE `settables` DISABLE KEYS */;
INSERT INTO `settables` VALUES (1,4,'App\\Models\\Product','motherboard',1,NULL,NULL),(2,616,'App\\Models\\Product','motherboard',4,NULL,NULL),(3,764,'App\\Models\\Product','cpu/processor',6,NULL,NULL),(4,616,'App\\Models\\Product','motherboard',6,NULL,NULL),(5,639,'App\\Models\\Product','motherboard',6,NULL,NULL),(6,659,'App\\Models\\Product','motherboard',6,NULL,NULL),(7,650,'App\\Models\\Product','motherboard',6,NULL,NULL),(8,674,'App\\Models\\Product','motherboard',6,NULL,NULL),(9,727,'App\\Models\\Product','motherboard',6,NULL,NULL),(10,761,'App\\Models\\Product','cpu/processor',6,NULL,NULL),(11,761,'App\\Models\\Product','cpu/processor',8,NULL,NULL),(12,762,'App\\Models\\Product','cpu/processor',8,NULL,NULL),(13,765,'App\\Models\\Product','cpu/processor',8,NULL,NULL),(14,767,'App\\Models\\Product','cpu/processor',8,NULL,NULL),(15,770,'App\\Models\\Product','cpu/processor',8,NULL,NULL),(16,771,'App\\Models\\Product','cpu/processor',8,NULL,NULL),(17,773,'App\\Models\\Product','cpu/processor',8,NULL,NULL),(18,774,'App\\Models\\Product','cpu/processor',8,NULL,NULL),(19,776,'App\\Models\\Product','cpu/processor',8,NULL,NULL),(20,777,'App\\Models\\Product','cpu/processor',8,NULL,NULL),(21,624,'App\\Models\\Product','motherboard',8,NULL,NULL),(22,645,'App\\Models\\Product','motherboard',8,NULL,NULL),(23,698,'App\\Models\\Product','motherboard',8,NULL,NULL),(24,698,'App\\Models\\Product','motherboard',8,NULL,NULL),(25,700,'App\\Models\\Product','motherboard',8,NULL,NULL),(26,740,'App\\Models\\Product','motherboard',8,NULL,NULL),(27,751,'App\\Models\\Product','motherboard',8,NULL,NULL),(28,54,'App\\Models\\Product','ram/memory',8,NULL,NULL),(29,55,'App\\Models\\Product','ram/memory',8,NULL,NULL),(30,57,'App\\Models\\Product','ram/memory',8,NULL,NULL),(31,60,'App\\Models\\Product','ram/memory',8,NULL,NULL),(32,976,'App\\Models\\Product','ram/memory',8,NULL,NULL),(33,977,'App\\Models\\Product','ram/memory',8,NULL,NULL),(34,979,'App\\Models\\Product','ram/memory',8,NULL,NULL),(35,979,'App\\Models\\Product','ram/memory',8,NULL,NULL),(36,980,'App\\Models\\Product','ram/memory',8,NULL,NULL),(37,979,'App\\Models\\Product','ram/memory',8,NULL,NULL),(38,980,'App\\Models\\Product','ram/memory',8,NULL,NULL),(39,982,'App\\Models\\Product','ram/memory',8,NULL,NULL),(40,983,'App\\Models\\Product','ram/memory',8,NULL,NULL),(41,985,'App\\Models\\Product','ram/memory',8,NULL,NULL),(42,123,'App\\Models\\Product','ram/memory',8,NULL,NULL),(43,120,'App\\Models\\Product','ram/memory',8,NULL,NULL),(44,116,'App\\Models\\Product','ram/memory',8,NULL,NULL),(45,85,'App\\Models\\Product','power supply',8,NULL,NULL),(46,59,'App\\Models\\Product','power supply',8,NULL,NULL),(47,84,'App\\Models\\Product','power supply',8,NULL,NULL),(48,149,'App\\Models\\Product','power supply',8,NULL,NULL),(49,159,'App\\Models\\Product','power supply',8,NULL,NULL),(50,177,'App\\Models\\Product','power supply',8,NULL,NULL),(51,978,'App\\Models\\Product','power supply',8,NULL,NULL),(52,981,'App\\Models\\Product','power supply',8,NULL,NULL),(53,981,'App\\Models\\Product','power supply',8,NULL,NULL),(54,984,'App\\Models\\Product','power supply',8,NULL,NULL),(55,987,'App\\Models\\Product','power supply',8,NULL,NULL),(56,987,'App\\Models\\Product','power supply',8,NULL,NULL),(57,114,'App\\Models\\Product','power supply',8,NULL,NULL),(58,988,'App\\Models\\Product','power supply',8,NULL,NULL),(59,988,'App\\Models\\Product','power supply',8,NULL,NULL),(60,989,'App\\Models\\Product','power supply',8,NULL,NULL),(61,81,'App\\Models\\Product','power supply',8,NULL,NULL),(62,117,'App\\Models\\Product','power supply',8,NULL,NULL),(63,85,'App\\Models\\Product','power supply',8,NULL,NULL),(64,114,'App\\Models\\Product','power supply',8,NULL,NULL),(65,117,'App\\Models\\Product','power supply',8,NULL,NULL),(66,144,'App\\Models\\Product','power supply',8,NULL,NULL),(67,147,'App\\Models\\Product','power supply',8,NULL,NULL),(68,147,'App\\Models\\Product','power supply',8,NULL,NULL),(69,117,'App\\Models\\Product','power supply',8,NULL,NULL),(70,183,'App\\Models\\Product','power supply',8,NULL,NULL),(71,147,'App\\Models\\Product','power supply',8,NULL,NULL),(72,188,'App\\Models\\Product','power supply',8,NULL,NULL),(73,190,'App\\Models\\Product','power supply',8,NULL,NULL),(74,199,'App\\Models\\Product','power supply',8,NULL,NULL),(75,203,'App\\Models\\Product','power supply',8,NULL,NULL),(76,260,'App\\Models\\Product','power supply',8,NULL,NULL),(77,260,'App\\Models\\Product','power supply',8,NULL,NULL),(78,262,'App\\Models\\Product','power supply',8,NULL,NULL),(79,266,'App\\Models\\Product','power supply',8,NULL,NULL),(80,497,'App\\Models\\Product','motherboard',8,NULL,NULL),(81,619,'App\\Models\\Product','motherboard',8,NULL,NULL),(82,620,'App\\Models\\Product','motherboard',8,NULL,NULL),(83,642,'App\\Models\\Product','motherboard',8,NULL,NULL),(84,642,'App\\Models\\Product','motherboard',8,NULL,NULL),(85,648,'App\\Models\\Product','motherboard',8,NULL,NULL),(86,679,'App\\Models\\Product','motherboard',8,NULL,NULL),(87,730,'App\\Models\\Product','motherboard',8,NULL,NULL),(88,730,'App\\Models\\Product','motherboard',8,NULL,NULL),(89,733,'App\\Models\\Product','motherboard',8,NULL,NULL),(90,735,'App\\Models\\Product','motherboard',8,NULL,NULL),(91,735,'App\\Models\\Product','motherboard',8,NULL,NULL),(92,737,'App\\Models\\Product','motherboard',8,NULL,NULL),(93,737,'App\\Models\\Product','motherboard',8,NULL,NULL),(94,210,'App\\Models\\Product','case',8,NULL,NULL),(95,154,'App\\Models\\Product','case',8,NULL,NULL),(96,1008,'App\\Models\\Product','monitor',8,NULL,NULL),(97,950,'App\\Models\\Product','gpu/graphics card',8,NULL,NULL),(98,496,'App\\Models\\Product','motherboard',9,NULL,NULL);
/*!40000 ALTER TABLE `settables` ENABLE KEYS */;
UNLOCK TABLES;

--
-- Table structure for table `sku_profiles`
--

DROP TABLE IF EXISTS `sku_profiles`;
/*!40101 SET @saved_cs_client     = @@character_set_client */;
/*!50503 SET character_set_client = utf8mb4 */;
CREATE TABLE `sku_profiles` (
  `id` bigint unsigned NOT NULL AUTO_INCREMENT,
  `sku_code` varchar(255) CHARACTER SET utf8mb4 COLLATE utf8mb4_unicode_ci NOT NULL,
  `name` varchar(255) CHARACTER SET utf8mb4 COLLATE utf8mb4_unicode_ci NOT NULL,
  `created_at` timestamp NULL DEFAULT NULL,
  `updated_at` timestamp NULL DEFAULT NULL,
  PRIMARY KEY (`id`)
) ENGINE=InnoDB AUTO_INCREMENT=259 DEFAULT CHARSET=utf8mb4 COLLATE=utf8mb4_unicode_ci;
/*!40101 SET character_set_client = @saved_cs_client */;

--
-- Dumping data for table `sku_profiles`
--

LOCK TABLES `sku_profiles` WRITE;
/*!40000 ALTER TABLE `sku_profiles` DISABLE KEYS */;
INSERT INTO `sku_profiles` VALUES (44,'CKSO2OJX','MSI','2022-11-20 18:59:28','2022-11-20 18:59:28'),(45,'TAMF5A3O','MSI','2022-11-20 19:01:05','2022-11-20 19:01:05'),(46,'9SSA5FK9','MSI','2022-11-20 19:03:59','2022-11-20 19:03:59'),(47,'CNG6U9IC','MSI','2022-11-20 19:07:15','2022-11-20 19:07:15'),(48,'1CGL16Z4','MSI','2022-11-20 19:08:01','2022-11-20 19:08:01'),(49,'03AOIVKN','MSI','2022-11-20 19:08:41','2022-11-20 19:08:41'),(50,'IQL772TU','MSI','2022-11-20 19:09:26','2022-11-20 19:09:26'),(51,'RZZNH1RE','MSI','2022-11-20 19:10:33','2022-11-20 19:10:33'),(52,'3W5628U8','MSI','2022-11-20 19:11:06','2022-11-20 19:11:06'),(53,'0G3H2UTP','GIGABYTE','2022-11-20 19:12:12','2022-11-20 19:12:12'),(54,'X7VE961H','SEASONIC','2022-11-21 03:34:36','2022-11-21 03:34:36'),(55,'287YH2KW','LASOR','2022-11-21 03:38:28','2022-11-21 03:38:28'),(56,'OP7RDTWW','GIGABYTE','2022-11-21 03:39:30','2022-11-21 03:39:30'),(57,'J8ZWGZ19','KINGSTON','2022-11-21 03:40:05','2022-11-21 03:40:05'),(58,'B28FSZAJ','KINGSTON','2022-11-21 03:40:23','2022-11-21 03:40:23'),(59,'4351Z2G7','FSP','2022-11-21 03:40:40','2022-11-21 03:40:40'),(60,'Q1JZSHQ2','GSKILL','2022-11-21 03:40:58','2022-11-21 03:40:58'),(61,'KST7MG27','GSKILL','2022-11-21 03:41:21','2022-11-21 03:41:21'),(62,'2ACOGBJA','CORSAIR','2022-11-21 03:41:48','2022-11-21 03:41:48'),(63,'3HURW1GS','GSKILL','2022-11-21 03:42:09','2022-11-21 03:42:09'),(64,'HP5LV334','Kingston','2022-11-21 03:42:34','2022-11-21 03:42:34'),(65,'ZUVZYDOP','GIGABYTE','2022-11-21 03:42:44','2022-11-21 03:42:44'),(66,'MKGMCXG6','CORSAIR','2022-11-21 03:43:21','2022-11-21 03:43:21'),(67,'HSQ913XX','GIGABYTE','2022-11-21 03:43:31','2022-11-21 03:43:31'),(68,'X3R3UFR0','CORSAIR','2022-11-21 03:43:48','2022-11-21 03:43:48'),(69,'MTLQVU5V','CORSAIR','2022-11-21 03:44:01','2022-11-21 03:44:01'),(70,'BHZNT0SI','CORSAIR','2022-11-21 03:44:23','2022-11-21 03:44:23'),(71,'309OTDMY','KINGSTON','2022-11-21 03:45:19','2022-11-21 03:45:19'),(72,'F4-4000C18D-16GTZN','GSKILL','2022-11-21 03:45:19','2022-11-21 03:45:19'),(73,'F4-4000C18D-32GTZN','GSKILL','2022-11-21 03:45:56','2022-11-21 03:45:56'),(74,'DGMSRRBL','CORSAIR','2022-11-21 03:46:02','2022-11-21 03:46:02'),(75,'QC6E2MR7','ASUS','2022-11-21 03:46:47','2022-11-21 03:46:47'),(76,'MPW-4001-ACAAN1-PH','COOLER MASTER ELITE','2022-11-21 03:47:05','2022-11-21 03:47:05'),(77,'IHMNSI3C','ASUS','2022-11-21 03:47:35','2022-11-21 03:47:35'),(78,'VD9YIDM5','MSI','2022-11-21 03:47:49','2022-11-21 03:47:49'),(79,'225RBV59','ASUS','2022-11-21 03:47:59','2022-11-21 03:47:59'),(80,'8K45L8Q0','MSI','2022-11-21 03:48:27','2022-11-21 03:48:27'),(81,'ZXPK7G5R','ASUS','2022-11-21 03:48:34','2022-11-21 03:48:34'),(82,'1XGZD71Z','ASUS','2022-11-21 03:48:55','2022-11-21 03:48:55'),(83,'06SSF0CK','ANTEC','2022-11-21 03:49:22','2022-11-21 03:49:22'),(84,'OT86416O','GIGABYTE','2022-11-21 03:49:27','2022-11-21 03:49:27'),(85,'I4PR0CQB','WD','2022-11-21 03:49:45','2022-11-21 03:49:45'),(86,'5SRME4L7','WD','2022-11-21 03:50:04','2022-11-21 03:50:04'),(87,'76CQ1ZQ2','GIGABYTE','2022-11-21 03:50:06','2022-11-21 03:50:06'),(88,'2NPE5GNC','ANTEC','2022-11-21 03:50:24','2022-11-21 03:50:24'),(89,'13JD54C0','ANTEC','2022-11-21 03:50:43','2022-11-21 03:50:43'),(90,'MZFS80NL','GIGABYTE','2022-11-21 03:50:49','2022-11-21 03:50:49'),(91,'YFT3OG6W','ANTEC','2022-11-21 03:51:06','2022-11-21 03:51:06'),(92,'AOBN2YVR','GIGABYTE','2022-11-21 03:51:26','2022-11-21 03:51:26'),(93,'MK0JRWLW','ANTEC','2022-11-21 03:51:28','2022-11-21 03:51:28'),(94,'4CF566AB','COOLER','2022-11-21 03:51:56','2022-11-21 03:51:56'),(95,'0MT71VHD','GIGABYTE','2022-11-21 03:52:22','2022-11-21 03:52:22'),(96,'0ELSUKL8','SAPPHIRE','2022-11-21 03:52:57','2022-11-21 03:52:57'),(97,'TGSTBX9R','GIGABYTE','2022-11-21 03:53:02','2022-11-21 03:53:02'),(98,'N5LPCXRL','MSI','2022-11-21 03:53:31','2022-11-21 03:53:31'),(99,'89QNPKDA','ASUS','2022-11-21 03:53:35','2022-11-21 03:53:35'),(100,'IM9CQ8HR','MSI','2022-11-21 03:54:04','2022-11-21 03:54:04'),(101,'RT4O1TDF','ASUS','2022-11-21 03:54:26','2022-11-21 03:54:26'),(102,'O0637LBJ','GIGABTYE','2022-11-21 03:54:50','2022-11-21 03:54:50'),(103,'XWFE7ONL','GIGABTYE','2022-11-21 03:55:11','2022-11-21 03:55:11'),(104,'U5SESSFR','ASUS','2022-11-21 03:55:14','2022-11-21 03:55:14'),(105,'BP5W0SME','GIGABTYE','2022-11-21 03:55:47','2022-11-21 03:55:47'),(106,'II4WBH5U','ASUS','2022-11-21 03:55:54','2022-11-21 03:55:54'),(107,'KBAU0XWJ','GIGABTYE','2022-11-21 03:56:06','2022-11-21 03:56:06'),(108,'G5XJ8BOI','GIGABTYE','2022-11-21 03:56:42','2022-11-21 03:56:42'),(109,'TDHWCJBU','GIGABTYE','2022-11-21 03:57:11','2022-11-21 03:57:11'),(110,'T8J8O3L7','ASUS','2022-11-21 03:57:39','2022-11-21 03:57:39'),(111,'X4ZXTXZ1','ASUS','2022-11-21 03:57:59','2022-11-21 03:57:59'),(112,'XFTDN4UA','ASUS','2022-11-21 03:58:21','2022-11-21 03:58:21'),(113,'15G6SUL4','ASUS','2022-11-21 03:59:02','2022-11-21 03:59:02'),(114,'LDWJ8KPF','ZOTAC','2022-11-21 03:59:50','2022-11-21 03:59:50'),(115,'L0LPMY63','ZOTAC','2022-11-21 04:00:08','2022-11-21 04:00:08'),(116,'VUFWDA1V','ZOTAC','2022-11-21 04:00:28','2022-11-21 04:00:28'),(117,'5YY9KV67','ZOTAC','2022-11-21 04:00:46','2022-11-21 04:00:46'),(118,'4SZ12K0V','ZOTAC','2022-11-21 04:01:03','2022-11-21 04:01:03'),(119,'ZSMTX34U','GSKILL','2022-11-21 04:01:08','2022-11-21 04:01:08'),(120,'OKBQ6B1O','ZOTAC','2022-11-21 04:01:11','2022-11-21 04:01:11'),(121,'M3AIEVD6','ZOTAC','2022-11-21 04:01:27','2022-11-21 04:01:27'),(122,'U7EZ4LIE','NVIDIA','2022-11-21 04:02:11','2022-11-21 04:02:11'),(123,'Y9CNP6PE','NVIDIA','2022-11-21 04:02:35','2022-11-21 04:02:35'),(124,'UKCG00QL','NVIDIA','2022-11-21 04:02:53','2022-11-21 04:02:53'),(125,'JW5XMT7T','PALIT','2022-11-21 04:03:22','2022-11-21 04:03:22'),(126,'NJG9DTUW','MSI','2022-11-21 04:03:49','2022-11-21 04:03:49'),(127,'HEP0EKVT','MSI','2022-11-21 04:04:10','2022-11-21 04:04:10'),(128,'TY4P7SAH','MSI','2022-11-21 04:04:31','2022-11-21 04:04:31'),(129,'DC13SKCZ','MSI','2022-11-21 04:04:52','2022-11-21 04:04:52'),(130,'B33Z01EI','MSI','2022-11-21 04:05:16','2022-11-21 04:05:16'),(131,'R99DMD4D','MSI','2022-11-21 04:05:42','2022-11-21 04:05:42'),(132,'ICP3GI3E','MSI','2022-11-21 04:06:01','2022-11-21 04:06:01'),(133,'M28R5A0Z','INTEL','2022-11-21 04:06:38','2022-11-21 04:06:38'),(134,'THYH10HY','INTEL','2022-11-21 04:07:43','2022-11-21 04:07:43'),(135,'P3VX59VP','GIGABYTE','2022-11-21 04:07:48','2022-11-21 04:07:48'),(136,'5QQZ78UJ','INTEL','2022-11-21 04:08:08','2022-11-21 04:08:58'),(137,'PDDPJQTN','INTEL','2022-11-21 04:08:39','2022-11-21 04:08:39'),(138,'ZCVFAVS2','INTEL','2022-11-21 04:09:18','2022-11-21 04:09:18'),(139,'ATNENE5N','GIGABYTE','2022-11-21 04:09:34','2022-11-21 04:09:34'),(140,'JARYG0QY','INTEL','2022-11-21 04:09:49','2022-11-21 04:09:49'),(141,'JMUNLLQV','AMD RYZEN','2022-11-21 04:10:01','2022-11-21 04:10:01'),(142,'KN0JJL2I','GIGABYTE','2022-11-21 04:10:15','2022-11-21 04:10:15'),(143,'1X29EMX5','INTEL','2022-11-21 04:10:15','2022-11-21 04:10:15'),(144,'G9JOIVPF','AMD RYZEN','2022-11-21 04:10:27','2022-11-21 04:10:27'),(145,'8W738T2F','INTEL','2022-11-21 04:10:52','2022-11-21 04:10:52'),(146,'WS6XA8RM','AMD RYZEN','2022-11-21 04:11:04','2022-11-21 04:11:04'),(147,'7C4UQWXL','INTEL','2022-11-21 04:11:27','2022-11-21 04:11:27'),(148,'LUUSXBHI','INTEL','2022-11-21 04:11:33','2022-11-21 04:11:33'),(149,'1M7R8YS1','GIGABYTE','2022-11-21 04:11:41','2022-11-21 04:11:41'),(150,'5SDUXXN1','INTEL','2022-11-21 04:12:09','2022-11-21 04:12:09'),(151,'6YI1DM3L','GIGABYTE','2022-11-21 04:12:25','2022-11-21 04:12:25'),(152,'WI4LUB8N','INTEL','2022-11-21 04:12:43','2022-11-21 04:12:43'),(153,'GFDWKE3W','INTEL','2022-11-21 04:13:21','2022-11-21 04:13:21'),(154,'SRW7GE9I','AMD RYZEN','2022-11-21 04:14:15','2022-11-21 04:14:15'),(155,'Y05S5O6W','ASUS','2022-11-21 04:14:21','2022-11-21 04:14:21'),(156,'IOF0JW30','AMD','2022-11-21 04:14:21','2022-11-21 04:14:21'),(157,'RQ5K0Y1S','AMD','2022-11-21 04:14:59','2022-11-21 04:14:59'),(158,'VIQUPFAB','MSI','2022-11-21 04:15:25','2022-11-21 04:15:25'),(159,'UL5CVCMJ','AMD','2022-11-21 04:15:28','2022-11-21 04:15:28'),(160,'6D67SJEI','AMD','2022-11-21 04:16:01','2022-11-21 04:16:01'),(161,'KZNWF209','TECWARE','2022-11-21 04:16:32','2022-11-21 04:16:32'),(162,'Q218UPWI','AMD','2022-11-21 04:16:41','2022-11-21 04:16:57'),(163,'NSJXHBU7','ASUS','2022-11-21 04:16:45','2022-11-21 04:16:45'),(164,'2HW08FJV','ASUS','2022-11-21 04:17:19','2022-11-21 04:17:19'),(165,'NWJX79WJ','AMD','2022-11-21 04:17:21','2022-11-21 04:17:21'),(166,'R4BIKN1G','AMD','2022-11-21 04:17:57','2022-11-21 04:17:57'),(167,'E0FQPM5P','ASUS','2022-11-21 04:18:04','2022-11-21 04:18:04'),(168,'0GRJ6T7P','ASUS','2022-11-21 04:18:39','2022-11-21 04:18:39'),(169,'W4MMH03G','AMD','2022-11-21 04:18:54','2022-11-21 04:18:54'),(170,'AJYLQR1T','COLORFUL','2022-11-21 04:19:11','2022-11-21 04:19:11'),(171,'SB7BG5FX','ASUS','2022-11-21 04:19:15','2022-11-21 04:19:15'),(172,'R0Y16JCJ','AMD','2022-11-21 04:19:53','2022-11-21 04:19:53'),(173,'L5Z809DX','ASUS','2022-11-21 04:20:00','2022-11-21 04:20:00'),(174,'3DK2RS9N','AMD','2022-11-21 04:20:49','2022-11-21 04:20:49'),(175,'QXGNEMOB','ASUS','2022-11-21 04:20:50','2022-11-21 04:20:50'),(176,'HO3H3X3F','ASUS','2022-11-21 04:21:20','2022-11-21 04:21:20'),(177,'JA9QCWXL','INTEL','2022-11-21 04:21:21','2022-11-21 04:21:21'),(178,'MCSCP4V1','INTEL','2022-11-21 04:21:49','2022-11-21 04:21:49'),(179,'MVTUHGHU','INTEL','2022-11-21 04:22:21','2022-11-21 04:22:21'),(180,'2I0JWC94ROCK','ASROCK','2022-11-21 04:22:52','2022-11-21 04:22:52'),(181,'0RI4Y2UC','INTEL','2022-11-21 04:23:36','2022-11-21 04:23:36'),(182,'H0I9CCMI','AMD','2022-11-21 04:24:03','2022-11-21 04:24:03'),(183,'6A3G8NJC','MSI','2022-11-21 04:24:07','2022-11-21 04:24:07'),(184,'H78X4EMQ','INTEL','2022-11-21 04:24:07','2022-11-21 04:24:07'),(185,'A2DIPYA4','INTEL','2022-11-21 04:24:50','2022-11-21 04:24:50'),(186,'PV0OLJ8N','INTEL','2022-11-21 04:25:17','2022-11-21 04:25:17'),(187,'WW648KRE','INTEL','2022-11-21 04:25:48','2022-11-21 04:25:48'),(188,'G823PA63','INTEL','2022-11-21 04:26:20','2022-11-21 04:26:20'),(189,'W2DQ6TKS','AMD','2022-11-21 04:26:52','2022-11-21 04:26:52'),(190,'OUPXWHOM','AMD','2022-11-21 04:29:04','2022-11-21 04:29:04'),(191,'3MMNZ2A5','ASUS','2022-11-21 04:30:01','2022-11-21 04:30:01'),(192,'0Z8P5WB6','GIGABYTE','2022-11-21 04:30:48','2022-11-21 04:30:48'),(193,'SNYA1QXT','ASUS','2022-11-21 04:31:13','2022-11-21 04:31:13'),(194,'FF5WF1U0','GIGABYTE','2022-11-21 04:32:04','2022-11-21 04:32:14'),(195,'H5MV3AYQ','GIGABYTE','2022-11-21 04:34:18','2022-11-21 04:34:18'),(196,'EWNHGQ5Z','GIGABYTE','2022-11-21 04:34:44','2022-11-21 04:34:44'),(197,'V2Z32C98','GIGABYTE','2022-11-21 04:35:30','2022-11-21 04:35:30'),(198,'JQ6SRG6W','INPLAY','2022-11-21 04:36:46','2022-11-21 04:36:46'),(199,'GC92SKKV','INPLAY','2022-11-21 04:37:13','2022-11-21 04:37:13'),(200,'2JQY11ND','GIGABYTE','2022-11-21 04:38:03','2022-11-21 04:38:03'),(201,'LIFETIMEWARRANTYAVKMC87C','STORAGE','2022-11-21 04:38:47','2022-11-21 04:38:47'),(202,'5RI6UIDA','SEAGATE','2022-11-21 04:39:45','2022-11-21 04:40:32'),(203,'J370VS9J','Gigabyte','2022-11-21 04:40:36','2022-11-21 04:40:36'),(204,'9WHPEBUP','SAMSUNG','2022-11-21 04:41:39','2022-11-21 04:41:39'),(205,'ZLGZC915','KINGSTON','2022-11-21 04:41:54','2022-11-21 04:41:54'),(206,'RB792DCP','SAMSUNG','2022-11-21 04:42:07','2022-11-21 04:42:07'),(207,'PY4BECDX','SAMSUNG','2022-11-21 04:42:36','2022-11-21 04:42:36'),(208,'VHL16HRD','SAMSUNG','2022-11-21 04:42:56','2022-11-21 04:42:56'),(209,'HI84RSR7','KINGSTON','2022-11-21 04:43:21','2022-11-21 04:43:21'),(210,'0ANS5XZC','ROG STRIX','2022-11-21 04:43:44','2022-11-21 04:43:44'),(211,'QX9VKAR1','GIGABYTE','2022-11-21 04:43:50','2022-11-21 04:43:50'),(212,'IZ7VG57B','GIGABYTE','2022-11-21 04:44:25','2022-11-21 04:44:25'),(213,'DWIEGJER','SEAGATE','2022-11-21 04:44:35','2022-11-21 04:44:35'),(214,'XXIM0M9X','GIGABYTE','2022-11-21 04:44:52','2022-11-21 04:44:52'),(215,'DM3Q18MS','GIGABYTE','2022-11-21 04:45:30','2022-11-21 04:45:30'),(216,'DMLUMXHB','DEEPCOOL','2022-11-21 04:46:00','2022-11-21 04:46:00'),(217,'QNZPMFNGBUP','SEAGATE','2022-11-21 04:46:09','2022-11-21 04:46:09'),(218,'CJV5J37V','SAMSUNG','2022-11-21 04:46:29','2022-11-21 04:46:29'),(219,'F9RHW4SA','PSUSUPPLIER','2022-11-21 04:47:04','2022-11-21 04:47:04'),(220,'OWW3WRQH','SAMSUNG','2022-11-21 04:47:29','2022-11-21 04:47:29'),(221,'O5XOAB0B','KINGSTON','2022-11-21 04:48:00','2022-11-21 04:48:00'),(222,'UKQMS22F','KINGSTON','2022-11-21 04:48:30','2022-11-21 04:48:30'),(223,'1622VXA03YWNTY','PSUSUPPLIERDATE2','2022-11-21 04:48:49','2022-11-21 04:48:49'),(224,'VQ2NW049','KINGSTON','2022-11-21 04:48:54','2022-11-21 04:48:54'),(225,'GRE2MNPU','GIGABYTE','2022-11-21 04:49:18','2022-11-21 04:49:18'),(226,'69FALA8G','GIGABYTE','2022-11-21 04:49:50','2022-11-21 04:49:50'),(227,'1L6STPQL','CHASSISCEBU','2022-11-21 04:49:51','2022-11-21 04:49:51'),(228,'UUPNTRB2','GIGABYTE','2022-11-21 04:50:17','2022-11-21 04:50:17'),(229,'0POG0XWI','CORSAIR','2022-11-21 05:02:51','2022-11-21 05:02:51'),(230,'UK0A926G','COOLMAN','2022-11-21 05:04:52','2022-11-21 05:04:52'),(231,'WTT5B0WJ','BEQUIET','2022-11-21 05:05:36','2022-11-21 05:05:36'),(232,'1QEE5DH9','INWIN','2022-11-21 05:06:03','2022-11-21 05:06:03'),(233,'GAO9UFEK','INWIN','2022-11-21 05:06:18','2022-11-21 05:06:18'),(234,'ZYBLKEXF','INWIN','2022-11-21 05:06:37','2022-11-21 05:06:37'),(235,'W0HN0NAM','INWIN','2022-11-21 05:06:56','2022-11-21 05:06:56'),(236,'R3Z912QQ','COOLER MASTER','2022-11-21 05:07:27','2022-11-21 05:07:27'),(237,'A9I9WLDB','COOLER MASTER','2022-11-21 05:08:14','2022-11-21 05:08:14'),(238,'GJT3YED3','COOLER MASTER','2022-11-21 05:08:42','2022-11-21 05:08:42'),(239,'GZNIWYGJ','CORSAIR','2022-11-21 05:09:03','2022-11-21 05:09:03'),(240,'M6KVQ7BY','ASUS','2022-11-21 05:14:31','2022-11-21 05:14:31'),(241,'0IL2TYVA','ASUS','2022-11-21 05:15:04','2022-11-21 05:15:04'),(242,'YLDAU9JM','VIEW SONIC','2022-11-21 05:15:44','2022-11-21 05:15:44'),(243,'PAZVOY39','MSI','2022-11-21 05:16:36','2022-11-21 05:16:36'),(244,'1HXT1FJ7','SAMSUNG','2022-11-21 05:16:58','2022-11-21 05:16:58'),(245,'2M8XN9QH','TRANSCEND','2022-11-21 05:18:06','2022-11-21 05:18:06'),(246,'NOAC7533','KINGSTON','2022-11-21 05:18:31','2022-11-21 05:18:31'),(247,'TVPI4I9H','KINGSTON','2022-11-21 05:19:01','2022-11-21 05:19:01'),(248,'DNAEW9J5','KINGSTON','2022-11-21 05:19:23','2022-11-21 05:19:23'),(249,'BEADI2DN','GSKILL','2022-11-21 05:19:48','2022-11-21 05:19:48'),(250,'00W66WHT','HYPER K','2022-11-21 05:20:27','2022-11-21 05:20:27'),(251,'U54U24JH','ADATA','2022-11-21 05:21:00','2022-11-21 05:21:00'),(252,'2T6A7KY0','AOC','2022-11-21 05:21:36','2022-11-21 05:21:36'),(253,'HEO0C9PV','GIGABYTE','2022-11-21 05:21:56','2022-11-21 05:21:56'),(254,'WQP3H2U6','ADATA','2022-11-21 05:22:22','2022-11-21 05:22:22'),(255,'LJOP7R7H','AOPEN','2022-11-21 05:22:24','2022-11-21 05:22:24'),(256,'VDDSYOQD','SEASONIC','2022-11-21 05:22:48','2022-11-21 05:22:48'),(257,'9X0MS7LJ','SEASONIC','2022-11-21 05:23:11','2022-11-21 05:23:11'),(258,'101','CPU','2022-11-21 09:49:10','2022-11-21 09:49:10');
/*!40000 ALTER TABLE `sku_profiles` ENABLE KEYS */;
UNLOCK TABLES;

--
-- Table structure for table `stocks`
--

DROP TABLE IF EXISTS `stocks`;
/*!40101 SET @saved_cs_client     = @@character_set_client */;
/*!50503 SET character_set_client = utf8mb4 */;
CREATE TABLE `stocks` (
  `id` bigint unsigned NOT NULL AUTO_INCREMENT,
  `sku` varchar(255) CHARACTER SET utf8mb4 COLLATE utf8mb4_unicode_ci NOT NULL,
  `stocks` int NOT NULL DEFAULT '0',
  `product_id` bigint unsigned NOT NULL,
  `created_at` timestamp NULL DEFAULT NULL,
  `updated_at` timestamp NULL DEFAULT NULL,
  PRIMARY KEY (`id`),
  KEY `stocks_product_id_foreign` (`product_id`),
  CONSTRAINT `stocks_product_id_foreign` FOREIGN KEY (`product_id`) REFERENCES `products` (`id`)
) ENGINE=InnoDB AUTO_INCREMENT=494 DEFAULT CHARSET=utf8mb4 COLLATE=utf8mb4_unicode_ci;
/*!40101 SET character_set_client = @saved_cs_client */;

--
-- Dumping data for table `stocks`
--

LOCK TABLES `stocks` WRITE;
/*!40000 ALTER TABLE `stocks` DISABLE KEYS */;
INSERT INTO `stocks` VALUES (166,'CKSO2OJX',5,584,'2022-11-20 19:00:53','2022-11-20 19:00:53'),(167,'TAMF5A3O',5,581,'2022-11-20 19:01:22','2022-11-20 19:01:22'),(168,'9SSA5FK9',5,735,'2022-11-20 19:06:23','2022-11-20 19:06:23'),(169,'CNG6U9IC',5,733,'2022-11-20 19:07:47','2022-11-20 19:07:47'),(170,'1CGL16Z4',10,730,'2022-11-20 19:08:34','2022-11-20 19:08:34'),(171,'03AOIVKN',9,727,'2022-11-20 19:09:19','2022-11-21 06:35:58'),(172,'IQL772TU',5,725,'2022-11-20 19:10:24','2022-11-20 19:10:24'),(173,'RZZNH1RE',10,723,'2022-11-20 19:10:59','2022-11-20 19:10:59'),(174,'3W5628U8',6,720,'2022-11-20 19:11:50','2022-11-21 02:04:07'),(175,'0G3H2UTP',28,700,'2022-11-20 19:12:49','2022-11-21 02:11:27'),(176,'03AOIVKN',11,989,'2022-11-21 01:21:11','2022-11-21 04:33:52'),(177,'X7VE961H',3,988,'2022-11-21 03:34:47','2023-03-09 19:58:23'),(178,'OP7RDTWW',5,987,'2022-11-21 03:39:41','2022-11-21 03:39:41'),(179,'J8ZWGZ19',4,986,'2022-11-21 03:40:14','2022-11-21 06:22:48'),(180,'B28FSZAJ',5,985,'2022-11-21 03:40:31','2022-11-21 03:40:31'),(181,'4351Z2G7',5,984,'2022-11-21 03:40:48','2022-11-21 03:40:48'),(182,'Q1JZSHQ2',5,983,'2022-11-21 03:41:05','2022-11-21 03:41:05'),(183,'287YH2KW',9,987,'2022-11-21 03:41:14','2022-11-21 06:22:48'),(184,'KST7MG27',5,982,'2022-11-21 03:41:36','2022-11-21 03:41:36'),(185,'2ACOGBJA',5,981,'2022-11-21 03:41:57','2022-11-21 03:41:57'),(186,'3HURW1GS',5,980,'2022-11-21 03:42:28','2022-11-21 03:42:28'),(187,'HP5LV334',5,975,'2022-11-21 03:42:49','2022-11-21 03:42:49'),(188,'ZUVZYDOP',5,979,'2022-11-21 03:42:55','2022-11-21 03:42:55'),(189,'MKGMCXG6',5,978,'2022-11-21 03:43:39','2022-11-21 03:43:39'),(190,'HSQ913XX',5,979,'2022-11-21 03:44:03','2022-11-21 03:44:03'),(191,'HSQ913XX',5,54,'2022-11-21 03:44:13','2022-11-21 03:44:13'),(192,'X3R3UFR0',5,977,'2022-11-21 03:44:15','2022-11-21 03:44:15'),(193,'MTLQVU5V',5,978,'2022-11-21 03:44:19','2022-11-21 03:44:19'),(194,'BHZNT0SI',5,976,'2022-11-21 03:44:37','2022-11-21 03:44:37'),(195,'F4-4000C18D-16GTZN',4,55,'2022-11-21 03:45:26','2022-12-27 17:49:10'),(196,'309OTDMY',5,975,'2022-11-21 03:45:50','2022-11-21 03:45:50'),(197,'F4-4000C18D-32GTZN',4,57,'2022-11-21 03:46:03','2023-04-03 17:14:09'),(198,'DGMSRRBL',5,974,'2022-11-21 03:46:24','2022-11-21 03:46:24'),(199,'QC6E2MR7',5,973,'2022-11-21 03:47:18','2022-11-21 03:47:18'),(200,'MPW-4001-ACAAN1-PH',5,59,'2022-11-21 03:47:23','2022-11-21 03:47:23'),(201,'IHMNSI3C',5,972,'2022-11-21 03:47:51','2022-11-21 03:47:51'),(202,'VD9YIDM5',5,950,'2022-11-21 03:48:02','2022-11-21 03:48:02'),(203,'225RBV59',5,971,'2022-11-21 03:48:17','2022-11-21 03:48:17'),(204,'8K45L8Q0',5,949,'2022-11-21 03:48:37','2022-11-21 03:48:37'),(205,'ZXPK7G5R',5,969,'2022-11-21 03:48:46','2022-11-21 03:48:46'),(206,'1XGZD71Z',5,968,'2022-11-21 03:49:06','2022-11-21 03:49:06'),(207,'06SSF0CK',5,967,'2022-11-21 03:49:34','2022-11-21 03:49:34'),(208,'OT86416O',5,948,'2022-11-21 03:49:36','2022-11-21 03:49:36'),(209,'I4PR0CQB',5,966,'2022-11-21 03:49:55','2022-11-21 03:49:55'),(210,'5SRME4L7',5,965,'2022-11-21 03:50:13','2022-11-21 03:50:13'),(211,'76CQ1ZQ2',5,946,'2022-11-21 03:50:16','2022-11-21 03:50:16'),(212,'2NPE5GNC',5,964,'2022-11-21 03:50:37','2022-11-21 03:50:37'),(213,'13JD54C0',5,963,'2022-11-21 03:50:59','2022-11-21 03:50:59'),(214,'MZFS80NL',5,945,'2022-11-21 03:50:59','2022-11-21 03:50:59'),(215,'YFT3OG6W',5,962,'2022-11-21 03:51:19','2022-11-21 03:51:19'),(216,'AOBN2YVR',5,944,'2022-11-21 03:51:35','2022-11-21 03:51:35'),(217,'MK0JRWLW',5,961,'2022-11-21 03:51:41','2022-11-21 03:51:41'),(218,'4CF566AB',5,960,'2022-11-21 03:52:13','2022-11-21 03:52:13'),(219,'0MT71VHD',5,942,'2022-11-21 03:52:34','2022-11-21 03:52:34'),(220,'TGSTBX9R',5,940,'2022-11-21 03:53:09','2022-11-21 03:53:09'),(221,'0ELSUKL8',5,959,'2022-11-21 03:53:11','2022-11-21 03:53:11'),(222,'89QNPKDA',5,937,'2022-11-21 03:53:43','2022-11-21 03:53:43'),(223,'N5LPCXRL',5,950,'2022-11-21 03:53:44','2022-11-21 03:53:44'),(224,'IM9CQ8HR',5,949,'2022-11-21 03:54:25','2022-11-21 03:54:25'),(225,'RT4O1TDF',5,936,'2022-11-21 03:54:33','2022-11-21 03:54:33'),(226,'O0637LBJ',5,948,'2022-11-21 03:55:05','2022-11-21 03:55:05'),(227,'U5SESSFR',5,935,'2022-11-21 03:55:25','2022-11-21 03:55:25'),(228,'XWFE7ONL',5,946,'2022-11-21 03:55:36','2022-11-21 03:55:36'),(229,'BP5W0SME',5,945,'2022-11-21 03:55:59','2022-11-21 03:55:59'),(230,'II4WBH5U',5,934,'2022-11-21 03:56:02','2022-11-21 03:56:02'),(231,'KBAU0XWJ',5,944,'2022-11-21 03:56:26','2022-11-21 03:56:26'),(232,'G5XJ8BOI',5,942,'2022-11-21 03:57:06','2022-11-21 03:57:06'),(233,'TDHWCJBU',5,940,'2022-11-21 03:57:24','2022-11-21 03:57:24'),(234,'T8J8O3L7',5,937,'2022-11-21 03:57:53','2022-11-21 03:57:53'),(235,'X4ZXTXZ1',5,936,'2022-11-21 03:58:12','2022-11-21 03:58:12'),(236,'XFTDN4UA',5,935,'2022-11-21 03:58:38','2022-11-21 03:58:38'),(237,'15G6SUL4',5,934,'2022-11-21 03:59:23','2022-11-21 03:59:23'),(238,'LDWJ8KPF',5,933,'2022-11-21 04:00:03','2022-11-21 04:00:03'),(239,'L0LPMY63',5,932,'2022-11-21 04:00:23','2022-11-21 04:00:23'),(240,'VUFWDA1V',5,931,'2022-11-21 04:00:41','2022-11-21 04:00:41'),(241,'5YY9KV67',5,930,'2022-11-21 04:00:58','2022-11-21 04:00:58'),(242,'4SZ12K0V',5,929,'2022-11-21 04:01:15','2022-11-21 04:01:15'),(243,'OKBQ6B1O',5,933,'2022-11-21 04:01:20','2022-11-21 04:01:20'),(244,'ZSMTX34U',5,60,'2022-11-21 04:01:47','2022-11-21 04:01:47'),(245,'M3AIEVD6',5,928,'2022-11-21 04:01:51','2022-11-21 04:01:51'),(246,'U7EZ4LIE',5,925,'2022-11-21 04:02:29','2022-11-21 04:02:29'),(247,'Y9CNP6PE',5,922,'2022-11-21 04:02:46','2022-11-21 04:02:46'),(248,'UKCG00QL',5,920,'2022-11-21 04:03:04','2022-11-21 04:03:04'),(249,'JW5XMT7T',5,919,'2022-11-21 04:03:34','2022-11-21 04:03:34'),(250,'NJG9DTUW',5,918,'2022-11-21 04:04:05','2022-11-21 04:04:05'),(251,'HEP0EKVT',5,917,'2022-11-21 04:04:24','2022-11-21 04:04:24'),(252,'TY4P7SAH',5,916,'2022-11-21 04:04:45','2022-11-21 04:04:45'),(253,'DC13SKCZ',5,913,'2022-11-21 04:05:07','2022-11-21 04:05:07'),(254,'B33Z01EI',5,912,'2022-11-21 04:05:30','2022-11-21 04:05:30'),(255,'R99DMD4D',5,908,'2022-11-21 04:05:56','2022-11-21 04:05:56'),(256,'ICP3GI3E',5,904,'2022-11-21 04:06:17','2022-11-21 04:06:17'),(257,'M28R5A0Z',5,827,'2022-11-21 04:06:47','2022-11-21 04:06:47'),(258,'THYH10HY',5,826,'2022-11-21 04:07:52','2022-11-21 04:07:52'),(259,'P3VX59VP',5,891,'2022-11-21 04:08:07','2022-11-21 04:08:07'),(260,'5QQZ78UJ',5,821,'2022-11-21 04:08:18','2022-11-21 04:08:18'),(261,'PDDPJQTN',5,816,'2022-11-21 04:08:50','2022-11-21 04:08:50'),(262,'ZCVFAVS2',5,815,'2022-11-21 04:09:25','2022-11-21 04:09:25'),(263,'JARYG0QY',5,807,'2022-11-21 04:09:56','2022-11-21 04:09:56'),(264,'ATNENE5N',5,890,'2022-11-21 04:10:03','2022-11-21 04:10:03'),(265,'JMUNLLQV',5,786,'2022-11-21 04:10:10','2022-11-21 04:10:10'),(266,'1X29EMX5',5,802,'2022-11-21 04:10:23','2022-11-21 04:10:23'),(267,'KN0JJL2I',5,883,'2022-11-21 04:10:41','2022-11-21 04:10:41'),(268,'G9JOIVPF',5,767,'2022-11-21 04:10:43','2022-11-21 04:10:43'),(269,'8W738T2F',5,802,'2022-11-21 04:11:00','2022-11-21 04:11:00'),(270,'WS6XA8RM',5,765,'2022-11-21 04:11:11','2022-11-21 04:11:11'),(271,'7C4UQWXL',5,800,'2022-11-21 04:11:35','2022-11-21 04:11:35'),(272,'LUUSXBHI',5,828,'2022-11-21 04:11:46','2022-11-21 04:11:46'),(273,'1M7R8YS1',5,880,'2022-11-21 04:11:49','2022-11-21 04:11:49'),(274,'LUUSXBHI',5,999,'2022-11-21 04:11:54','2022-11-21 04:11:54'),(275,'LUUSXBHI',5,827,'2022-11-21 04:12:02','2022-11-21 04:12:02'),(276,'LUUSXBHI',5,826,'2022-11-21 04:12:08','2022-11-21 04:12:08'),(277,'5SDUXXN1',5,797,'2022-11-21 04:12:17','2022-11-21 04:12:17'),(278,'WS6XA8RM',5,759,'2022-11-21 04:12:21','2022-11-21 04:12:21'),(279,'WS6XA8RM',5,762,'2022-11-21 04:12:35','2022-11-21 04:12:35'),(280,'6YI1DM3L',5,874,'2022-11-21 04:12:36','2022-11-21 04:12:36'),(281,'WI4LUB8N',5,796,'2022-11-21 04:12:50','2022-11-21 04:12:50'),(282,'WS6XA8RM',5,787,'2022-11-21 04:13:08','2022-11-21 04:13:08'),(283,'WS6XA8RM',5,786,'2022-11-21 04:13:14','2022-11-21 04:13:14'),(284,'WI4LUB8N',5,794,'2022-11-21 04:13:28','2022-11-21 04:13:28'),(285,'GFDWKE3W',5,796,'2022-11-21 04:13:30','2022-11-21 04:13:30'),(286,'WI4LUB8N',5,788,'2022-11-21 04:13:36','2022-11-21 04:13:36'),(287,'GFDWKE3W',5,791,'2022-11-21 04:13:49','2022-11-21 04:13:49'),(288,'SRW7GE9I',5,785,'2022-11-21 04:14:30','2022-11-21 04:14:30'),(289,'Y05S5O6W',5,872,'2022-11-21 04:14:32','2022-11-21 04:14:32'),(290,'IOF0JW30',5,765,'2022-11-21 04:15:03','2022-11-21 04:15:03'),(291,'RQ5K0Y1S',5,784,'2022-11-21 04:15:09','2022-11-21 04:15:09'),(292,'UL5CVCMJ',5,783,'2022-11-21 04:15:37','2022-11-21 04:15:37'),(293,'VIQUPFAB',5,740,'2022-11-21 04:15:38','2022-11-21 04:15:38'),(294,'VIQUPFAB',5,520,'2022-11-21 04:15:43','2022-11-21 04:15:43'),(295,'VIQUPFAB',5,737,'2022-11-21 04:16:02','2022-11-21 04:16:02'),(296,'VIQUPFAB',5,584,'2022-11-21 04:16:09','2022-11-21 04:16:09'),(297,'6D67SJEI',5,782,'2022-11-21 04:16:11','2022-11-21 04:16:11'),(298,'KZNWF209',5,763,'2022-11-21 04:16:39','2022-11-21 04:16:39'),(299,'KZNWF209',5,760,'2022-11-21 04:16:45','2022-11-21 04:16:45'),(300,'Q218UPWI',5,780,'2022-11-21 04:16:50','2022-11-21 04:16:50'),(301,'NSJXHBU7',5,871,'2022-11-21 04:16:52','2022-11-21 04:16:52'),(302,'6D67SJEI',5,762,'2022-11-21 04:17:02','2022-11-21 04:17:02'),(303,'6D67SJEI',5,761,'2022-11-21 04:17:11','2022-11-21 04:17:11'),(304,'2HW08FJV',5,858,'2022-11-21 04:17:30','2022-11-21 04:17:30'),(305,'NWJX79WJ',4,778,'2022-11-21 04:17:32','2022-11-21 06:35:58'),(306,'6D67SJEI',5,778,'2022-11-21 04:17:33','2022-11-21 04:17:33'),(307,'6D67SJEI',5,764,'2022-11-21 04:17:38','2022-11-21 04:17:38'),(308,'VIQUPFAB',5,751,'2022-11-21 04:17:58','2022-11-21 04:17:58'),(309,'VIQUPFAB',5,521,'2022-11-21 04:18:02','2022-11-21 04:18:02'),(310,'E0FQPM5P',5,858,'2022-11-21 04:18:12','2022-11-21 04:18:12'),(311,'R4BIKN1G',5,777,'2022-11-21 04:18:19','2022-11-21 04:18:19'),(312,'6YI1DM3L',5,700,'2022-11-21 04:18:25','2022-11-21 04:18:25'),(313,'6YI1DM3L',5,698,'2022-11-21 04:18:33','2022-11-21 04:18:33'),(314,'0GRJ6T7P',4,857,'2022-11-21 04:18:46','2022-11-21 06:35:13'),(315,'6YI1DM3L',5,674,'2022-11-21 04:18:52','2022-11-21 04:18:52'),(316,'6YI1DM3L',5,669,'2022-11-21 04:19:04','2022-11-21 04:19:04'),(317,'W4MMH03G',5,776,'2022-11-21 04:19:06','2022-11-21 04:19:06'),(318,'SB7BG5FX',5,855,'2022-11-21 04:19:22','2022-11-21 04:19:22'),(319,'AJYLQR1T',5,659,'2022-11-21 04:19:32','2022-11-21 04:19:32'),(320,'AJYLQR1T',5,658,'2022-11-21 04:19:37','2022-11-21 04:19:37'),(321,'R0Y16JCJ',5,774,'2022-11-21 04:20:04','2022-11-21 04:20:04'),(322,'L5Z809DX',5,854,'2022-11-21 04:20:12','2022-11-21 04:20:12'),(323,'QXGNEMOB',5,851,'2022-11-21 04:20:58','2022-11-21 04:20:58'),(324,'3DK2RS9N',5,773,'2022-11-21 04:20:58','2022-11-21 04:20:58'),(325,'JA9QCWXL',5,828,'2022-11-21 04:21:28','2022-11-21 04:21:28'),(326,'HO3H3X3F',5,645,'2022-11-21 04:21:31','2022-11-21 04:21:31'),(327,'HO3H3X3F',5,642,'2022-11-21 04:21:37','2022-11-21 04:21:37'),(328,'HO3H3X3F',5,497,'2022-11-21 04:21:44','2022-11-21 04:21:44'),(329,'HO3H3X3F',5,637,'2022-11-21 04:21:53','2022-11-21 04:21:53'),(330,'MCSCP4V1',5,827,'2022-11-21 04:21:58','2022-11-21 04:21:58'),(331,'HO3H3X3F',5,635,'2022-11-21 04:21:58','2022-11-21 04:21:58'),(332,'HO3H3X3F',5,639,'2022-11-21 04:22:06','2022-11-21 04:22:06'),(333,'MVTUHGHU',5,826,'2022-11-21 04:22:28','2022-11-21 04:22:28'),(334,'2I0JWC94ROCK',5,624,'2022-11-21 04:22:58','2022-11-21 04:22:58'),(335,'2I0JWC94ROCK',5,620,'2022-11-21 04:23:04','2022-11-21 04:23:04'),(336,'2I0JWC94ROCK',5,619,'2022-11-21 04:23:12','2022-11-21 04:23:12'),(337,'2I0JWC94ROCK',5,616,'2022-11-21 04:23:16','2022-11-21 04:23:16'),(338,'2I0JWC94ROCK',5,488,'2022-11-21 04:23:20','2022-11-21 04:23:20'),(339,'0RI4Y2UC',5,821,'2022-11-21 04:23:43','2022-11-21 04:23:43'),(340,'H0I9CCMI',5,771,'2022-11-21 04:24:10','2022-11-21 04:24:10'),(341,'H78X4EMQ',5,816,'2022-11-21 04:24:20','2022-11-21 04:24:20'),(342,'A2DIPYA4',5,815,'2022-11-21 04:25:00','2022-11-21 04:25:00'),(343,'PV0OLJ8N',5,807,'2022-11-21 04:25:25','2022-11-21 04:25:25'),(344,'WW648KRE',5,802,'2022-11-21 04:25:56','2022-11-21 04:25:56'),(345,'G823PA63',5,800,'2022-11-21 04:26:30','2022-11-21 04:26:30'),(346,'W2DQ6TKS',5,770,'2022-11-21 04:27:00','2022-11-21 04:27:00'),(347,'OUPXWHOM',5,768,'2022-11-21 04:29:11','2022-11-21 04:29:11'),(348,'6A3G8NJC',5,521,'2022-11-21 04:29:55','2022-11-21 04:29:55'),(349,'3MMNZ2A5',5,650,'2022-11-21 04:30:28','2022-11-21 04:30:28'),(350,'0Z8P5WB6',5,552,'2022-11-21 04:31:01','2022-11-21 04:31:01'),(351,'SNYA1QXT',5,648,'2022-11-21 04:31:25','2022-11-21 04:31:25'),(352,'3MMNZ2A5',5,551,'2022-11-21 04:31:59','2022-11-21 04:31:59'),(353,'FF5WF1U0',5,679,'2022-11-21 04:32:24','2022-11-21 04:32:24'),(354,'3MMNZ2A5',5,547,'2022-11-21 04:33:13','2022-11-21 04:33:13'),(355,'3MMNZ2A5',5,543,'2022-11-21 04:33:19','2022-11-21 04:33:19'),(356,'3MMNZ2A5',5,500,'2022-11-21 04:33:28','2022-11-21 04:33:28'),(357,'SNYA1QXT',5,531,'2022-11-21 04:33:44','2022-11-21 04:33:44'),(358,'SNYA1QXT',5,523,'2022-11-21 04:33:56','2022-11-21 04:33:56'),(359,'VIQUPFAB',5,519,'2022-11-21 04:34:20','2022-11-21 04:34:20'),(360,'VIQUPFAB',5,518,'2022-11-21 04:34:24','2022-11-21 04:34:24'),(361,'H5MV3AYQ',5,511,'2022-11-21 04:34:26','2022-11-21 04:34:26'),(362,'VIQUPFAB',5,517,'2022-11-21 04:34:28','2022-11-21 04:34:28'),(363,'VIQUPFAB',5,516,'2022-11-21 04:34:51','2022-11-21 04:34:51'),(364,'VIQUPFAB',5,515,'2022-11-21 04:35:14','2022-11-21 04:35:14'),(365,'EWNHGQ5Z',5,510,'2022-11-21 04:35:19','2022-11-21 04:35:19'),(366,'VIQUPFAB',5,514,'2022-11-21 04:35:28','2022-11-21 04:35:28'),(367,'VIQUPFAB',5,513,'2022-11-21 04:35:36','2022-11-21 04:35:36'),(368,'V2Z32C98',5,507,'2022-11-21 04:36:00','2022-11-21 04:36:00'),(369,'V2Z32C98',5,508,'2022-11-21 04:36:03','2022-11-21 04:36:03'),(370,'V2Z32C98',5,505,'2022-11-21 04:36:11','2022-11-21 04:36:11'),(371,'V2Z32C98',5,502,'2022-11-21 04:36:18','2022-11-21 04:36:18'),(372,'SNYA1QXT',5,497,'2022-11-21 04:36:45','2022-11-21 04:36:45'),(373,'SNYA1QXT',5,496,'2022-11-21 04:36:55','2022-11-21 04:36:55'),(374,'SNYA1QXT',5,494,'2022-11-21 04:37:03','2022-11-21 04:37:03'),(375,'JQ6SRG6W',5,462,'2022-11-21 04:37:03','2022-11-21 04:37:03'),(376,'SNYA1QXT',5,493,'2022-11-21 04:37:10','2022-11-21 04:37:10'),(377,'SNYA1QXT',5,508,'2022-11-21 04:37:45','2022-11-21 04:37:45'),(378,'GC92SKKV',5,459,'2022-11-21 04:37:51','2022-11-21 04:37:51'),(379,'SNYA1QXT',5,490,'2022-11-21 04:37:54','2022-11-21 04:37:54'),(380,'2JQY11ND',5,456,'2022-11-21 04:38:18','2022-11-21 04:38:18'),(381,'LIFETIMEWARRANTYAVKMC87C',5,449,'2022-11-21 04:38:54','2022-11-21 04:38:54'),(382,'LIFETIMEWARRANTYAVKMC87C',5,448,'2022-11-21 04:38:59','2022-11-21 04:38:59'),(383,'LIFETIMEWARRANTYAVKMC87C',5,447,'2022-11-21 04:39:04','2022-11-21 04:39:04'),(384,'LIFETIMEWARRANTYAVKMC87C',5,446,'2022-11-21 04:39:11','2022-11-21 04:39:11'),(385,'LIFETIMEWARRANTYAVKMC87C',5,445,'2022-11-21 04:39:17','2022-11-21 04:39:17'),(386,'5RI6UIDA',4,449,'2022-11-21 04:40:09','2022-11-21 04:40:09'),(387,'J370VS9J',5,429,'2022-11-21 04:40:47','2022-11-21 04:40:47'),(388,'J370VS9J',5,397,'2022-11-21 04:40:58','2022-11-21 04:40:58'),(389,'J370VS9J',5,363,'2022-11-21 04:41:05','2022-11-21 04:41:05'),(390,'J370VS9J',5,361,'2022-11-21 04:41:12','2022-11-21 04:41:12'),(391,'J370VS9J',5,428,'2022-11-21 04:41:20','2022-11-21 04:41:20'),(392,'J370VS9J',5,427,'2022-11-21 04:41:26','2022-11-21 04:41:26'),(393,'J370VS9J',5,425,'2022-11-21 04:41:32','2022-11-21 04:41:32'),(394,'9WHPEBUP',5,448,'2022-11-21 04:41:54','2022-11-21 04:41:54'),(395,'ZLGZC915',5,966,'2022-11-21 04:42:08','2022-11-21 04:42:08'),(396,'ZLGZC915',5,446,'2022-11-21 04:42:11','2022-11-21 04:42:11'),(397,'ZLGZC915',5,428,'2022-11-21 04:42:15','2022-11-21 04:42:15'),(398,'ZLGZC915',5,363,'2022-11-21 04:42:21','2022-11-21 04:42:21'),(399,'ZLGZC915',5,352,'2022-11-21 04:42:25','2022-11-21 04:42:25'),(400,'RB792DCP',5,447,'2022-11-21 04:42:25','2022-11-21 04:42:25'),(401,'ZLGZC915',5,331,'2022-11-21 04:42:33','2022-11-21 04:42:33'),(402,'PY4BECDX',5,446,'2022-11-21 04:42:48','2022-11-21 04:42:48'),(403,'ZLGZC915',5,342,'2022-11-21 04:42:48','2022-11-21 04:42:48'),(404,'ZLGZC915',5,345,'2022-11-21 04:42:54','2022-11-21 04:42:54'),(405,'ZLGZC915',5,340,'2022-11-21 04:42:59','2022-11-21 04:42:59'),(406,'VHL16HRD',5,445,'2022-11-21 04:43:07','2022-11-21 04:43:07'),(407,'HI84RSR7',5,431,'2022-11-21 04:43:35','2022-11-21 04:43:35'),(408,'0ANS5XZC',5,333,'2022-11-21 04:43:53','2022-11-21 04:43:53'),(409,'0ANS5XZC',5,332,'2022-11-21 04:44:00','2022-11-21 04:44:00'),(410,'0ANS5XZC',5,331,'2022-11-21 04:44:06','2022-11-21 04:44:06'),(411,'QX9VKAR1',5,429,'2022-11-21 04:44:10','2022-11-21 04:44:10'),(412,'0ANS5XZC',5,330,'2022-11-21 04:44:11','2022-11-21 04:44:11'),(413,'0ANS5XZC',5,329,'2022-11-21 04:44:20','2022-11-21 04:44:20'),(414,'0ANS5XZC',5,327,'2022-11-21 04:44:25','2022-11-21 04:44:25'),(415,'DWIEGJER',5,307,'2022-11-21 04:44:43','2022-11-21 04:44:43'),(416,'IZ7VG57B',5,428,'2022-11-21 04:44:43','2022-11-21 04:44:43'),(417,'DWIEGJER',5,306,'2022-11-21 04:44:52','2022-11-21 04:44:52'),(418,'DWIEGJER',5,305,'2022-11-21 04:44:57','2022-11-21 04:44:57'),(419,'DWIEGJER',5,966,'2022-11-21 04:45:04','2022-11-21 04:45:04'),(420,'DWIEGJER',5,965,'2022-11-21 04:45:08','2022-11-21 04:45:08'),(421,'DWIEGJER',5,301,'2022-11-21 04:45:14','2022-11-21 04:45:14'),(422,'XXIM0M9X',5,427,'2022-11-21 04:45:15','2022-11-21 04:45:15'),(423,'DWIEGJER',5,300,'2022-11-21 04:45:18','2022-11-21 04:45:18'),(424,'DWIEGJER',5,299,'2022-11-21 04:45:23','2022-11-21 04:45:23'),(425,'DWIEGJER',5,298,'2022-11-21 04:45:27','2022-11-21 04:45:27'),(426,'DWIEGJER',5,297,'2022-11-21 04:45:40','2022-11-21 04:45:40'),(427,'DWIEGJER',5,296,'2022-11-21 04:45:45','2022-11-21 04:45:45'),(428,'DM3Q18MS',5,425,'2022-11-21 04:45:48','2022-11-21 04:45:48'),(429,'QNZPMFNGBUP',5,294,'2022-11-21 04:46:17','2022-11-21 04:46:17'),(430,'DMLUMXHB',5,397,'2022-11-21 04:46:17','2022-11-21 04:46:17'),(431,'QNZPMFNGBUP',5,293,'2022-11-21 04:46:20','2022-11-21 04:46:20'),(432,'QNZPMFNGBUP',5,292,'2022-11-21 04:46:24','2022-11-21 04:46:24'),(433,'QNZPMFNGBUP',5,295,'2022-11-21 04:46:37','2022-11-21 04:46:37'),(434,'CJV5J37V',5,363,'2022-11-21 04:46:56','2022-11-21 04:46:56'),(435,'F9RHW4SA',5,266,'2022-11-21 04:47:14','2022-11-21 04:47:14'),(436,'F9RHW4SA',5,262,'2022-11-21 04:47:19','2022-11-21 04:47:19'),(437,'F9RHW4SA',5,231,'2022-11-21 04:47:30','2022-11-21 04:47:30'),(438,'F9RHW4SA',5,210,'2022-11-21 04:47:35','2022-11-21 04:47:35'),(439,'F9RHW4SA',5,203,'2022-11-21 04:47:43','2022-11-21 04:47:43'),(440,'OWW3WRQH',5,354,'2022-11-21 04:47:47','2022-11-21 04:47:47'),(441,'F9RHW4SA',5,199,'2022-11-21 04:47:50','2022-11-21 04:47:50'),(442,'F9RHW4SA',5,194,'2022-11-21 04:47:59','2022-11-21 04:47:59'),(443,'O5XOAB0B',5,352,'2022-11-21 04:48:11','2022-11-21 04:48:11'),(444,'F9RHW4SA',5,190,'2022-11-21 04:48:14','2022-11-21 04:48:14'),(445,'UKQMS22F',5,349,'2022-11-21 04:48:43','2022-11-21 04:48:43'),(446,'1622VXA03YWNTY',5,188,'2022-11-21 04:48:58','2022-11-21 04:48:58'),(447,'1622VXA03YWNTY',5,183,'2022-11-21 04:49:04','2022-11-21 04:49:04'),(448,'VQ2NW049',5,346,'2022-11-21 04:49:09','2022-11-21 04:49:09'),(449,'1622VXA03YWNTY',5,182,'2022-11-21 04:49:09','2022-11-21 04:49:09'),(450,'1622VXA03YWNTY',5,180,'2022-11-21 04:49:16','2022-11-21 04:49:16'),(451,'1622VXA03YWNTY',5,178,'2022-11-21 04:49:21','2022-11-21 04:49:21'),(452,'1622VXA03YWNTY',5,177,'2022-11-21 04:49:26','2022-11-21 04:49:26'),(453,'1622VXA03YWNTY',5,170,'2022-11-21 04:49:32','2022-11-21 04:49:32'),(454,'1622VXA03YWNTY',5,169,'2022-11-21 04:49:39','2022-11-21 04:49:39'),(455,'GRE2MNPU',5,345,'2022-11-21 04:49:40','2022-11-21 04:49:40'),(456,'1622VXA03YWNTY',5,168,'2022-11-21 04:49:42','2022-11-21 04:49:42'),(457,'1L6STPQL',5,159,'2022-11-21 04:50:06','2022-11-21 04:50:06'),(458,'69FALA8G',5,342,'2022-11-21 04:50:07','2022-11-21 04:50:07'),(459,'1L6STPQL',5,162,'2022-11-21 04:50:13','2022-11-21 04:50:13'),(460,'1L6STPQL',5,158,'2022-11-21 04:50:19','2022-11-21 04:50:19'),(461,'1L6STPQL',5,164,'2022-11-21 04:50:30','2022-11-21 04:50:30'),(462,'UUPNTRB2',5,341,'2022-11-21 04:50:37','2022-11-21 04:50:37'),(463,'0POG0XWI',5,158,'2022-11-21 05:03:10','2022-11-21 05:03:10'),(464,'UK0A926G',5,157,'2022-11-21 05:05:04','2022-11-21 05:05:04'),(465,'WTT5B0WJ',5,155,'2022-11-21 05:05:50','2022-11-21 05:05:50'),(466,'1QEE5DH9',3,153,'2022-11-21 05:06:12','2022-11-21 05:06:12'),(467,'GAO9UFEK',1,152,'2022-11-21 05:06:28','2022-11-21 05:06:28'),(468,'ZYBLKEXF',4,151,'2022-11-21 05:06:49','2022-11-21 05:06:49'),(469,'W0HN0NAM',3,150,'2022-11-21 05:07:08','2022-11-21 05:07:08'),(470,'R3Z912QQ',3,149,'2022-11-21 05:08:02','2022-11-21 05:08:02'),(471,'A9I9WLDB',1,147,'2022-11-21 05:08:33','2022-11-21 05:08:33'),(472,'GJT3YED3',2,145,'2022-11-21 05:08:54','2022-11-21 05:08:54'),(473,'GZNIWYGJ',2,144,'2022-11-21 05:09:13','2022-11-21 05:09:13'),(474,'M6KVQ7BY',4,1005,'2022-11-21 05:14:51','2023-03-13 07:03:07'),(475,'0IL2TYVA',5,1002,'2022-11-21 05:15:19','2022-11-21 05:15:19'),(476,'YLDAU9JM',5,1003,'2022-11-21 05:15:56','2022-11-21 05:15:56'),(477,'PAZVOY39',5,1004,'2022-11-21 05:16:49','2022-11-21 05:16:49'),(478,'1HXT1FJ7',1,1006,'2022-11-21 05:17:15','2023-03-13 07:03:07'),(479,'2M8XN9QH',2,140,'2022-11-21 05:18:20','2022-11-21 05:18:20'),(480,'NOAC7533',2,134,'2022-11-21 05:18:50','2022-11-21 05:18:50'),(481,'TVPI4I9H',2,130,'2022-11-21 05:19:15','2022-11-21 05:19:15'),(482,'DNAEW9J5',2,126,'2022-11-21 05:19:37','2022-11-21 05:19:37'),(483,'BEADI2DN',5,123,'2022-11-21 05:20:03','2022-11-21 05:20:03'),(484,'00W66WHT',1,989,'2022-11-21 05:20:46','2022-11-21 05:20:46'),(485,'U54U24JH',3,116,'2022-11-21 05:21:23','2022-11-21 05:21:23'),(486,'2T6A7KY0',4,1008,'2022-11-21 05:21:49','2022-11-21 09:34:26'),(487,'HEO0C9PV',2,114,'2022-11-21 05:22:12','2022-11-21 05:22:12'),(488,'LJOP7R7H',4,1007,'2022-11-21 05:22:38','2023-03-13 07:03:07'),(489,'WQP3H2U6',4,100,'2022-11-21 05:22:40','2022-11-21 05:22:40'),(490,'VDDSYOQD',2,85,'2022-11-21 05:23:02','2022-11-21 05:23:02'),(491,'9X0MS7LJ',5,84,'2022-11-21 05:23:24','2022-11-21 06:41:16'),(492,'101',0,1009,'2022-11-21 09:49:33','2022-11-21 09:57:03'),(493,'101',100,1008,'2022-11-21 09:49:58','2022-12-08 10:05:22');
/*!40000 ALTER TABLE `stocks` ENABLE KEYS */;
UNLOCK TABLES;

--
-- Table structure for table `users`
--

DROP TABLE IF EXISTS `users`;
/*!40101 SET @saved_cs_client     = @@character_set_client */;
/*!50503 SET character_set_client = utf8mb4 */;
CREATE TABLE `users` (
  `id` bigint unsigned NOT NULL AUTO_INCREMENT,
  `name` varchar(255) CHARACTER SET utf8mb4 COLLATE utf8mb4_unicode_ci NOT NULL,
  `email` varchar(255) CHARACTER SET utf8mb4 COLLATE utf8mb4_unicode_ci NOT NULL,
  `email_verified_at` timestamp NULL DEFAULT NULL,
  `password` varchar(255) CHARACTER SET utf8mb4 COLLATE utf8mb4_unicode_ci NOT NULL,
  `remember_token` varchar(100) CHARACTER SET utf8mb4 COLLATE utf8mb4_unicode_ci DEFAULT NULL,
  `created_at` timestamp NULL DEFAULT NULL,
  `updated_at` timestamp NULL DEFAULT NULL,
  PRIMARY KEY (`id`),
  UNIQUE KEY `users_email_unique` (`email`)
) ENGINE=InnoDB DEFAULT CHARSET=utf8mb4 COLLATE=utf8mb4_unicode_ci;
/*!40101 SET character_set_client = @saved_cs_client */;

--
-- Dumping data for table `users`
--

LOCK TABLES `users` WRITE;
/*!40000 ALTER TABLE `users` DISABLE KEYS */;
/*!40000 ALTER TABLE `users` ENABLE KEYS */;
UNLOCK TABLES;
/*!40103 SET TIME_ZONE=@OLD_TIME_ZONE */;

/*!40101 SET SQL_MODE=@OLD_SQL_MODE */;
/*!40014 SET FOREIGN_KEY_CHECKS=@OLD_FOREIGN_KEY_CHECKS */;
/*!40014 SET UNIQUE_CHECKS=@OLD_UNIQUE_CHECKS */;
/*!40101 SET CHARACTER_SET_CLIENT=@OLD_CHARACTER_SET_CLIENT */;
/*!40101 SET CHARACTER_SET_RESULTS=@OLD_CHARACTER_SET_RESULTS */;
/*!40101 SET COLLATION_CONNECTION=@OLD_COLLATION_CONNECTION */;
/*!40111 SET SQL_NOTES=@OLD_SQL_NOTES */;

-- Dump completed on 2023-04-20 10:07:28
